Destination Port,Flow Duration,Total Fwd Packets,Total Backward Packets,Total Length of Fwd Packets,Total Length of Bwd Packets,Fwd Packet Length Mean,Bwd Packet Length Mean,Flow Bytes/s,Flow Packets/s,Label
53,23632,1,1,69,85,69.0,85.0,6516.587678,84.6310088,BENIGN
2601,73,1,1,0,6,0.0,6.0,82191.78082,27397.26027,PortScan
53,30777,4,2,132,122,33.0,61.0,8252.916139,194.9507749,BENIGN
443,177231,15,15,855,21887,57.0,1459.133333,128318.4093,169.2706129,BENIGN
1093,44,1,1,2,6,2.0,6.0,181818.1818,45454.54545,PortScan
21,9494989,9,15,102,188,11.33333333,12.53333333,30.54242612,2.527649058,FTP-Patator
80,78454706,8,6,56,11601,7.0,1933.5,148.5825465,0.178446912,DDoS
80,100052,3,5,26,11601,8.666666667,2320.2,116209.571,79.95842162,DDoS
21,221,2,1,14,0,7.0,0.0,63348.41629,13574.66063,FTP-Patator
21,8337029,9,15,131,188,14.55555556,12.53333333,38.26303111,2.878723344,FTP-Patator
80,46288,3,4,26,11601,8.666666667,2900.25,251188.2129,151.2270999,DDoS
9091,43,1,1,2,6,2.0,6.0,186046.5116,46511.62791,PortScan
80,75015201,8,6,56,11607,7.0,1934.5,155.475155,0.186628841,DDoS
80,6062830,4,0,24,0,6.0,0.0,3.958547411,0.659757902,DDoS
21,8897407,9,15,125,188,13.88888889,12.53333333,35.17878861,2.697415101,FTP-Patator
1080,47,1,1,0,6,0.0,6.0,127659.5745,42553.19149,PortScan
21,16,2,0,14,0,7.0,0.0,875000.0,125000.0,FTP-Patator
80,5214928,3,1,0,0,0.0,0.0,0.0,0.767028807,BENIGN
80,62620,3,4,26,11601,8.666666667,2900.25,185675.503,111.7853721,DDoS
22,76,1,1,0,0,0.0,0.0,0.0,26315.78947,SSH-Patator
1095,15,1,1,0,6,0.0,6.0,400000.0,133333.3333,PortScan
22,13124920,21,32,2008,2745,95.61904762,85.78125,362.1355406,4.038119851,SSH-Patator
21,258,2,1,14,0,7.0,0.0,54263.56589,11627.90698,FTP-Patator
80,1208182,3,4,26,11607,8.666666667,2901.75,9628.516233,5.793829075,DDoS
21,9068990,9,15,119,188,13.22222222,12.53333333,33.85161964,2.646380688,FTP-Patator
80,506556,4,0,24,0,6.0,0.0,47.37876957,7.896461596,DDoS
53,246075,4,2,128,210,32.0,105.0,1373.56497,24.38281012,BENIGN
53,5080665,2,2,138,238,69.0,119.0,74.00606023,0.787298513,BENIGN
80,71721129,8,4,56,11601,7.0,2900.25,162.5322992,0.167314711,DDoS
8977,18,1,1,6,6,6.0,6.0,666666.6667,111111.1111,BENIGN
22,12933888,22,33,2008,2745,91.27272727,83.18181818,367.4842399,4.252394949,SSH-Patator
53,23891,1,1,46,128,46.0,128.0,7283.077309,83.71353229,BENIGN
22,109,1,1,0,0,0.0,0.0,0.0,18348.62385,SSH-Patator
80,1993976,5,0,30,0,6.0,0.0,15.04531649,2.507552749,DDoS
3920,44,1,1,2,6,2.0,6.0,181818.1818,45454.54545,PortScan
12174,75,1,1,2,6,2.0,6.0,106666.6667,26666.66667,PortScan
80,1402911,3,5,26,11607,8.666666667,2321.4,8292.044185,5.702428736,DDoS
22,13384937,21,32,2008,2745,95.61904762,85.78125,355.1006628,3.959674969,SSH-Patator
53,30742,4,2,184,262,46.0,131.0,14507.83944,195.1727279,BENIGN
53,261,2,2,60,344,30.0,172.0,1547892.72,15325.6705,BENIGN
21,7882645,9,15,104,188,11.55555556,12.53333333,37.04340358,3.044663308,FTP-Patator
1163,57,1,1,0,6,0.0,6.0,105263.1579,35087.7193,PortScan
64095,101988455,6,9,11613,62,1935.5,6.888888889,114.4737412,0.14707547,BENIGN
53,23428,1,1,66,98,66.0,98.0,7000.170736,85.3679358,BENIGN
43539,3,2,0,53,0,26.5,0.0,17700000.0,666666.6667,BENIGN
22,12049904,20,33,2008,2745,100.4,83.18181818,394.4429765,4.39837529,SSH-Patator
22,12084147,21,32,2008,2745,95.61904762,85.78125,393.3252384,4.385911558,SSH-Patator
80,90677761,9,5,62,11607,6.888888889,2321.4,128.6864593,0.154392873,DDoS
22,11395313,22,33,2008,2745,91.27272727,83.18181818,417.1013117,4.826545791,SSH-Patator
22,43,1,1,0,0,0.0,0.0,0.0,46511.62791,SSH-Patator
22,95,1,1,0,0,0.0,0.0,0.0,21052.63158,SSH-Patator
21,8958347,9,15,98,188,10.88888889,12.53333333,31.92553269,2.67906568,FTP-Patator
9009,50,1,1,2,6,2.0,6.0,160000.0,40000.0,PortScan
80,6353871,10,12,679,11666,67.9,972.1666667,1942.910078,3.462456194,BENIGN
53,30543,2,2,86,204,43.0,102.0,9494.810595,130.9629048,BENIGN
21,4,2,0,14,0,7.0,0.0,3500000.0,500000.0,FTP-Patator
1001,43,1,1,2,6,2.0,6.0,186046.5116,46511.62791,PortScan
21,9734642,9,15,105,188,11.66666667,12.53333333,30.09869289,2.465421944,FTP-Patator
443,10981052,8,9,1038,1024,129.75,113.7777778,187.7780016,1.548121255,BENIGN
80,102625468,8,5,56,11607,7.0,2321.4,113.646254,0.126674209,DDoS
18101,43,1,1,0,6,0.0,6.0,139534.8837,46511.62791,PortScan
42510,10,1,1,2,6,2.0,6.0,800000.0,200000.0,PortScan
443,5773959,8,6,611,4032,76.375,672.0,804.1276358,2.424679496,BENIGN
53,126525,2,2,58,510,29.0,255.0,4489.231377,31.61430547,BENIGN
32783,63,1,1,0,6,0.0,6.0,95238.09524,31746.03175,PortScan
80,341830,3,6,26,11601,8.666666667,1933.5,34013.98356,26.32887693,DDoS
21,246,2,1,14,0,7.0,0.0,56910.56911,12195.12195,FTP-Patator
22,12924430,21,32,2008,2745,95.61904762,85.78125,367.753162,4.100761117,SSH-Patator
301,43,1,1,0,6,0.0,6.0,139534.8837,46511.62791,PortScan
80,8930797,5,0,30,0,6.0,0.0,3.359162682,0.559860447,DDoS
22,10106134,21,32,2008,2745,95.61904762,85.78125,470.3084285,5.244339725,SSH-Patator
53,23271,1,1,49,65,49.0,65.0,4898.801083,85.94387865,BENIGN
80,1211998,3,5,26,11607,8.666666667,2321.4,9598.200657,6.600670958,DDoS
22,72,1,1,0,0,0.0,0.0,0.0,27777.77778,SSH-Patator
22,12657510,21,32,2008,2745,95.61904762,85.78125,375.5082951,4.187237458,SSH-Patator
53,748,2,2,66,180,33.0,90.0,328877.0053,5347.593583,BENIGN
22,12974460,20,33,2008,2745,100.4,83.18181818,366.3350922,4.084948429,SSH-Patator
22,10848349,21,32,2024,2745,96.38095238,85.78125,439.6060636,4.885536039,SSH-Patator
22,61,1,1,0,0,0.0,0.0,0.0,32786.88525,SSH-Patator
22,12556312,19,31,2024,2745,106.5263158,88.5483871,379.8089758,3.982060975,SSH-Patator
53,23756,2,2,84,140,42.0,70.0,9429.196834,168.3785149,BENIGN
21,9478483,9,15,109,188,12.11111111,12.53333333,31.33412805,2.532050751,FTP-Patator
22,11879890,22,32,2008,2745,91.27272727,85.78125,400.0878796,4.545496633,SSH-Patator
5566,44,1,1,2,6,2.0,6.0,181818.1818,45454.54545,PortScan
21,8635840,9,15,102,188,11.33333333,12.53333333,33.58098344,2.779115871,FTP-Patator
80,91550490,8,4,56,11607,7.0,2901.75,127.3941843,0.131075213,DDoS
80,1957981,6,0,36,0,6.0,0.0,18.38628669,3.064381115,DDoS
55472,64,1,1,0,0,0.0,0.0,0.0,31250.0,BENIGN
6129,67,1,1,0,6,0.0,6.0,89552.23881,29850.74627,PortScan
21,8742628,9,15,105,188,11.66666667,12.53333333,33.51395027,2.745169988,FTP-Patator
53,77359667,3,3,191,427,63.66666667,142.3333333,7.988659,0.077559796,BENIGN
888,43,1,1,0,6,0.0,6.0,139534.8837,46511.62791,PortScan
9944,49,1,1,2,6,2.0,6.0,163265.3061,40816.32653,PortScan
53,30814,2,2,68,158,34.0,79.0,7334.328552,129.8111248,BENIGN
53,185,2,2,84,284,42.0,142.0,1989189.189,21621.62162,BENIGN
22,14066840,21,32,2008,2745,95.61904762,85.78125,337.8868317,3.767726085,SSH-Patator
21,8675574,9,15,102,188,11.33333333,12.53333333,33.42718303,2.766387561,FTP-Patator
5555,49,1,1,2,6,2.0,6.0,163265.3061,40816.32653,PortScan
22,99,1,1,0,0,0.0,0.0,0.0,20202.0202,SSH-Patator
80,5581900,4,0,24,0,6.0,0.0,4.299611243,0.716601874,DDoS
80,34047,3,5,26,11607,8.666666667,2321.4,341674.7437,234.9693071,DDoS
22,75,1,1,0,0,0.0,0.0,0.0,26666.66667,SSH-Patator
7800,16,1,1,2,6,2.0,6.0,500000.0,125000.0,PortScan
22,11428980,21,32,2024,2745,96.38095238,85.78125,417.2725825,4.637334215,SSH-Patator
53,332,2,2,72,328,36.0,164.0,1204819.277,12048.19277,BENIGN
80,1239689,3,4,26,11601,8.666666667,2900.25,9378.965208,5.646577488,DDoS
22,117,1,1,0,0,0.0,0.0,0.0,17094.01709,SSH-Patator
992,93,1,1,0,6,0.0,6.0,64516.12903,21505.37634,PortScan
21,214,2,1,14,0,7.0,0.0,65420.56075,14018.69159,FTP-Patator
35450,66,1,1,0,0,0.0,0.0,0.0,30303.0303,BENIGN
22,13058270,19,31,2008,2745,105.6842105,88.5483871,363.9838968,3.82899113,SSH-Patator
80,11720648,5,0,30,0,6.0,0.0,2.559585443,0.426597574,DDoS
5801,56,1,1,2,6,2.0,6.0,142857.1429,35714.28571,PortScan
2001,44,1,1,0,6,0.0,6.0,136363.6364,45454.54545,PortScan
80,75361,3,5,26,11601,8.666666667,2320.2,154284.0461,106.1557039,DDoS
53,155898,1,1,56,72,56.0,72.0,821.0496607,12.82890095,BENIGN
1025,71,1,1,2,6,2.0,6.0,112676.0563,28169.01408,PortScan
2047,49,1,1,2,6,2.0,6.0,163265.3061,40816.32653,PortScan
80,512246,3,5,26,11601,8.666666667,2320.2,22698.07866,15.61749628,DDoS
80,144152,3,6,26,11607,8.666666667,1934.5,80699.53938,62.43409734,DDoS
21,8990256,9,15,116,188,12.88888889,12.53333333,33.81438749,2.669556907,FTP-Patator
22,78,1,1,0,0,0.0,0.0,0.0,25641.02564,SSH-Patator
53,163,2,2,68,100,34.0,50.0,1030674.847,24539.8773,BENIGN
2811,89,1,1,2,6,2.0,6.0,89887.64045,22471.91011,PortScan
49953,1057494,1,7,6,42,6.0,6.0,45.39032846,7.565054743,BENIGN
443,62700541,7,2,169,92,24.14285714,46.0,4.162643509,0.143539431,BENIGN
1461,61,1,1,2,6,2.0,6.0,131147.541,32786.88525,PortScan
80,930476,3,6,26,11607,8.666666667,1934.5,12502.20317,9.672468715,DDoS
10617,43,1,1,0,6,0.0,6.0,139534.8837,46511.62791,PortScan
80,10298738,5,0,30,0,6.0,0.0,2.91297827,0.485496378,DDoS
80,5013797,26,34,4411,40797,169.6538462,1199.911765,9016.719265,11.96697832,BENIGN
53,152,2,2,62,94,31.0,47.0,1026315.789,26315.78947,BENIGN
8994,26,1,1,0,6,0.0,6.0,230769.2308,76923.07692,PortScan
22,72,1,1,0,0,0.0,0.0,0.0,27777.77778,SSH-Patator
49163,94,1,1,2,6,2.0,6.0,85106.38298,21276.59574,PortScan
443,561119,12,9,863,7414,71.91666667,823.7777778,14750.88172,37.4252164,BENIGN
9944,9,1,1,2,6,2.0,6.0,888888.8889,222222.2222,PortScan
32777,73,1,1,2,6,2.0,6.0,109589.0411,27397.26027,PortScan
53,31732,1,1,48,290,48.0,290.0,10651.70805,63.02785831,BENIGN
443,32074473,13,11,1256,4203,96.61538462,382.0909091,170.1976522,0.748258592,BENIGN
80,2245242,1,2,6,6,6.0,3.0,5.344635456,1.336158864,BENIGN
80,2995950,5,0,30,0,6.0,0.0,10.01351825,1.668919708,DDoS
22,74,1,1,0,0,0.0,0.0,0.0,27027.02703,SSH-Patator
53,218,2,2,80,176,40.0,88.0,1174311.927,18348.62385,BENIGN
80,81919644,9,6,62,11607,6.888888889,1934.5,142.4444667,0.183106264,DDoS
21,3,2,0,14,0,7.0,0.0,4666666.667,666666.6667,FTP-Patator
53,31175,2,2,70,230,35.0,115.0,9623.095429,128.3079391,BENIGN
53,53300,1,1,48,115,48.0,115.0,3058.161351,37.52345216,BENIGN
1025,127,1,1,0,6,0.0,6.0,47244.09449,15748.0315,PortScan
21,9271347,9,15,106,188,11.77777778,12.53333333,31.71060257,2.588620618,FTP-Patator
8383,38,1,1,0,6,0.0,6.0,157894.7368,52631.57895,PortScan
55078,45,3,1,43,6,14.33333333,6.0,1088888.889,88888.88889,BENIGN
21,243,2,1,14,0,7.0,0.0,57613.16872,12345.67901,FTP-Patator
21,48,2,0,14,0,7.0,0.0,291666.6667,41666.66667,FTP-Patator
80,41730,3,5,26,11601,8.666666667,2320.2,278624.4908,191.7086029,DDoS
22,12921718,21,31,2008,2745,95.61904762,88.5483871,367.8303458,4.024232691,SSH-Patator
4443,43,1,1,2,6,2.0,6.0,186046.5116,46511.62791,PortScan
808,76,1,1,0,6,0.0,6.0,78947.36842,26315.78947,PortScan
80,8057711,4,0,24,0,6.0,0.0,2.978513377,0.496418896,DDoS
27356,40,1,1,0,6,0.0,6.0,150000.0,50000.0,PortScan
80,50848,3,7,26,11601,8.666666667,1657.285714,228661.8943,196.6645689,DDoS
22,12090436,23,32,2008,2745,87.30434783,85.78125,393.1206451,4.549050175,SSH-Patator
21,273,2,1,14,0,7.0,0.0,51282.05128,10989.01099,FTP-Patator
80,2093402,5,0,30,0,6.0,0.0,14.33074011,2.388456684,DDoS
2047,77,1,1,0,6,0.0,6.0,77922.07792,25974.02597,PortScan
22,12015337,21,32,2008,2745,95.61904762,85.78125,395.577752,4.411029004,SSH-Patator
7004,44,1,1,0,6,0.0,6.0,136363.6364,45454.54545,PortScan
80,8109789,5,0,30,0,6.0,0.0,3.699233112,0.616538852,DDoS
53,176292,2,2,98,184,49.0,92.0,1599.618814,22.68962857,BENIGN
21,3,2,0,14,0,7.0,0.0,4666666.667,666666.6667,FTP-Patator
80,632943,3,5,26,11607,8.666666667,2321.4,18379.22214,12.63936879,DDoS
22,11225980,21,32,2008,2745,95.61904762,85.78125,423.3928797,4.721191379,SSH-Patator
50004,3,2,0,0,0,0.0,0.0,0.0,666666.6667,BENIGN
53,277,2,2,88,218,44.0,109.0,1104693.141,14440.43321,BENIGN
80,1616097,2,6,20,11607,10.0,1934.5,7194.493895,4.950197915,DDoS
11110,24,1,1,2,6,2.0,6.0,333333.3333,83333.33333,PortScan
4224,43,1,1,0,6,0.0,6.0,139534.8837,46511.62791,PortScan
7937,38,1,1,2,6,2.0,6.0,210526.3158,52631.57895,PortScan
53,164213,2,2,64,198,32.0,99.0,1595.488786,24.35860742,BENIGN
1094,18,1,1,2,6,2.0,6.0,444444.4444,111111.1111,PortScan
80,529268,3,5,26,11601,8.666666667,2320.2,21968.07666,15.11521573,DDoS
443,119274607,1004,1729,47924,2600010,47.73306773,1503.765182,22200.31628,22.91351084,BENIGN
3580,89,1,1,2,6,2.0,6.0,89887.64045,22471.91011,PortScan
80,81725600,8,5,56,11607,7.0,2321.4,142.7092612,0.159068884,DDoS
2605,25,1,1,0,6,0.0,6.0,240000.0,80000.0,PortScan
22,80,1,1,0,0,0.0,0.0,0.0,25000.0,SSH-Patator
443,54108,4,1,517,0,129.25,0.0,9554.964146,92.40777704,BENIGN
80,61806,4,1,1010,0,252.5,0.0,16341.45552,80.89829466,BENIGN
55175,74006733,6,9,11613,62,1935.5,6.888888889,157.7559166,0.202684261,BENIGN
21,226,2,1,14,0,7.0,0.0,61946.90265,13274.33628,FTP-Patator
443,867371,9,12,703,13392,78.11111111,1116.0,16250.25508,24.21109306,BENIGN
22,91,1,1,0,0,0.0,0.0,0.0,21978.02198,SSH-Patator
21,9318659,9,15,113,188,12.55555556,12.53333333,32.30078491,2.575477867,FTP-Patator
80,95917602,8,5,56,11601,7.0,2320.2,121.5313952,0.135532996,DDoS
22,81,1,1,0,0,0.0,0.0,0.0,24691.35802,SSH-Patator
21,241,2,1,14,0,7.0,0.0,58091.28631,12448.13278,FTP-Patator
80,89399711,8,5,56,11607,7.0,2321.4,130.4590347,0.14541434,DDoS
22,94,1,1,0,0,0.0,0.0,0.0,21276.59574,SSH-Patator
80,1794460,3,6,26,11601,8.666666667,1933.5,6479.386556,5.015436399,DDoS
21,9030518,9,15,105,188,11.66666667,12.53333333,32.44553635,2.657654854,FTP-Patator
53,150941,1,1,49,147,49.0,147.0,1298.520614,13.25021035,BENIGN
56960,39,1,1,6,6,6.0,6.0,307692.3077,51282.05128,BENIGN
53,234,2,2,76,108,38.0,54.0,786324.7863,17094.01709,BENIGN
53326,220,2,1,37,6,18.5,6.0,195454.5455,13636.36364,BENIGN
21,238,2,1,14,0,7.0,0.0,58823.52941,12605.04202,FTP-Patator
22,84,1,1,0,0,0.0,0.0,0.0,23809.52381,SSH-Patator
2366,74,1,1,0,6,0.0,6.0,81081.08108,27027.02703,PortScan
80,3397368,4,0,24,0,6.0,0.0,7.064292123,1.17738202,DDoS
1688,50,1,1,0,6,0.0,6.0,120000.0,40000.0,PortScan
2048,26,1,1,2,6,2.0,6.0,307692.3077,76923.07692,PortScan
21,252,2,1,14,0,7.0,0.0,55555.55556,11904.7619,FTP-Patator
1839,43,1,1,0,6,0.0,6.0,139534.8837,46511.62791,PortScan
5859,44,1,1,2,6,2.0,6.0,181818.1818,45454.54545,PortScan
80,4119292,11,18,335,29088,30.45454545,1616.0,7142.732295,7.040044746,BENIGN
443,110046686,13,14,1895,450,145.7692308,32.14285714,21.30913783,0.245350414,BENIGN
21,224,2,1,14,0,7.0,0.0,62500.0,13392.85714,FTP-Patator
21,248,2,1,14,0,7.0,0.0,56451.6129,12096.77419,FTP-Patator
30718,86,1,1,0,6,0.0,6.0,69767.44186,23255.81395,PortScan
80,114430053,15,15,432,1963,28.8,130.8666667,20.9298164,0.26216889,BENIGN
21,245,2,1,14,0,7.0,0.0,57142.85714,12244.89796,FTP-Patator
80,6095853,5,0,30,0,6.0,0.0,4.921378517,0.820229753,DDoS
80,1046343,3,6,26,11601,8.666666667,1933.5,11112.03496,8.60138597,DDoS
22,51,1,1,0,0,0.0,0.0,0.0,39215.68627,SSH-Patator
5999,48,1,1,2,6,2.0,6.0,166666.6667,41666.66667,PortScan
21,9429120,9,15,104,188,11.55555556,12.53333333,30.9678952,2.545306455,FTP-Patator
21,17,2,0,14,0,7.0,0.0,823529.4118,117647.0588,FTP-Patator
22,76,1,1,0,0,0.0,0.0,0.0,26315.78947,SSH-Patator
80,4114661,4,0,24,0,6.0,0.0,5.832801293,0.972133549,DDoS
443,5095608,5,1,123,46,24.6,46.0,33.16581652,1.17748461,BENIGN
9900,84,1,1,0,6,0.0,6.0,71428.57143,23809.52381,PortScan
53,23405,1,1,58,74,58.0,74.0,5639.820551,85.45182653,BENIGN
22,13936954,21,32,2008,2745,95.61904762,85.78125,341.0357816,3.802839559,SSH-Patator
80,6072588,4,0,24,0,6.0,0.0,3.952186448,0.658697741,DDoS
2383,70,1,1,2,6,2.0,6.0,114285.7143,28571.42857,PortScan
80,7937789,5,0,30,0,6.0,0.0,3.779389954,0.629898326,DDoS
21,8360612,9,15,110,188,12.22222222,12.53333333,35.64332372,2.870603252,FTP-Patator
1001,37,1,1,2,6,2.0,6.0,216216.2162,54054.05405,PortScan
80,7835968,4,0,24,0,6.0,0.0,3.062799644,0.510466607,DDoS
5999,86,1,1,0,6,0.0,6.0,69767.44186,23255.81395,PortScan
1022,75,1,1,2,6,2.0,6.0,106666.6667,26666.66667,PortScan
80,80266818,8,6,56,11601,7.0,1933.5,145.2281315,0.174418276,DDoS
21,8509496,9,15,118,188,13.11111111,12.53333333,35.95982653,2.820378551,FTP-Patator
22,78,1,1,0,0,0.0,0.0,0.0,25641.02564,SSH-Patator
22,12224374,23,33,2008,2745,87.30434783,83.18181818,388.8133658,4.581011674,SSH-Patator
21,8877343,9,15,107,188,11.88888889,12.53333333,33.23066372,2.703511625,FTP-Patator
80,65173187,38,51,372,84756,9.789473684,1661.882353,1306.181329,1.365592264,BENIGN
22,1352260,41,42,2728,6634,66.53658537,157.952381,6923.224824,61.37872894,BENIGN
53,69893,1,1,53,218,53.0,218.0,3877.355386,28.6151689,BENIGN
21,9755042,9,15,111,188,12.33333333,12.53333333,30.65081627,2.460266189,FTP-Patator
21,8395959,9,15,111,188,12.33333333,12.53333333,35.61237019,2.858518008,FTP-Patator
53,60148,1,1,54,104,54.0,104.0,2626.853761,33.25131343,BENIGN
80,2569938,4,0,24,0,6.0,0.0,9.338746694,1.556457782,DDoS
80,98780888,8,4,56,11607,7.0,2901.75,118.0693982,0.121480989,DDoS
80,80361333,9,6,62,11607,6.888888889,1934.5,145.2066506,0.186656934,DDoS
22,75,1,1,0,0,0.0,0.0,0.0,26666.66667,SSH-Patator
22,11710385,22,33,2008,2745,91.27272727,83.18181818,405.8790552,4.69668589,SSH-Patator
9290,49,1,1,0,6,0.0,6.0,122448.9796,40816.32653,PortScan
22,61,1,1,0,0,0.0,0.0,0.0,32786.88525,SSH-Patator
22,47,1,1,0,0,0.0,0.0,0.0,42553.19149,SSH-Patator
53,23512,1,1,56,117,56.0,117.0,7357.944879,85.06294658,BENIGN
443,35625178,12,15,2240,5158,186.6666667,343.8666667,207.6621203,0.75789095,BENIGN
22,12780517,21,32,2008,2745,95.61904762,85.78125,371.8941886,4.146937092,SSH-Patator
21,251,2,1,14,0,7.0,0.0,55776.89243,11952.19124,FTP-Patator
21,242,2,1,14,0,7.0,0.0,57851.23967,12396.69421,FTP-Patator
80,10053800,5,0,30,0,6.0,0.0,2.983946369,0.497324395,DDoS
21,238,2,1,14,0,7.0,0.0,58823.52941,12605.04202,FTP-Patator
53,31297,1,1,44,122,44.0,122.0,5304.02275,63.90388855,BENIGN
53,148069,2,2,66,174,33.0,87.0,1620.865948,27.01443246,BENIGN
10629,49,1,1,0,6,0.0,6.0,122448.9796,40816.32653,PortScan
22,11895298,21,31,2008,2745,95.61904762,88.5483871,399.5696451,4.371475183,SSH-Patator
53,273376,4,4,120,528,30.0,132.0,2370.3617,29.26372469,BENIGN
1066,55,1,1,2,6,2.0,6.0,145454.5455,36363.63636,PortScan
21,8018992,9,15,116,188,12.88888889,12.53333333,37.91000166,2.992894868,FTP-Patator
53,258,2,2,62,360,31.0,180.0,1635658.915,15503.87597,BENIGN
53,101173,2,2,64,204,32.0,102.0,2648.928074,39.53623991,BENIGN
80,7965376,6,0,36,0,6.0,0.0,4.519560659,0.75326011,DDoS
6757,957,3,0,18,0,6.0,0.0,18808.77743,3134.796238,BENIGN
80,764348,3,6,26,11607,8.666666667,1934.5,15219.50734,11.77474135,DDoS
22,11394071,20,33,2008,2745,100.4,83.18181818,417.1467775,4.651542017,SSH-Patator
443,115810827,21,18,1266,924,60.28571429,51.33333333,18.91014905,0.336756079,BENIGN
80,817456,3,4,26,11607,8.666666667,2901.75,14230.73535,8.563152023,DDoS
7911,63,1,1,2,6,2.0,6.0,126984.127,31746.03175,PortScan
22,106,1,1,0,0,0.0,0.0,0.0,18867.92453,SSH-Patator
21,273,2,1,14,0,7.0,0.0,51282.05128,10989.01099,FTP-Patator
515,28,1,1,0,6,0.0,6.0,214285.7143,71428.57143,PortScan
21,1,2,0,14,0,7.0,0.0,14000000.0,2000000.0,FTP-Patator
80,1943995,4,0,24,0,6.0,0.0,12.34571077,2.057618461,DDoS
8652,43,1,1,2,6,2.0,6.0,186046.5116,46511.62791,PortScan
7800,56,1,1,2,6,2.0,6.0,142857.1429,35714.28571,PortScan
80,800391,3,4,26,11601,8.666666667,2900.25,14526.6501,8.745725527,DDoS
5054,57,1,1,0,6,0.0,6.0,105263.1579,35087.7193,PortScan
21,8768037,9,15,110,188,12.22222222,12.53333333,33.98708286,2.737214727,FTP-Patator
80,21375,3,4,26,11601,8.666666667,2900.25,543953.2164,327.4853801,DDoS
80,2037368,4,5,443,872,110.75,174.4,645.4405881,4.417464101,BENIGN
80,1639053,3,6,26,11607,8.666666667,1934.5,7097.390993,5.490975582,DDoS
2200,77,1,1,0,6,0.0,6.0,77922.07792,25974.02597,PortScan
4444,77,1,1,0,6,0.0,6.0,77922.07792,25974.02597,PortScan
22,81,1,1,0,0,0.0,0.0,0.0,24691.35802,SSH-Patator
7676,76,1,1,0,6,0.0,6.0,78947.36842,26315.78947,PortScan
80,576344,3,6,26,11607,8.666666667,1934.5,20184.12615,15.61567397,DDoS
443,115911627,23,19,1217,6449,52.91304348,339.4210526,66.13659215,0.362345013,BENIGN
1914,62,1,1,2,6,2.0,6.0,129032.2581,32258.06452,PortScan
80,194820,3,6,26,11607,8.666666667,1934.5,59711.52859,46.19648907,DDoS
80,2899950,5,0,30,0,6.0,0.0,10.34500595,1.724167658,DDoS
54315,38,1,1,6,6,6.0,6.0,315789.4737,52631.57895,BENIGN
80,5116783,3,1,12,0,4.0,0.0,2.345223552,0.781741184,BENIGN
22,73,1,1,0,0,0.0,0.0,0.0,27397.26027,SSH-Patator
22,86,1,1,0,0,0.0,0.0,0.0,23255.81395,SSH-Patator
443,117898028,13,12,626,4311,48.15384615,359.25,41.8751703,0.212047652,BENIGN
22,12257875,21,32,2008,2745,95.61904762,85.78125,387.7507317,4.323751058,SSH-Patator
53,146048,1,1,45,128,45.0,128.0,1184.542068,13.69412796,BENIGN
21,234,2,1,14,0,7.0,0.0,59829.05983,12820.51282,FTP-Patator
21,232,2,1,14,0,7.0,0.0,60344.82759,12931.03448,FTP-Patator
4111,49,1,1,2,6,2.0,6.0,163265.3061,40816.32653,PortScan
21,215,2,1,14,0,7.0,0.0,65116.27907,13953.48837,FTP-Patator
10246,6,5,0,420,0,84.0,0.0,70000000.0,833333.3333,BENIGN
4567,81,1,1,2,6,2.0,6.0,98765.4321,24691.35802,PortScan
53,192,2,2,72,196,36.0,98.0,1395833.333,20833.33333,BENIGN
5900,36,1,1,2,6,2.0,6.0,222222.2222,55555.55556,PortScan
53,239,2,2,76,192,38.0,96.0,1121338.912,16736.40167,BENIGN
80,1164345,3,4,26,11601,8.666666667,2900.25,9985.871885,6.011963808,DDoS
21,19,2,0,14,0,7.0,0.0,736842.1053,105263.1579,FTP-Patator
80,80261217,8,4,56,11601,7.0,2900.25,145.2382662,0.149511812,DDoS
22,12588833,23,32,2008,2745,87.30434783,85.78125,377.5568395,4.368951435,SSH-Patator
22,92,1,1,0,0,0.0,0.0,0.0,21739.13043,SSH-Patator
80,12073729,5,0,30,0,6.0,0.0,2.48473359,0.414122265,DDoS
80,250042,3,5,26,11601,8.666666667,2320.2,46500.18797,31.9946249,DDoS
80,11129677,6,0,36,0,6.0,0.0,3.234595218,0.539099203,DDoS
22,30,1,1,0,0,0.0,0.0,0.0,66666.66667,SSH-Patator
2022,44,1,1,2,6,2.0,6.0,181818.1818,45454.54545,PortScan
22,79,1,1,0,0,0.0,0.0,0.0,25316.4557,SSH-Patator
53,909,2,2,94,206,47.0,103.0,330033.0033,4400.440044,BENIGN
80,5528398,3,1,0,0,0.0,0.0,0.0,0.723536909,BENIGN
22,13413079,21,32,1992,2745,94.85714286,85.78125,353.16276,3.951367169,SSH-Patator
80,314,2,0,12,0,6.0,0.0,38216.56051,6369.426752,BENIGN
777,42,1,1,2,6,2.0,6.0,190476.1905,47619.04762,PortScan
21,10059538,9,15,106,188,11.77777778,12.53333333,29.22599428,2.385795451,FTP-Patator
80,15,1,1,6,6,6.0,6.0,800000.0,133333.3333,BENIGN
53,157672,1,1,50,116,50.0,116.0,1052.818509,12.68456035,BENIGN
53,48712,2,2,68,220,34.0,110.0,5912.30087,82.11528987,BENIGN
80,80466,4,0,24,0,6.0,0.0,298.2626202,49.71043671,DDoS
60966,4,3,0,37,0,12.33333333,0.0,9250000.0,750000.0,BENIGN
80,967401,3,5,26,11607,8.666666667,2321.4,12025.00308,8.26958004,DDoS
543,33,1,1,2,6,2.0,6.0,242424.2424,60606.06061,PortScan
22,11055115,19,31,2008,2745,105.6842105,88.5483871,429.9367306,4.522793295,SSH-Patator
21,8558226,9,15,99,188,11.0,12.53333333,33.53498727,2.804319493,FTP-Patator
53,30381,1,1,66,98,66.0,98.0,5398.110661,65.83061782,BENIGN
21,249,2,1,14,0,7.0,0.0,56224.8996,12048.19277,FTP-Patator
80,53692,3,5,26,11607,8.666666667,2321.4,216661.7001,148.9979885,DDoS
22,13797644,21,32,2008,2745,95.61904762,85.78125,344.4791009,3.841235504,SSH-Patator
80,11847650,4,0,24,0,6.0,0.0,2.02571818,0.337619697,DDoS
625,33,1,1,0,6,0.0,6.0,181818.1818,60606.06061,PortScan
8290,27,1,1,2,6,2.0,6.0,296296.2963,74074.07407,PortScan
1063,49,1,1,2,6,2.0,6.0,163265.3061,40816.32653,PortScan
443,178,2,0,12,0,6.0,0.0,67415.73034,11235.95506,BENIGN
80,7646826,4,0,24,0,6.0,0.0,3.138557095,0.523092849,DDoS
53,180,2,2,64,96,32.0,48.0,888888.8889,22222.22222,BENIGN
80,1529645,3,6,26,11607,8.666666667,1934.5,7605.03254,5.883718118,DDoS
22,93,1,1,0,0,0.0,0.0,0.0,21505.37634,SSH-Patator
22,11223520,21,32,2008,2745,95.61904762,85.78125,423.4856801,4.722226182,SSH-Patator
80,62822,3,6,26,11607,8.666666667,1934.5,185173.9836,143.2619146,DDoS
80,387300,3,5,26,11601,8.666666667,2320.2,30020.65582,20.65582236,DDoS
80,7848854,4,0,24,0,6.0,0.0,3.057771236,0.509628539,DDoS
22,13459323,23,32,2008,2745,87.30434783,85.78125,353.1381185,4.086386812,SSH-Patator
163,51,1,1,0,6,0.0,6.0,117647.0588,39215.68627,PortScan
443,32236759,31,35,2031,48212,65.51612903,1377.485714,1558.562385,2.047352217,BENIGN
443,2,2,0,12,0,6.0,0.0,6000000.0,1000000.0,BENIGN
80,5550865,4,0,24,0,6.0,0.0,4.323650458,0.72060841,DDoS
80,8191798,4,0,24,0,6.0,0.0,2.929759743,0.48829329,DDoS
123,72134,1,1,48,48,48.0,48.0,1330.856462,27.72617628,BENIGN
80,1490683,3,4,26,11607,8.666666667,2901.75,7803.80537,4.695834057,DDoS
22,11844703,21,32,2008,2745,95.61904762,85.78125,401.2764187,4.474573993,SSH-Patator
62672,471705,6,2,11607,26,1934.5,13.0,24661.59994,16.95975239,BENIGN
53975,2885657,1,6,6,36,6.0,6.0,14.55474438,2.42579073,BENIGN
21,9060408,9,15,112,188,12.44444444,12.53333333,33.11109169,2.648887335,FTP-Patator
22,80,1,1,0,0,0.0,0.0,0.0,25000.0,SSH-Patator
6668,26,1,1,2,6,2.0,6.0,307692.3077,76923.07692,PortScan
21,9875798,9,15,102,188,11.33333333,12.53333333,29.36471564,2.430183363,FTP-Patator
57935,48,2,0,0,0,0.0,0.0,0.0,41666.66667,BENIGN
7054,75,1,1,6,6,6.0,6.0,160000.0,26666.66667,BENIGN
53,133193,2,2,72,256,36.0,128.0,2462.591878,30.03160827,BENIGN
80,11340833,53,71,100516,48630,1896.528302,684.9295775,13151.23854,10.9339411,BENIGN
30000,84,1,1,2,6,2.0,6.0,95238.09524,23809.52381,PortScan
55202,70,1,1,0,0,0.0,0.0,0.0,28571.42857,BENIGN
80,73680567,8,5,56,11601,7.0,2320.2,158.209966,0.176437296,DDoS
22,13924841,21,32,2008,2745,95.61904762,85.78125,341.3324432,3.806147589,SSH-Patator
21,221,2,1,14,0,7.0,0.0,63348.41629,13574.66063,FTP-Patator
515,45,1,1,0,6,0.0,6.0,133333.3333,44444.44444,PortScan
21,8758097,9,15,103,188,11.44444444,12.53333333,33.2263961,2.740321328,FTP-Patator
7025,64,1,1,2,6,2.0,6.0,125000.0,31250.0,PortScan
21,221,2,1,14,0,7.0,0.0,63348.41629,13574.66063,FTP-Patator
61900,45,1,1,2,6,2.0,6.0,177777.7778,44444.44444,PortScan
80,95898851,8,6,56,11601,7.0,1933.5,121.5551582,0.145987151,DDoS
31086,8759572,1,5,6,30,6.0,6.0,4.109789839,0.684964973,BENIGN
53,174947,1,1,40,97,40.0,97.0,783.0943086,11.4320337,BENIGN
80,11425,2,0,12,0,6.0,0.0,1050.328228,175.0547046,BENIGN
80,138582,3,6,26,11607,8.666666667,1934.5,83943.08063,64.94349916,DDoS
53,70360121,2,2,97,177,48.5,88.5,3.894251404,0.056850385,BENIGN
22,77,1,1,0,0,0.0,0.0,0.0,25974.02597,SSH-Patator
22,78,1,1,0,0,0.0,0.0,0.0,25641.02564,SSH-Patator
80,186195,3,4,1336,2316,445.3333333,579.0,19613.8457,37.5949945,BENIGN
21,192,2,2,14,0,7.0,0.0,72916.66667,20833.33333,FTP-Patator
80,116302347,18,15,944,1498,52.44444444,99.86666667,20.99699673,0.283743199,BENIGN
80,27020,2,0,0,0,0.0,0.0,0.0,74.019245,BENIGN
80,7288249,4,0,24,0,6.0,0.0,3.292972016,0.548828669,DDoS
22,11644289,21,32,2008,2745,95.61904762,85.78125,408.1829298,4.551587478,SSH-Patator
22,75,1,1,0,0,0.0,0.0,0.0,26666.66667,SSH-Patator
22,12115979,21,33,2008,2745,95.61904762,83.18181818,392.2918651,4.456924199,SSH-Patator
49156,49,1,1,2,6,2.0,6.0,163265.3061,40816.32653,PortScan
21,217,2,1,14,0,7.0,0.0,64516.12903,13824.88479,FTP-Patator
80,228487,5,0,30,0,6.0,0.0,131.2984984,21.88308306,DDoS
80,2176968,4,0,24,0,6.0,0.0,11.02450748,1.837417913,DDoS
22,12604984,20,33,2008,2745,100.4,83.18181818,377.0730689,4.204686019,SSH-Patator
80,6053860,4,0,24,0,6.0,0.0,3.964412788,0.660735465,DDoS
22,75,1,1,0,0,0.0,0.0,0.0,26666.66667,SSH-Patator
443,95,2,0,12,0,6.0,0.0,126315.7895,21052.63158,BENIGN
53,215,2,2,104,352,52.0,176.0,2120930.233,18604.65116,BENIGN
21,8473479,9,15,107,188,11.88888889,12.53333333,34.81450771,2.832366729,FTP-Patator
22,14413179,20,33,2008,2745,100.4,83.18181818,329.7676384,3.67719016,SSH-Patator
443,8305140,15,13,871,3179,58.06666667,244.5384615,487.6498169,3.371406141,BENIGN
22,13148636,24,32,2008,2745,83.66666667,85.78125,361.4823621,4.258996903,SSH-Patator
53,203,2,2,74,204,37.0,102.0,1369458.128,19704.4335,BENIGN
211,62,1,1,0,6,0.0,6.0,96774.19355,32258.06452,PortScan
2107,44,1,1,2,6,2.0,6.0,181818.1818,45454.54545,PortScan
21,241,2,1,14,0,7.0,0.0,58091.28631,12448.13278,FTP-Patator
22,11769176,21,32,2008,2745,95.61904762,85.78125,403.8515526,4.50328893,SSH-Patator
443,4048911,5,1,123,46,24.6,46.0,41.73961838,1.481879943,BENIGN
80,12945,3,4,26,11601,8.666666667,2900.25,898184.6273,540.7493241,DDoS
21,235,2,1,14,0,7.0,0.0,59574.46809,12765.95745,FTP-Patator
21,2,2,0,14,0,7.0,0.0,7000000.0,1000000.0,FTP-Patator
80,1838591,3,6,26,11607,8.666666667,1934.5,6327.127675,4.895052788,DDoS
21,8731562,9,15,95,188,10.55555556,12.53333333,32.41115393,2.748649096,FTP-Patator
80,1882557,3,5,26,11607,8.666666667,2321.4,6179.361369,4.249539323,DDoS
5961,40,1,1,0,6,0.0,6.0,150000.0,50000.0,PortScan
21,229,2,1,14,0,7.0,0.0,61135.37118,13100.43668,FTP-Patator
80,78465425,8,4,56,11601,7.0,2900.25,148.5622489,0.152933601,DDoS
21,10274887,9,15,97,188,10.77777778,12.53333333,27.73753132,2.335792111,FTP-Patator
22,11588893,21,32,2008,2745,95.61904762,85.78125,410.1340827,4.573344495,SSH-Patator
22,43,1,1,0,0,0.0,0.0,0.0,46511.62791,SSH-Patator
21,9814778,9,15,102,188,11.33333333,12.53333333,29.54728064,2.445292191,FTP-Patator
53,169303,2,2,72,186,36.0,93.0,1523.895028,23.62627951,BENIGN
443,1323918,9,11,703,3950,78.11111111,359.0909091,3514.568123,15.10667579,BENIGN
22,11422432,21,32,2008,2745,95.61904762,85.78125,416.1110348,4.639992604,SSH-Patator
53,147,2,2,88,188,44.0,94.0,1877551.02,27210.88435,BENIGN
80,57133,3,4,26,11601,8.666666667,2900.25,203507.6051,122.5211349,DDoS
443,4099243,14,9,1318,4469,94.14285714,496.5555556,1411.724067,5.610792041,BENIGN
21,200,2,1,14,0,7.0,0.0,70000.0,15000.0,FTP-Patator
80,7067828,5,0,30,0,6.0,0.0,4.244585465,0.707430911,DDoS
15742,71,1,1,2,6,2.0,6.0,112676.0563,28169.01408,PortScan
80,1303020,3,5,26,11607,8.666666667,2321.4,8927.721754,6.139583429,DDoS
902,44,1,1,2,6,2.0,6.0,181818.1818,45454.54545,PortScan
21,217,2,1,14,0,7.0,0.0,64516.12903,13824.88479,FTP-Patator
53128,4,2,0,37,0,18.5,0.0,9250000.0,500000.0,BENIGN
2022,49,1,1,0,6,0.0,6.0,122448.9796,40816.32653,PortScan
80,523036,3,6,26,11607,8.666666667,1934.5,22241.29888,17.20722857,DDoS
21,77,2,2,14,0,7.0,0.0,181818.1818,51948.05195,FTP-Patator
7402,62,1,1,2,6,2.0,6.0,129032.2581,32258.06452,PortScan
21,8530106,9,15,101,188,11.22222222,12.53333333,33.88000102,2.813564099,FTP-Patator
22,11079684,21,32,2008,2745,95.61904762,85.78125,428.9833537,4.783529927,SSH-Patator
10010,48,1,1,2,6,2.0,6.0,166666.6667,41666.66667,PortScan
53,30543,1,1,46,90,46.0,90.0,4452.738762,65.48145238,BENIGN
40995,11814097,1,4,6,24,6.0,6.0,2.539339232,0.423223205,BENIGN
5801,79,1,1,0,6,0.0,6.0,75949.36709,25316.4557,PortScan
21,8143947,9,15,93,188,10.33333333,12.53333333,34.50415382,2.946973992,FTP-Patator
53,162,2,2,64,188,32.0,94.0,1555555.556,24691.35802,BENIGN
22,14180164,22,33,2008,2745,91.27272727,83.18181818,335.1865324,3.878657539,SSH-Patator
80,47654,3,6,26,11601,8.666666667,1933.5,243987.9129,188.8613758,DDoS
21,3,2,0,14,0,7.0,0.0,4666666.667,666666.6667,FTP-Patator
22,74,1,1,0,0,0.0,0.0,0.0,27027.02703,SSH-Patator
21,215,2,1,14,0,7.0,0.0,65116.27907,13953.48837,FTP-Patator
21,10059150,9,15,107,188,11.88888889,12.53333333,29.32653355,2.385887476,FTP-Patator
80,161,2,1,12,6,6.0,6.0,111801.2422,18633.54037,DDoS
59055,3,2,0,12,0,6.0,0.0,4000000.0,666666.6667,BENIGN
59812,62,1,2,6,12,6.0,6.0,290322.5806,48387.09677,BENIGN
6667,43,1,1,2,6,2.0,6.0,186046.5116,46511.62791,PortScan
21,8247304,9,15,107,188,11.88888889,12.53333333,35.76926472,2.910041876,FTP-Patator
80,30138,3,5,26,11601,8.666666667,2320.2,385792.0234,265.4456168,DDoS
22,104,1,1,0,0,0.0,0.0,0.0,19230.76923,SSH-Patator
22,12096562,21,32,2008,2745,95.61904762,85.78125,392.921559,4.381410189,SSH-Patator
21,4,2,0,14,0,7.0,0.0,3500000.0,500000.0,FTP-Patator
2144,59,1,1,2,6,2.0,6.0,135593.2203,33898.30508,PortScan
80,433016,3,4,604,931,201.3333333,232.75,3544.903653,16.16568441,BENIGN
22,120,1,1,0,0,0.0,0.0,0.0,16666.66667,SSH-Patator
1108,98,1,1,0,6,0.0,6.0,61224.4898,20408.16327,PortScan
22,75,1,1,0,0,0.0,0.0,0.0,26666.66667,SSH-Patator
42510,132,1,1,2,6,2.0,6.0,60606.06061,15151.51515,PortScan
1032,18,1,1,0,6,0.0,6.0,333333.3333,111111.1111,PortScan
1322,54,1,1,2,6,2.0,6.0,148148.1481,37037.03704,PortScan
80,243239,3,2,486,278,162.0,139.0,3140.943681,20.55591414,BENIGN
443,117050502,24,24,3049,13476,127.0416667,561.5,141.1783779,0.410079403,BENIGN
80,9824755,4,0,24,0,6.0,0.0,2.442809006,0.407134834,DDoS
22,87,1,1,0,0,0.0,0.0,0.0,22988.50575,SSH-Patator
3784,48,1,1,0,6,0.0,6.0,125000.0,41666.66667,PortScan
5102,85,1,1,2,6,2.0,6.0,94117.64706,23529.41176,PortScan
21,234,2,1,14,0,7.0,0.0,59829.05983,12820.51282,FTP-Patator
80,111,2,0,12,0,6.0,0.0,108108.1081,18018.01802,BENIGN
80,1561341,3,5,26,11607,8.666666667,2321.4,7450.646592,5.12380063,DDoS
57386,8413,3,0,43,0,14.33333333,0.0,5111.137525,356.5909901,BENIGN
80,6440845,5,0,30,0,6.0,0.0,4.657773941,0.776295657,DDoS
53,61425,2,2,60,344,30.0,172.0,6577.126577,65.12006512,BENIGN
80,6683844,4,0,24,0,6.0,0.0,3.590748079,0.598458013,DDoS
1984,54,1,1,2,6,2.0,6.0,148148.1481,37037.03704,PortScan
22,11702523,19,31,2008,2745,105.6842105,88.5483871,406.1517333,4.272582929,SSH-Patator
56366,35,1,1,6,6,6.0,6.0,342857.1429,57142.85714,BENIGN
22,12829884,20,33,2008,2745,100.4,83.18181818,370.4632092,4.130980452,SSH-Patator
22,12187097,21,32,2024,2745,96.38095238,85.78125,391.3155036,4.348861751,SSH-Patator
22,79,1,1,0,0,0.0,0.0,0.0,25316.4557,SSH-Patator
5800,51,1,1,2,6,2.0,6.0,156862.7451,39215.68627,PortScan
53,213,2,2,58,122,29.0,61.0,845070.4225,18779.34272,BENIGN
80,82205174,8,5,56,11601,7.0,2320.2,141.8037264,0.158140898,DDoS
123,93956,1,1,48,48,48.0,48.0,1021.754864,21.28655967,BENIGN
21,288,2,1,14,0,7.0,0.0,48611.11111,10416.66667,FTP-Patator
80,27240060,2,0,12,0,6.0,0.0,0.440527664,0.073421277,BENIGN
21,10503314,9,15,102,188,11.33333333,12.53333333,27.61033327,2.284993098,FTP-Patator
443,95268,1,1,0,0,0.0,0.0,0.0,20.99340807,BENIGN
1079,42,1,1,2,6,2.0,6.0,190476.1905,47619.04762,PortScan
22,11670408,21,32,2008,2745,95.61904762,85.78125,407.2693945,4.541400781,SSH-Patator
80,53235,3,5,26,11607,8.666666667,2321.4,218521.6493,150.2770734,DDoS
3077,47,1,1,0,6,0.0,6.0,127659.5745,42553.19149,PortScan
22,13246084,21,32,2008,2745,95.61904762,85.78125,358.8230303,4.001182538,SSH-Patator
21,4,2,0,14,0,7.0,0.0,3500000.0,500000.0,FTP-Patator
80,6110884,5,0,30,0,6.0,0.0,4.909273356,0.818212226,DDoS
80,159437,3,4,26,11601,8.666666667,2900.25,72925.3561,43.90448892,DDoS
21,158446,19,25,206,480,10.84210526,19.2,4329.550762,277.6971334,BENIGN
53,168,2,2,100,156,50.0,78.0,1523809.524,23809.52381,BENIGN
443,2893556,11,8,500,4355,45.45454545,544.375,1677.866266,6.566314943,BENIGN
2034,48,1,1,0,6,0.0,6.0,125000.0,41666.66667,PortScan
21,9076882,9,15,102,188,11.33333333,12.53333333,31.94929713,2.644079762,FTP-Patator
6059,41,1,1,0,6,0.0,6.0,146341.4634,48780.4878,PortScan
53,922,2,2,94,206,47.0,103.0,325379.6095,4338.394794,BENIGN
80,10164025,7,4,50,11601,7.142857143,2900.25,1146.29785,1.08224842,DDoS
21,216,2,1,14,0,7.0,0.0,64814.81481,13888.88889,FTP-Patator
22,95,1,1,0,0,0.0,0.0,0.0,21052.63158,SSH-Patator
21,18,2,0,14,0,7.0,0.0,777777.7778,111111.1111,FTP-Patator
21,3,2,0,14,0,7.0,0.0,4666666.667,666666.6667,FTP-Patator
49400,86,1,1,2,6,2.0,6.0,93023.25581,23255.81395,PortScan
80,293175,3,4,26,11607,8.666666667,2901.75,39679.37239,23.87652426,DDoS
80,77440,3,4,26,11601,8.666666667,2900.25,150142.0455,90.39256198,DDoS
443,227387,12,11,1031,5028,85.91666667,457.0909091,26646.20229,101.1491422,BENIGN
22,11133398,23,32,2008,2745,87.30434783,85.78125,426.913688,4.940091067,SSH-Patator
21,209,2,1,14,0,7.0,0.0,66985.64593,14354.06699,FTP-Patator
80,5194874,4,0,24,0,6.0,0.0,4.619938809,0.769989801,DDoS
2260,48,1,1,2,6,2.0,6.0,166666.6667,41666.66667,PortScan
5051,34,1,1,2,6,2.0,6.0,235294.1176,58823.52941,PortScan
21,8990597,9,15,107,188,11.88888889,12.53333333,32.81205909,2.669455655,FTP-Patator
21,8927463,9,15,112,188,12.44444444,12.53333333,33.60417176,2.688333741,FTP-Patator
60446,48,3,0,43,0,14.33333333,0.0,895833.3333,62500.0,BENIGN
21,3,2,0,14,0,7.0,0.0,4666666.667,666666.6667,FTP-Patator
80,454590,3,5,26,11607,8.666666667,2321.4,25590.09217,17.59827537,DDoS
3333,4,1,1,0,6,0.0,6.0,1500000.0,500000.0,PortScan
80,546425,3,4,26,11601,8.666666667,2900.25,21278.30901,12.81054125,DDoS
22,12662108,22,33,2024,2745,92.0,83.18181818,376.6355492,4.343668527,SSH-Patator
1084,26,1,1,0,6,0.0,6.0,230769.2308,76923.07692,PortScan
21,9792742,9,15,99,188,11.0,12.53333333,29.30741972,2.45079468,FTP-Patator
53,168,2,2,102,224,51.0,112.0,1940476.19,23809.52381,BENIGN
22,11699741,21,32,2008,2745,95.61904762,85.78125,406.2483093,4.53001481,SSH-Patator
22,12622134,21,32,2008,2745,95.61904762,85.78125,376.5607305,4.19897301,SSH-Patator
80,26139,3,6,26,11601,8.666666667,1933.5,444814.2622,344.3130954,DDoS
80,10526334,4,0,24,0,6.0,0.0,2.279996056,0.379999343,DDoS
443,5754981,10,7,386,5133,38.6,733.2857143,958.9953468,2.953962837,BENIGN
55574,49,1,1,6,6,6.0,6.0,244897.9592,40816.32653,BENIGN
21,9293934,9,15,108,188,12.0,12.53333333,31.84873058,2.582329507,FTP-Patator
80,75599,3,6,26,11607,8.666666667,1934.5,153877.6968,119.0491938,DDoS
563,43,1,1,2,6,2.0,6.0,186046.5116,46511.62791,PortScan
22,80,1,1,0,0,0.0,0.0,0.0,25000.0,SSH-Patator
667,76,1,1,2,6,2.0,6.0,105263.1579,26315.78947,PortScan
1028,49,1,1,2,6,2.0,6.0,163265.3061,40816.32653,PortScan
443,119433500,15,13,586,4705,39.06666667,361.9230769,44.30080338,0.234440086,BENIGN
407,13,1,1,2,6,2.0,6.0,615384.6154,153846.1538,PortScan
53,209,2,2,68,388,34.0,194.0,2181818.182,19138.75598,BENIGN
2021,51,1,1,2,6,2.0,6.0,156862.7451,39215.68627,PortScan
53,257,2,2,74,186,37.0,93.0,1011673.152,15564.20233,BENIGN
22,11505115,22,32,2008,2745,91.27272727,85.78125,413.120599,4.693564558,SSH-Patator
80,14,1,1,6,6,6.0,6.0,857142.8571,142857.1429,BENIGN
1030,98,1,1,0,6,0.0,6.0,61224.4898,20408.16327,PortScan
53,24039,2,2,66,154,33.0,77.0,9151.795,166.3962727,BENIGN
22,26,1,1,0,0,0.0,0.0,0.0,76923.07692,SSH-Patator
1434,30,1,1,2,6,2.0,6.0,266666.6667,66666.66667,PortScan
53222,3,2,0,31,0,15.5,0.0,10300000.0,666666.6667,BENIGN
80,7680856,5,0,30,0,6.0,0.0,3.905814664,0.650969111,DDoS
4002,53,1,1,0,6,0.0,6.0,113207.5472,37735.84906,PortScan
21,259,2,1,14,0,7.0,0.0,54054.05405,11583.01158,FTP-Patator
21,241,2,1,14,0,7.0,0.0,58091.28631,12448.13278,FTP-Patator
53,53532,1,1,58,114,58.0,114.0,3213.031458,37.3608309,BENIGN
80,5163060,3,1,0,0,0.0,0.0,0.0,0.774734363,BENIGN
58439,1219675,6,2,11607,26,1934.5,13.0,9537.786705,6.559124357,BENIGN
22,10903259,19,31,2008,2745,105.6842105,88.5483871,435.9247084,4.585784856,SSH-Patator
1124,27,1,1,2,6,2.0,6.0,296296.2963,74074.07407,PortScan
21,8877327,9,15,98,188,10.88888889,12.53333333,32.21690493,2.703516498,FTP-Patator
21,310,2,1,14,0,7.0,0.0,45161.29032,9677.419355,FTP-Patator
22,11378423,21,32,2008,2745,95.61904762,85.78125,417.7204521,4.657938978,SSH-Patator
22,12986173,21,32,2008,2745,95.61904762,85.78125,366.0046728,4.081263972,SSH-Patator
2288,40,1,1,0,6,0.0,6.0,150000.0,50000.0,PortScan
80,1867660,3,6,26,11607,8.666666667,1934.5,6228.649754,4.818864247,DDoS
22,12193613,21,32,2008,2745,95.61904762,85.78125,389.7942308,4.346537815,SSH-Patator
443,7219499,12,13,1082,9032,90.16666667,694.7692308,1400.928236,3.462844167,BENIGN
53,76326,2,2,58,240,29.0,120.0,3904.305217,52.40678144,BENIGN
443,116556586,20,16,1029,975,51.45,60.9375,17.19336563,0.308862856,BENIGN
80,3078943,5,0,30,0,6.0,0.0,9.743603568,1.623933928,DDoS
80,2120956,5,0,30,0,6.0,0.0,14.144565,2.3574275,DDoS
2191,39,1,1,2,6,2.0,6.0,205128.2051,51282.05128,PortScan
7890,4,2,0,31,0,15.5,0.0,7750000.0,500000.0,BENIGN
22,12331662,21,31,2008,2745,95.61904762,88.5483871,385.4306094,4.216787648,SSH-Patator
80,1238733,3,4,26,11607,8.666666667,2901.75,9391.047143,5.65093527,DDoS
22,13768516,19,31,2008,2745,105.6842105,88.5483871,345.2078641,3.631473428,SSH-Patator
80,932321,2,7,20,11601,10.0,1657.285714,12464.59106,9.653327556,DDoS
2522,24,1,1,0,6,0.0,6.0,250000.0,83333.33333,PortScan
22,71,1,1,0,0,0.0,0.0,0.0,28169.01408,SSH-Patator
21,7750520,9,15,107,188,11.88888889,12.53333333,38.06196229,3.096566424,FTP-Patator
9111,48,1,1,0,6,0.0,6.0,125000.0,41666.66667,PortScan
22,52,1,1,0,0,0.0,0.0,0.0,38461.53846,SSH-Patator
22,73,1,1,0,0,0.0,0.0,0.0,27397.26027,SSH-Patator
21,10282732,9,15,97,188,10.77777778,12.53333333,27.71636954,2.334010067,FTP-Patator
21,48,2,0,14,0,7.0,0.0,291666.6667,41666.66667,FTP-Patator
3390,44,1,1,0,6,0.0,6.0,136363.6364,45454.54545,PortScan
443,115289620,23,24,1820,15245,79.13043478,635.2083333,148.0185293,0.407668964,BENIGN
80,429837,3,4,604,946,201.3333333,236.5,3606.018095,16.28524301,BENIGN
80,100106231,8,4,56,11607,7.0,2901.75,116.5062343,0.119872658,DDoS
22,12301661,24,33,2024,2745,84.33333333,83.18181818,387.6712259,4.633520628,SSH-Patator
21,208,2,1,14,0,7.0,0.0,67307.69231,14423.07692,FTP-Patator
21,223,2,1,14,0,7.0,0.0,62780.26906,13452.9148,FTP-Patator
80,4036968,5,0,30,0,6.0,0.0,7.431319743,1.23855329,DDoS
80,165663,3,4,431,2267,143.6666667,566.75,16286.07474,42.25445634,BENIGN
443,352383,8,6,897,3185,112.125,530.8333333,11583.98674,39.72949887,BENIGN
80,7679818,5,0,30,0,6.0,0.0,3.906342572,0.651057095,DDoS
53,38232952,2,2,107,176,53.5,88.0,7.401991873,0.104621793,BENIGN
53,207,2,2,62,274,31.0,137.0,1623188.406,19323.6715,BENIGN
1047,28,1,1,2,6,2.0,6.0,285714.2857,71428.57143,PortScan
22,11425161,23,32,2008,2745,87.30434783,85.78125,416.0116431,4.813936539,SSH-Patator
19780,48,1,1,0,6,0.0,6.0,125000.0,41666.66667,PortScan
80,2017997,5,0,30,0,6.0,0.0,14.86622626,2.477704377,DDoS
21,8533673,9,15,101,188,11.22222222,12.53333333,33.86583948,2.812388054,FTP-Patator
4446,49,1,1,2,6,2.0,6.0,163265.3061,40816.32653,PortScan
55349,7675104,1,5,1375,24,1375.0,4.8,182.2776603,0.781748365,BENIGN
55518,3,2,0,0,0,0.0,0.0,0.0,666666.6667,BENIGN
21,8427301,9,15,128,188,14.22222222,12.53333333,37.49717733,2.847886886,FTP-Patator
443,7537124,7,5,358,172,51.14285714,34.4,70.31859898,1.592119222,BENIGN
22,66,1,1,0,0,0.0,0.0,0.0,30303.0303,SSH-Patator
54158,94083,2,1,0,0,0.0,0.0,0.0,31.88673831,BENIGN
80,7636832,4,0,24,0,6.0,0.0,3.142664393,0.523777399,DDoS
80,86568106,14,11,1196,1106,85.42857143,100.5454545,26.59177966,0.288789962,BENIGN
22,79,1,1,0,0,0.0,0.0,0.0,25316.4557,SSH-Patator
21,310,2,1,14,0,7.0,0.0,45161.29032,9677.419355,FTP-Patator
22,40,1,1,0,0,0.0,0.0,0.0,50000.0,SSH-Patator
1130,54,1,1,2,6,2.0,6.0,148148.1481,37037.03704,PortScan
53,311184,4,2,128,96,32.0,48.0,719.8313538,19.28119698,BENIGN
21,3,2,0,14,0,7.0,0.0,4666666.667,666666.6667,FTP-Patator
5000,73,1,1,2,6,2.0,6.0,109589.0411,27397.26027,PortScan
21,8218557,9,15,102,188,11.33333333,12.53333333,35.28599972,2.920220666,FTP-Patator
53,173,2,2,80,336,40.0,168.0,2404624.277,23121.38728,BENIGN
51601,9115188,5,8,12976,50,2595.2,6.25,1429.043482,1.4261911,BENIGN
58372,77387433,5,9,12976,56,2595.2,6.222222222,168.3994351,0.180907926,BENIGN
53,66275,2,2,94,256,47.0,128.0,5281.026028,60.35458318,BENIGN
3007,43,1,1,2,6,2.0,6.0,186046.5116,46511.62791,PortScan
22,11447131,21,32,2008,2745,95.61904762,85.78125,415.2132093,4.629981084,SSH-Patator
389,148,2,2,104,178,52.0,89.0,1905405.405,27027.02703,BENIGN
22,12826080,21,32,2008,2745,95.61904762,85.78125,370.5730823,4.132205631,SSH-Patator
80,71907286,8,5,56,11607,7.0,2321.4,162.1949687,0.180788356,DDoS
21,9159121,9,15,111,188,12.33333333,12.53333333,32.64505404,2.620338786,FTP-Patator
80,80220184,8,6,56,11601,7.0,1933.5,145.3125563,0.17451967,DDoS
22,10639709,21,32,2008,2745,95.61904762,85.78125,446.722744,4.981339245,SSH-Patator
53,30727,4,2,160,202,40.0,101.0,11781.16966,195.2680053,BENIGN
23,45,1,1,2,6,2.0,6.0,177777.7778,44444.44444,PortScan
443,166,2,0,12,0,6.0,0.0,72289.15663,12048.19277,BENIGN
1187,48,1,1,0,6,0.0,6.0,125000.0,41666.66667,PortScan
443,98988,20,25,2126,41017,106.3,1640.68,435840.708,454.6005576,BENIGN
22,78,1,1,0,0,0.0,0.0,0.0,25641.02564,SSH-Patator
80,115861670,16,15,432,1774,27.0,118.2666667,19.03994652,0.267560445,BENIGN
80,2296979,4,0,24,0,6.0,0.0,10.44850649,1.741417749,DDoS
22,81,1,1,0,0,0.0,0.0,0.0,24691.35802,SSH-Patator
80,91185,3,5,26,11607,8.666666667,2321.4,127575.8074,87.73372814,DDoS
22,97,1,1,0,0,0.0,0.0,0.0,20618.5567,SSH-Patator
46160,2,3,0,0,0,0.0,0.0,0.0,1500000.0,BENIGN
53,32056,2,2,68,260,34.0,130.0,10232.09384,124.7816321,BENIGN
53,171,2,2,74,106,37.0,53.0,1052631.579,23391.81287,BENIGN
22,74,1,1,0,0,0.0,0.0,0.0,27027.02703,SSH-Patator
22,96,1,1,0,0,0.0,0.0,0.0,20833.33333,SSH-Patator
2068,97,1,1,2,6,2.0,6.0,82474.2268,20618.5567,PortScan
21,8816192,9,15,107,188,11.88888889,12.53333333,33.46115874,2.722263762,FTP-Patator
2043,76,1,1,0,6,0.0,6.0,78947.36842,26315.78947,PortScan
22,63,1,1,0,0,0.0,0.0,0.0,31746.03175,SSH-Patator
1059,65,1,1,0,6,0.0,6.0,92307.69231,30769.23077,PortScan
7778,45,1,1,0,6,0.0,6.0,133333.3333,44444.44444,PortScan
443,5956255,8,7,373,6100,46.625,871.4285714,1086.756695,2.51836095,BENIGN
21,8731830,9,15,109,188,12.11111111,12.53333333,34.01348858,2.748564734,FTP-Patator
50350,716599,1,5,6,30,6.0,6.0,50.23730148,8.372883579,BENIGN
53,23485,1,1,58,186,58.0,186.0,10389.61039,85.1607409,BENIGN
22,93,1,1,0,0,0.0,0.0,0.0,21505.37634,SSH-Patator
22,110,1,1,0,0,0.0,0.0,0.0,18181.81818,SSH-Patator
21,9904401,9,15,103,188,11.44444444,12.53333333,29.38087826,2.423165217,FTP-Patator
53,210,2,2,62,94,31.0,47.0,742857.1429,19047.61905,BENIGN
22,79,1,1,0,0,0.0,0.0,0.0,25316.4557,SSH-Patator
3998,106,1,1,0,6,0.0,6.0,56603.77358,18867.92453,PortScan
80,8205801,5,0,30,0,6.0,0.0,3.655950224,0.609325037,DDoS
80,6393502,3,1,0,0,0.0,0.0,0.0,0.625635215,BENIGN
53,216,2,2,60,264,30.0,132.0,1500000.0,18518.51852,BENIGN
21,1,2,0,14,0,7.0,0.0,14000000.0,2000000.0,FTP-Patator
21,212,2,1,14,0,7.0,0.0,66037.73585,14150.9434,FTP-Patator
22,12506337,19,31,2008,2745,105.6842105,88.5483871,380.0473312,3.997973188,SSH-Patator
22,12402695,22,33,2008,2745,91.27272727,83.18181818,383.2231624,4.434520078,SSH-Patator
9418,38,1,1,0,6,0.0,6.0,157894.7368,52631.57895,PortScan
53,76773,4,2,188,226,47.0,113.0,5392.520808,78.15247548,BENIGN
22,10391756,21,32,2008,2745,95.61904762,85.78125,457.3817938,5.100196733,SSH-Patator
80,5372797,4,0,24,0,6.0,0.0,4.466947104,0.744491184,DDoS
443,118184507,14,15,867,4508,61.92857143,300.5333333,45.4797345,0.245379033,BENIGN
22,73,1,1,0,0,0.0,0.0,0.0,27397.26027,SSH-Patator
21,8967006,9,15,104,188,11.55555556,12.53333333,32.56382342,2.676478637,FTP-Patator
80,22551394,5,0,30,0,6.0,0.0,1.330294704,0.221715784,DDoS
21,4,2,0,14,0,7.0,0.0,3500000.0,500000.0,FTP-Patator
56393,4,2,0,12,0,6.0,0.0,3000000.0,500000.0,BENIGN
443,13979038,3,2,18,12,6.0,6.0,2.146070423,0.357678404,BENIGN
34573,23,1,1,0,6,0.0,6.0,260869.5652,86956.52174,PortScan
53,221,2,2,106,362,53.0,181.0,2117647.059,18099.54751,BENIGN
53,219,2,2,136,392,68.0,196.0,2410958.904,18264.84018,BENIGN
80,91346867,8,5,56,11607,7.0,2321.4,127.6781611,0.142314678,DDoS
21,10163820,9,15,104,188,11.55555556,12.53333333,28.7293557,2.361316906,FTP-Patator
53,197,2,2,66,258,33.0,129.0,1644670.051,20304.56853,BENIGN
80,80276900,9,4,62,11607,6.888888889,2901.75,145.3593749,0.161939487,DDoS
3404,57,1,1,2,6,2.0,6.0,140350.8772,35087.7193,PortScan
62132,1864976,1,5,6,30,6.0,6.0,19.30319747,3.217199578,BENIGN
1583,62,1,1,0,6,0.0,6.0,96774.19355,32258.06452,PortScan
8180,46,1,1,0,6,0.0,6.0,130434.7826,43478.26087,PortScan
2382,70,1,1,0,6,0.0,6.0,85714.28571,28571.42857,PortScan
57008,92686597,6,9,11613,62,1935.5,6.888888889,125.9621173,0.161835697,BENIGN
22,52,1,1,0,0,0.0,0.0,0.0,38461.53846,SSH-Patator
22,12316732,21,33,2008,2745,95.61904762,83.18181818,385.8978177,4.384279856,SSH-Patator
80,127017,4,2,32,6,8.0,3.0,299.1725517,47.23777132,DDoS
80,685147,4,0,24,0,6.0,0.0,35.02897918,5.838163197,DDoS
443,166610,2,1,37,0,18.5,0.0,222.0755057,18.00612208,BENIGN
80,80592970,8,4,56,11607,7.0,2901.75,144.7148554,0.148896362,DDoS
80,2002978,5,0,30,0,6.0,0.0,14.97769821,2.496283035,DDoS
80,3077438,4,0,24,0,6.0,0.0,7.798694888,1.299782481,DDoS
21,250,2,1,14,0,7.0,0.0,56000.0,12000.0,FTP-Patator
80,2084972,4,0,24,0,6.0,0.0,11.51094595,1.918490992,DDoS
22,70,1,1,0,0,0.0,0.0,0.0,28571.42857,SSH-Patator
80,6051829,5,0,30,0,6.0,0.0,4.957179061,0.82619651,DDoS
443,3939468,7,6,1660,3369,237.1428571,561.5,1276.568308,3.299937961,BENIGN
65106,95637199,5,10,11613,68,2322.6,6.8,122.138667,0.156842736,BENIGN
21,9332258,9,15,102,188,11.33333333,12.53333333,31.07500886,2.571724871,FTP-Patator
50310,234,1,1,0,0,0.0,0.0,0.0,8547.008547,BENIGN
53,165,2,2,80,112,40.0,56.0,1163636.364,24242.42424,BENIGN
40494,703533,5,2,11601,26,2320.2,13.0,16526.58795,9.949782029,BENIGN
21,3,2,0,14,0,7.0,0.0,4666666.667,666666.6667,FTP-Patator
21,9040746,9,15,100,188,11.11111111,12.53333333,31.85577827,2.654648189,FTP-Patator
21,244,2,1,14,0,7.0,0.0,57377.04918,12295.08197,FTP-Patator
21,9474452,9,15,109,188,12.11111111,12.53333333,31.34745946,2.533128037,FTP-Patator
80,251625,3,5,26,11601,8.666666667,2320.2,46207.65027,31.79334327,DDoS
53,182,2,2,64,96,32.0,48.0,879120.8791,21978.02198,BENIGN
6129,42,1,1,0,6,0.0,6.0,142857.1429,47619.04762,PortScan
80,3055967,5,0,30,0,6.0,0.0,9.816859933,1.636143322,DDoS
80,311573,3,5,26,11607,8.666666667,2321.4,37336.35456,25.67616578,DDoS
53,264,2,2,90,122,45.0,61.0,803030.303,15151.51515,BENIGN
22,76,1,1,0,0,0.0,0.0,0.0,26315.78947,SSH-Patator
10180,25,1,1,2,6,2.0,6.0,320000.0,80000.0,PortScan
53,175,2,2,72,200,36.0,100.0,1554285.714,22857.14286,BENIGN
21,2,2,0,14,0,7.0,0.0,7000000.0,1000000.0,FTP-Patator
25,59,1,1,2,6,2.0,6.0,135593.2203,33898.30508,PortScan
563,4,1,1,2,6,2.0,6.0,2000000.0,500000.0,PortScan
22,111,1,1,0,0,0.0,0.0,0.0,18018.01802,SSH-Patator
80,1134582,3,6,26,11601,8.666666667,1933.5,10247.82695,7.932436792,DDoS
80,81928579,8,7,56,11607,7.0,1658.142857,142.3556974,0.183086295,DDoS
22,84,1,1,0,0,0.0,0.0,0.0,23809.52381,SSH-Patator
80,168202,3,7,26,11601,8.666666667,1657.285714,69125.21849,59.45232518,DDoS
80,10210864,18,11,4541,9718,252.2777778,883.4545455,1396.453816,2.840112257,BENIGN
80,194939,1,1,0,0,0.0,0.0,0.0,10.25961968,BENIGN
53,48022,1,1,55,88,55.0,88.0,2977.801841,41.64757819,BENIGN
22,12396824,21,32,2008,2745,95.61904762,85.78125,383.4046527,4.275288574,SSH-Patator
21,9306535,9,15,111,188,12.33333333,12.53333333,32.1279617,2.578833046,FTP-Patator
22,73,1,1,0,0,0.0,0.0,0.0,27397.26027,SSH-Patator
21,8405862,9,15,103,188,11.44444444,12.53333333,34.61869824,2.85515037,FTP-Patator
80,208555,1,1,0,0,0.0,0.0,0.0,9.589796457,BENIGN
80,1259514,3,6,26,11607,8.666666667,1934.5,9236.102179,7.145613308,DDoS
80,8093775,5,0,30,0,6.0,0.0,3.706552258,0.61775871,DDoS
1494,66,1,1,2,6,2.0,6.0,121212.1212,30303.0303,PortScan
53,48732,2,2,94,268,47.0,134.0,7428.383814,82.0815891,BENIGN
53,96668,1,1,39,199,39.0,199.0,2462.035006,20.6893698,BENIGN
80,3124866,5,0,30,0,6.0,0.0,9.600411666,1.600068611,DDoS
80,105291,1,1,6,6,6.0,6.0,113.969855,18.99497583,BENIGN
53,207,2,2,80,336,40.0,168.0,2009661.836,19323.6715,BENIGN
80,1862106,3,6,26,11607,8.666666667,1934.5,6247.227601,4.833237206,DDoS
53,211,2,2,86,322,43.0,161.0,1933649.289,18957.34597,BENIGN
6547,43,1,1,0,6,0.0,6.0,139534.8837,46511.62791,PortScan
21,8998441,9,15,135,188,15.0,12.53333333,35.89510672,2.667128673,FTP-Patator
1334,71,1,1,2,6,2.0,6.0,112676.0563,28169.01408,PortScan
80,772120,3,5,26,11607,8.666666667,2321.4,15066.31094,10.36108377,DDoS
22,12331498,23,32,2008,2745,87.30434783,85.78125,385.4357354,4.460123174,SSH-Patator
1688,28,1,1,2,6,2.0,6.0,285714.2857,71428.57143,PortScan
648,157,1,1,0,6,0.0,6.0,38216.56051,12738.8535,PortScan
10215,53,1,1,2,6,2.0,6.0,150943.3962,37735.84906,PortScan
53,74351796,2,2,126,362,63.0,181.0,6.563392228,0.053798297,BENIGN
80,81981537,8,6,56,11601,7.0,1933.5,142.190552,0.170770158,DDoS
22,66,1,1,0,0,0.0,0.0,0.0,30303.0303,SSH-Patator
53,24389,1,1,52,68,52.0,68.0,4920.250933,82.00418221,BENIGN
443,3,2,0,12,0,6.0,0.0,4000000.0,666666.6667,BENIGN
1038,49,1,1,2,6,2.0,6.0,163265.3061,40816.32653,PortScan
80,5696413,3,1,12,0,4.0,0.0,2.106588831,0.702196277,BENIGN
80,2752091,5,0,30,0,6.0,0.0,10.90080234,1.816800389,DDoS
53,32056,2,2,70,180,35.0,90.0,7798.852009,124.7816321,BENIGN
254,54,1,1,2,6,2.0,6.0,148148.1481,37037.03704,PortScan
443,106,2,0,0,0,0.0,0.0,0.0,18867.92453,BENIGN
21,9131450,9,15,106,188,11.77777778,12.53333333,32.19642006,2.628279189,FTP-Patator
22,66,1,1,0,0,0.0,0.0,0.0,30303.0303,SSH-Patator
22,11365656,21,32,2008,2745,95.61904762,85.78125,418.189676,4.663171224,SSH-Patator
2910,49,1,1,0,6,0.0,6.0,122448.9796,40816.32653,PortScan
21,9513561,9,15,112,188,12.44444444,12.53333333,31.53393351,2.522714681,FTP-Patator
53,58009,2,2,80,112,40.0,56.0,3309.831233,68.95481736,BENIGN
22,11728834,19,31,2008,2745,105.6842105,88.5483871,405.2406232,4.262998351,SSH-Patator
54236,57,1,1,6,6,6.0,6.0,210526.3158,35087.7193,BENIGN
83,78,1,1,2,6,2.0,6.0,102564.1026,25641.02564,PortScan
53,230,2,2,66,234,33.0,117.0,1304347.826,17391.30435,BENIGN
22,50,1,1,0,0,0.0,0.0,0.0,40000.0,SSH-Patator
443,6040250,9,7,381,5276,42.33333333,753.7142857,936.5506395,2.648896983,BENIGN
3945,53,1,1,0,6,0.0,6.0,113207.5472,37735.84906,PortScan
1093,88,1,1,0,6,0.0,6.0,68181.81818,22727.27273,PortScan
138,47,26,0,5863,0,225.5,0.0,125000000.0,553191.4894,BENIGN
21,225,2,1,14,0,7.0,0.0,62222.22222,13333.33333,FTP-Patator
53,93990,2,2,74,182,37.0,91.0,2723.69401,42.55771891,BENIGN
443,140853,10,5,1182,1071,118.2,214.2,15995.39946,106.4940044,BENIGN
53,23344,1,1,57,121,57.0,121.0,7625.085675,85.67511995,BENIGN
1187,58,1,1,2,6,2.0,6.0,137931.0345,34482.75862,PortScan
22,69,1,1,0,0,0.0,0.0,0.0,28985.50725,SSH-Patator
21,224,2,1,14,0,7.0,0.0,62500.0,13392.85714,FTP-Patator
407,25,1,1,0,6,0.0,6.0,240000.0,80000.0,PortScan
6510,65,1,1,0,6,0.0,6.0,92307.69231,30769.23077,PortScan
80,115330620,39,51,356,68870,9.128205128,1350.392157,600.2395548,0.78036518,BENIGN
80,8024801,5,0,30,0,6.0,0.0,3.73841046,0.62306841,DDoS
21,3,2,0,14,0,7.0,0.0,4666666.667,666666.6667,FTP-Patator
21,1,2,0,14,0,7.0,0.0,14000000.0,2000000.0,FTP-Patator
443,3,2,0,0,0,0.0,0.0,0.0,666666.6667,BENIGN
22,14014131,21,32,2008,2745,95.61904762,85.78125,339.1576688,3.781897001,SSH-Patator
21,8654871,9,15,105,188,11.66666667,12.53333333,33.85376859,2.773004936,FTP-Patator
22,14264548,22,33,2008,2745,91.27272727,83.18181818,333.2036879,3.855712778,SSH-Patator
80,67,2,0,12,0,6.0,0.0,179104.4776,29850.74627,BENIGN
21,233,2,1,14,0,7.0,0.0,60085.83691,12875.53648,FTP-Patator
53,177,2,2,70,134,35.0,67.0,1152542.373,22598.87006,BENIGN
1972,21,1,1,2,6,2.0,6.0,380952.381,95238.09524,PortScan
80,10095727,4,0,24,0,6.0,0.0,2.377243362,0.396207227,DDoS
80,1518861,4,0,24,0,6.0,0.0,15.80131427,2.633552379,DDoS
80,5877892,5,0,30,0,6.0,0.0,5.103870571,0.850645095,DDoS
80,88623851,8,7,56,11607,7.0,1658.142857,131.601142,0.169254663,DDoS
80,752606,3,5,26,11607,8.666666667,2321.4,15456.95889,10.62973189,DDoS
53,23446,1,1,47,91,47.0,91.0,5885.865393,85.302397,BENIGN
443,60486066,14,11,938,1178,67.0,107.0909091,34.98326375,0.413318334,BENIGN
5911,97,1,1,0,6,0.0,6.0,61855.6701,20618.5567,PortScan
80,3983913,5,0,30,0,6.0,0.0,7.530284923,1.255047487,DDoS
53,62212,2,2,62,174,31.0,87.0,3793.480357,64.29627725,BENIGN
80,3953899,4,0,24,0,6.0,0.0,6.069957781,1.01165963,DDoS
80,875495,3,6,26,11607,8.666666667,1934.5,13287.3403,10.2798988,DDoS
80,79197737,8,4,56,11607,7.0,2901.75,147.2643088,0.151519481,DDoS
53,198,2,2,60,264,30.0,132.0,1636363.636,20202.0202,BENIGN
21,204,2,1,14,0,7.0,0.0,68627.45098,14705.88235,FTP-Patator
21,9367127,9,15,99,188,11.0,12.53333333,30.63906361,2.562151661,FTP-Patator
80,6254817,4,0,24,0,6.0,0.0,3.837042714,0.639507119,DDoS
5962,45,1,1,2,6,2.0,6.0,177777.7778,44444.44444,PortScan
80,39062,3,6,26,11601,8.666666667,1933.5,297655.01,230.4029492,DDoS
36905,5798633,1,5,6,30,6.0,6.0,6.208359798,1.034726633,BENIGN
80,1848966,3,4,26,11601,8.666666667,2900.25,6288.379559,3.785899795,DDoS
21,204,2,1,14,0,7.0,0.0,68627.45098,14705.88235,FTP-Patator
80,3004886,5,0,30,0,6.0,0.0,9.983739816,1.663956636,DDoS
22,73,1,1,0,0,0.0,0.0,0.0,27397.26027,SSH-Patator
443,3,2,0,12,0,6.0,0.0,4000000.0,666666.6667,BENIGN
22,11975253,23,32,2008,2745,87.30434783,85.78125,396.9018442,4.592804845,SSH-Patator
9876,39,1,1,0,6,0.0,6.0,153846.1538,51282.05128,PortScan
443,111958775,50,76,16867,7945,337.34,104.5394737,221.6172873,1.125414243,BENIGN
110,89,1,1,2,6,2.0,6.0,89887.64045,22471.91011,PortScan
21,9078831,9,15,108,188,12.0,12.53333333,32.60331644,2.643512144,FTP-Patator
59059,171,3,1,31,0,10.33333333,0.0,181286.5497,23391.81287,BENIGN
53,65837,4,2,160,212,40.0,106.0,5650.31821,91.13416468,BENIGN
55928,696,2,0,12,0,6.0,0.0,17241.37931,2873.563218,BENIGN
53,32299813,2,2,97,250,48.5,125.0,10.74309625,0.123839726,BENIGN
21,9522828,9,15,102,188,11.33333333,12.53333333,30.4531385,2.520259738,FTP-Patator
443,100104,5,5,1309,729,261.8,145.8,20358.82682,99.89610805,BENIGN
21,3,2,0,14,0,7.0,0.0,4666666.667,666666.6667,FTP-Patator
21,8527607,9,15,117,188,13.0,12.53333333,35.76618857,2.814388609,FTP-Patator
80,116091279,35,37,1091,57547,31.17142857,1555.324324,505.1025409,0.620201626,BENIGN
51762,2864,2,0,0,0,0.0,0.0,0.0,698.3240223,BENIGN
22,17365663,31,41,2200,3209,70.96774194,78.26829268,311.4767343,4.146112936,SSH-Patator
53,170780,2,2,58,512,29.0,256.0,3337.627357,23.42194636,BENIGN
1187,71,1,1,0,6,0.0,6.0,84507.04225,28169.01408,PortScan
21,9427128,9,15,114,188,12.66666667,12.53333333,32.03520733,2.545844291,FTP-Patator
56183,59752,5,2,11601,26,2320.2,13.0,194587.6289,117.1508903,BENIGN
80,168055,5,0,30,0,6.0,0.0,178.5129868,29.75216447,DDoS
53,174,2,2,60,264,30.0,132.0,1862068.966,22988.50575,BENIGN
22,13512148,21,32,2008,2745,95.61904762,85.78125,351.7575444,3.92239635,SSH-Patator
80,1871019,2,7,20,11601,10.0,1657.285714,6211.053976,4.810213044,DDoS
53,47472,1,1,44,261,44.0,261.0,6424.839906,42.13009774,BENIGN
58946,66,1,1,0,0,0.0,0.0,0.0,30303.0303,BENIGN
22,10463253,20,33,2008,2745,100.4,83.18181818,454.2564344,5.065346312,SSH-Patator
21,287,2,1,14,0,7.0,0.0,48780.4878,10452.96167,FTP-Patator
80,50034,5,0,30,0,6.0,0.0,599.5922773,99.93204621,DDoS
80,392722,6,7,298,11726,49.66666667,1675.142857,30617.07773,33.10229628,BENIGN
21,3,2,0,14,0,7.0,0.0,4666666.667,666666.6667,FTP-Patator
80,8257988,4,0,24,0,6.0,0.0,2.906276928,0.484379488,DDoS
53,173,2,2,102,134,51.0,67.0,1364161.85,23121.38728,BENIGN
21,68,2,0,14,0,7.0,0.0,205882.3529,29411.76471,FTP-Patator
22,11808984,21,32,2008,2745,95.61904762,85.78125,402.4901719,4.488108376,SSH-Patator
22,62,1,1,0,0,0.0,0.0,0.0,32258.06452,SSH-Patator
80,1827649,3,6,26,11601,8.666666667,1933.5,6361.724817,4.924359108,DDoS
80,803659,3,5,26,11607,8.666666667,2321.4,14475.04476,9.954470739,DDoS
52211,240,2,0,0,0,0.0,0.0,0.0,8333.333333,BENIGN
1999,24,1,1,0,6,0.0,6.0,250000.0,83333.33333,PortScan
22,78,1,1,0,0,0.0,0.0,0.0,25641.02564,SSH-Patator
443,5680676,7,4,599,156,85.57142857,39.0,132.9067174,1.936389261,BENIGN
53,164,2,2,60,252,30.0,126.0,1902439.024,24390.2439,BENIGN
9101,49,1,1,0,6,0.0,6.0,122448.9796,40816.32653,PortScan
443,120,2,0,52,0,26.0,0.0,433333.3333,16666.66667,BENIGN
21,9207463,9,15,107,188,11.88888889,12.53333333,32.03922731,2.606581205,FTP-Patator
53,27085,1,1,45,61,45.0,61.0,3913.605317,73.84160975,BENIGN
22,99,1,1,0,0,0.0,0.0,0.0,20202.0202,SSH-Patator
1217,56,1,1,2,6,2.0,6.0,142857.1429,35714.28571,PortScan
80,80642664,8,5,56,11607,7.0,2321.4,144.6256785,0.161204992,DDoS
80,127029,3,5,26,11607,8.666666667,2321.4,91577.5138,62.97774524,DDoS
8649,55,1,1,0,6,0.0,6.0,109090.9091,36363.63636,PortScan
5050,17,1,1,0,6,0.0,6.0,352941.1765,117647.0588,PortScan
53,24440,2,2,66,538,33.0,269.0,24713.58429,163.6661211,BENIGN
80,33198,3,4,26,11601,8.666666667,2900.25,350231.9417,210.8560757,DDoS
53,62813,2,2,70,324,35.0,162.0,6272.586885,63.68108513,BENIGN
35670,2070977,1,5,6,30,6.0,6.0,17.38309986,2.89718331,BENIGN
80,5219352,3,1,0,0,0.0,0.0,0.0,0.766378662,BENIGN
22,13729374,23,31,2008,2745,87.30434783,88.5483871,346.1920405,3.933172772,SSH-Patator
22,13139687,21,32,2008,2745,95.61904762,85.78125,361.7285556,4.033581622,SSH-Patator
22,13043353,21,31,2008,2745,95.61904762,88.5483871,364.4001661,3.986704952,SSH-Patator
22,14101296,23,32,2008,2745,87.30434783,85.78125,337.0612176,3.90035072,SSH-Patator
22,12465357,21,32,2008,2745,95.61904762,85.78125,381.296741,4.251783563,SSH-Patator
37238,50,1,2,0,0,0.0,0.0,0.0,60000.0,BENIGN
53,31177,2,2,90,212,45.0,106.0,9686.627963,128.2997081,BENIGN
80,11910692,4,0,24,0,6.0,0.0,2.014996274,0.335832712,DDoS
53,24040,2,2,72,328,36.0,164.0,16638.93511,166.3893511,BENIGN
21,7799909,9,15,110,188,12.22222222,12.53333333,38.20557394,3.076958975,FTP-Patator
22,12625276,21,32,2008,2745,95.61904762,85.78125,376.4670174,4.197928029,SSH-Patator
53,30959,2,2,90,122,45.0,61.0,6847.766401,129.2031396,BENIGN
3268,93402420,28,14,5642,1008,201.5,72.0,71.19729874,0.44966715,BENIGN
53,40910,4,2,140,172,35.0,86.0,7626.497189,146.6634075,BENIGN
443,148269,26,49,887,68021,34.11538462,1388.183673,464749.8803,505.8373632,BENIGN
21,1,2,0,14,0,7.0,0.0,14000000.0,2000000.0,FTP-Patator
63302,437184,7,2,11601,26,1657.285714,13.0,26595.20934,20.58629776,BENIGN
80,5322881,5,0,30,0,6.0,0.0,5.636045593,0.939340932,DDoS
80,570313,3,5,26,11607,8.666666667,2321.4,20397.57116,14.02738496,DDoS
21,8693370,9,15,95,188,10.55555556,12.53333333,32.55354368,2.760724552,FTP-Patator
21,9148395,9,15,100,188,11.11111111,12.53333333,31.4809319,2.623410992,FTP-Patator
22,46,1,1,0,0,0.0,0.0,0.0,43478.26087,SSH-Patator
21,8938220,9,15,110,188,12.22222222,12.53333333,33.33997149,2.685098375,FTP-Patator
3030,52,1,1,2,6,2.0,6.0,153846.1538,38461.53846,PortScan
53,151,2,2,80,112,40.0,56.0,1271523.179,26490.06623,BENIGN
1154,94,1,1,0,6,0.0,6.0,63829.78723,21276.59574,PortScan
80,81277824,8,5,56,11607,7.0,2321.4,143.4954755,0.159945227,DDoS
1054,73,1,1,2,6,2.0,6.0,109589.0411,27397.26027,PortScan
21,8232450,9,15,104,188,11.55555556,12.53333333,35.46939247,2.915292531,FTP-Patator
22,77,1,1,0,0,0.0,0.0,0.0,25974.02597,SSH-Patator
49800,90,1,1,0,0,0.0,0.0,0.0,22222.22222,BENIGN
80,71990311,8,4,56,11607,7.0,2901.75,162.0079124,0.166689098,DDoS
22,74,1,1,0,0,0.0,0.0,0.0,27027.02703,SSH-Patator
22,76,1,1,0,0,0.0,0.0,0.0,26315.78947,SSH-Patator
53,48224,2,2,90,226,45.0,113.0,6552.753816,82.94625083,BENIGN
21,255,2,1,14,0,7.0,0.0,54901.96078,11764.70588,FTP-Patator
2035,44,1,1,2,6,2.0,6.0,181818.1818,45454.54545,PortScan
21,8339737,9,15,109,188,12.11111111,12.53333333,35.61263383,2.877788592,FTP-Patator
53,86681,1,1,54,70,54.0,70.0,1430.532643,23.07310714,BENIGN
80,1820426,3,6,26,11607,8.666666667,1934.5,6390.262499,4.943897747,DDoS
10002,44,1,1,0,6,0.0,6.0,136363.6364,45454.54545,PortScan
22,52,1,1,0,0,0.0,0.0,0.0,38461.53846,SSH-Patator
21,3,2,0,14,0,7.0,0.0,4666666.667,666666.6667,FTP-Patator
1056,42,1,1,0,6,0.0,6.0,142857.1429,47619.04762,PortScan
21,9169965,9,15,99,188,11.0,12.53333333,31.29782938,2.617240088,FTP-Patator
21,8745822,9,15,112,188,12.44444444,12.53333333,34.30209305,2.744167444,FTP-Patator
21,9927112,9,15,107,188,11.88888889,12.53333333,29.71659834,2.41762156,FTP-Patator
22,12421737,19,31,2008,2745,105.6842105,88.5483871,382.6356974,4.02520195,SSH-Patator
4000,52,1,1,0,6,0.0,6.0,115384.6154,38461.53846,PortScan
15915,21803678,1,5,6,30,6.0,6.0,1.651097581,0.27518293,BENIGN
80,530049,3,6,26,11607,8.666666667,1934.5,21947.02754,16.97956227,DDoS
21,4,2,0,14,0,7.0,0.0,3500000.0,500000.0,FTP-Patator
59229,104,1,1,6,6,6.0,6.0,115384.6154,19230.76923,BENIGN
9362,3,2,0,37,0,18.5,0.0,12300000.0,666666.6667,BENIGN
80,111760,3,4,26,11601,8.666666667,2900.25,104035.4331,62.63421618,DDoS
56037,72,1,1,0,0,0.0,0.0,0.0,27777.77778,BENIGN
22,11801613,22,33,2008,2745,91.27272727,83.18181818,402.7415574,4.660379899,SSH-Patator
80,81875086,8,5,56,11607,7.0,2321.4,142.4487053,0.158778459,DDoS
22,37,1,1,0,0,0.0,0.0,0.0,54054.05405,SSH-Patator
80,423393,3,5,26,11601,8.666666667,2320.2,27461.48378,18.89497465,DDoS
53,280,2,2,60,168,30.0,84.0,814285.7143,14285.71429,BENIGN
80,1769013,4,0,24,0,6.0,0.0,13.5668873,2.261147883,DDoS
80,15222,1,1,6,6,6.0,6.0,788.3326764,131.3887794,BENIGN
3546,42,1,1,2,6,2.0,6.0,190476.1905,47619.04762,PortScan
443,116143845,22,24,1070,4893,48.63636364,203.875,51.34150673,0.396060592,BENIGN
80,1240676,3,6,26,11601,8.666666667,1933.5,9371.503922,7.254109856,DDoS
53,97074695,2,2,103,212,51.5,106.0,3.244923922,0.041205383,BENIGN
80,120846,3,5,26,11607,8.666666667,2321.4,96263.01243,66.19995697,DDoS
5054,72,1,1,0,6,0.0,6.0,83333.33333,27777.77778,PortScan
80,88194146,9,5,62,11607,6.888888889,2321.4,132.310369,0.158740695,DDoS
55600,35,1,1,2,6,2.0,6.0,228571.4286,57142.85714,PortScan
65389,13,1,1,2,6,2.0,6.0,615384.6154,153846.1538,PortScan
443,115581112,22,21,817,12610,37.13636364,600.4761905,116.1695001,0.372033105,BENIGN
22,11101084,23,32,2008,2745,87.30434783,85.78125,428.1563854,4.954471113,SSH-Patator
80,3429510,5,0,30,0,6.0,0.0,8.747605343,1.457934224,DDoS
21,223,2,1,14,0,7.0,0.0,62780.26906,13452.9148,FTP-Patator
6901,48,1,1,0,6,0.0,6.0,125000.0,41666.66667,PortScan
80,26101,3,7,26,11601,8.666666667,1657.285714,445461.8597,383.1270833,DDoS
80,480882,3,6,26,11601,8.666666667,1933.5,24178.48869,18.71561007,DDoS
22,75,1,1,0,0,0.0,0.0,0.0,26666.66667,SSH-Patator
21,8984925,9,15,103,188,11.44444444,12.53333333,32.38758253,2.671140828,FTP-Patator
53,314,2,2,76,484,38.0,242.0,1783439.49,12738.8535,BENIGN
22,1953,2,2,0,0,0.0,0.0,0.0,2048.13108,SSH-Patator
80,855997,3,5,26,11601,8.666666667,2320.2,13582.99153,9.345827147,DDoS
21,9572510,9,15,114,188,12.66666667,12.53333333,31.54867428,2.507179413,FTP-Patator
22,11108326,21,32,2008,2745,95.61904762,85.78125,427.8772517,4.771195948,SSH-Patator
106,44,1,1,0,6,0.0,6.0,136363.6364,45454.54545,PortScan
53,164969,2,2,72,104,36.0,52.0,1066.867108,24.24697974,BENIGN
80,77009057,9,5,62,11601,6.888888889,2320.2,151.4497184,0.181796798,DDoS
6007,35,1,1,0,6,0.0,6.0,171428.5714,57142.85714,PortScan
51086,79,1,1,0,0,0.0,0.0,0.0,25316.4557,BENIGN
53,209,2,2,62,190,31.0,95.0,1205741.627,19138.75598,BENIGN
22,13632117,21,32,2008,2745,95.61904762,85.78125,348.6619136,3.887877429,SSH-Patator
80,11465000,5,0,30,0,6.0,0.0,2.616659398,0.4361099,DDoS
10082,44,1,1,2,6,2.0,6.0,181818.1818,45454.54545,PortScan
80,10077751,4,0,24,0,6.0,0.0,2.381483726,0.396913954,DDoS
80,5486911,5,0,30,0,6.0,0.0,5.467557247,0.911259541,DDoS
80,11448553,5,0,30,0,6.0,0.0,2.620418493,0.436736416,DDoS
22,13375598,22,32,2008,2745,91.27272727,85.78125,355.3485982,4.037202673,SSH-Patator
21,9003836,9,15,98,188,10.88888889,12.53333333,31.76423915,2.665530558,FTP-Patator
21,8744158,9,15,98,188,10.88888889,12.53333333,32.70755172,2.744689655,FTP-Patator
80,110197,25,33,496,54407,19.84,1648.69697,498225.9045,526.3301179,BENIGN
22,96,1,1,0,0,0.0,0.0,0.0,20833.33333,SSH-Patator
22,86,1,1,0,0,0.0,0.0,0.0,23255.81395,SSH-Patator
22,11876352,22,33,2008,2745,91.27272727,83.18181818,400.207067,4.63105169,SSH-Patator
417,60,1,1,0,6,0.0,6.0,100000.0,33333.33333,PortScan
1169,97,1,1,0,6,0.0,6.0,61855.6701,20618.5567,PortScan
8254,32,1,1,2,6,2.0,6.0,250000.0,62500.0,PortScan
80,83405677,8,4,56,11601,7.0,2900.25,139.7626687,0.143875099,DDoS
21,8631039,9,15,95,188,10.55555556,12.53333333,32.78863646,2.780661749,FTP-Patator
5911,42,1,1,2,6,2.0,6.0,190476.1905,47619.04762,PortScan
21,3,2,0,14,0,7.0,0.0,4666666.667,666666.6667,FTP-Patator
80,1051858,3,5,26,11607,8.666666667,2321.4,11059.47761,7.605589348,DDoS
22,11918136,23,32,2008,2745,87.30434783,85.78125,398.803974,4.614815605,SSH-Patator
40193,48,1,1,2,6,2.0,6.0,166666.6667,41666.66667,PortScan
80,1865819,3,5,26,11601,8.666666667,2320.2,6231.579805,4.287661343,DDoS
22,87,1,1,0,0,0.0,0.0,0.0,22988.50575,SSH-Patator
58056,29,1,1,0,0,0.0,0.0,0.0,68965.51724,BENIGN
22,10267491,21,32,2008,2745,95.61904762,85.78125,462.9173768,5.1619232,SSH-Patator
22,41,1,1,0,0,0.0,0.0,0.0,48780.4878,SSH-Patator
80,1494890,3,6,26,11607,8.666666667,1934.5,7781.84348,6.02050987,DDoS
80,72029693,9,6,62,11607,6.888888889,1934.5,162.0026341,0.208247452,DDoS
80,1125664,3,4,26,11607,8.666666667,2901.75,10334.34488,6.218551895,DDoS
427,49,1,1,0,6,0.0,6.0,122448.9796,40816.32653,PortScan
21,3,2,0,14,0,7.0,0.0,4666666.667,666666.6667,FTP-Patator
21,8909271,9,15,100,188,11.11111111,12.53333333,32.32587717,2.693823097,FTP-Patator
80,1829518,3,5,26,11607,8.666666667,2321.4,6358.505355,4.372736426,DDoS
54337,1347,3,1,43,6,14.33333333,6.0,36377.13437,2969.56199,BENIGN
22,108,1,1,0,0,0.0,0.0,0.0,18518.51852,SSH-Patator
22,13468402,21,32,2008,2745,95.61904762,85.78125,352.9000694,3.935136477,SSH-Patator
3650,3,2,0,31,0,15.5,0.0,10300000.0,666666.6667,BENIGN
80,463869,3,6,26,11607,8.666666667,1934.5,25078.20096,19.40202945,DDoS
22,12784836,21,32,2008,2745,95.61904762,85.78125,371.7685546,4.145536165,SSH-Patator
22,11469918,22,32,2008,2745,91.27272727,85.78125,414.3883156,4.707967398,SSH-Patator
22,10408158,21,32,2008,2745,95.61904762,85.78125,456.6610153,5.092159439,SSH-Patator
443,3752011,5,1,135,46,27.0,46.0,48.24079674,1.599142433,BENIGN
80,696484,3,5,26,11607,8.666666667,2321.4,16702.46553,11.4862653,DDoS
80,171653,3,5,26,11601,8.666666667,2320.2,67735.48962,46.6056521,DDoS
21,227,2,1,14,0,7.0,0.0,61674.00881,13215.85903,FTP-Patator
21,8726665,9,15,107,188,11.88888889,12.53333333,33.80443732,2.750191511,FTP-Patator
1073,50,1,1,2,6,2.0,6.0,160000.0,40000.0,PortScan
80,459943,17,17,404,45546,23.76470588,2679.176471,99903.68372,73.9222034,BENIGN
53,61055,1,1,46,62,46.0,62.0,1768.896896,32.75734993,BENIGN
22,72,1,1,0,0,0.0,0.0,0.0,27777.77778,SSH-Patator
32779,62,1,1,0,6,0.0,6.0,96774.19355,32258.06452,PortScan
146,6,1,1,0,6,0.0,6.0,1000000.0,333333.3333,PortScan
53709,50,1,1,6,6,6.0,6.0,240000.0,40000.0,BENIGN
53,122412,1,1,44,97,44.0,97.0,1151.847858,16.33826749,BENIGN
443,847,3,0,43,0,14.33333333,0.0,50767.4144,3541.912633,BENIGN
22,12287850,21,31,2008,2745,95.61904762,88.5483871,386.8048519,4.231822491,SSH-Patator
22,63,1,1,0,0,0.0,0.0,0.0,31746.03175,SSH-Patator
22,87,1,1,0,0,0.0,0.0,0.0,22988.50575,SSH-Patator
7435,32,1,1,2,6,2.0,6.0,250000.0,62500.0,PortScan
443,15999144,11,8,1140,3066,103.6363636,383.25,262.8890646,1.187563535,BENIGN
21,9139419,9,15,104,188,11.55555556,12.53333333,31.94951452,2.625987494,FTP-Patator
443,5763756,10,7,854,3483,85.4,497.5714286,752.4607218,2.949465592,BENIGN
22,94,1,1,0,0,0.0,0.0,0.0,21276.59574,SSH-Patator
2366,23,1,1,2,6,2.0,6.0,347826.087,86956.52174,PortScan
21,3,2,0,14,0,7.0,0.0,4666666.667,666666.6667,FTP-Patator
54832,59,1,1,0,0,0.0,0.0,0.0,33898.30508,BENIGN
54980,90058742,6,9,12982,56,2163.666667,6.222222222,144.7721755,0.166557956,BENIGN
21,4,2,0,14,0,7.0,0.0,3500000.0,500000.0,FTP-Patator
80,51504,3,4,26,11601,8.666666667,2900.25,225749.4564,135.9117738,DDoS
21,250,2,1,14,0,7.0,0.0,56000.0,12000.0,FTP-Patator
21,10041996,9,15,108,188,12.0,12.53333333,29.4762117,2.389963111,FTP-Patator
21,8764349,9,15,109,188,12.11111111,12.53333333,33.88728587,2.738366535,FTP-Patator
880,87,1,1,0,6,0.0,6.0,68965.51724,22988.50575,PortScan
8086,81,1,1,2,6,2.0,6.0,98765.4321,24691.35802,PortScan
80,23193,3,6,26,11601,8.666666667,1933.5,501315.052,388.048118,DDoS
49152,49,1,1,2,6,2.0,6.0,163265.3061,40816.32653,PortScan
22,60,1,1,0,0,0.0,0.0,0.0,33333.33333,SSH-Patator
22,13244433,21,32,2008,2745,95.61904762,85.78125,358.8677598,4.00168131,SSH-Patator
80,81245397,8,5,56,11607,7.0,2321.4,143.552748,0.160009065,DDoS
999,43,1,1,2,6,2.0,6.0,186046.5116,46511.62791,PortScan
22,96,1,1,24,0,24.0,0.0,250000.0,20833.33333,SSH-Patator
21,240,2,1,14,0,7.0,0.0,58333.33333,12500.0,FTP-Patator
53,48118,1,1,46,97,46.0,97.0,2971.860842,41.5644873,BENIGN
1166,91,1,1,2,6,2.0,6.0,87912.08791,21978.02198,PortScan
22,12707122,21,32,2008,2745,95.61904762,85.78125,374.0422103,4.170889364,SSH-Patator
1352,70,1,1,2,6,2.0,6.0,114285.7143,28571.42857,PortScan
21,9066738,9,15,101,188,11.22222222,12.53333333,31.87474922,2.647037998,FTP-Patator
56845,75559033,7,9,11607,62,1658.142857,6.888888889,154.4355392,0.21175496,BENIGN
6346,56,1,1,0,6,0.0,6.0,107142.8571,35714.28571,PortScan
21,255,2,1,14,0,7.0,0.0,54901.96078,11764.70588,FTP-Patator
80,166108,3,4,26,11607,8.666666667,2901.75,70032.74978,42.1412575,DDoS
21,259,2,1,14,0,7.0,0.0,54054.05405,11583.01158,FTP-Patator
22,10730809,22,32,2008,2745,91.27272727,85.78125,442.9302581,5.032239415,SSH-Patator
22,49,1,1,0,0,0.0,0.0,0.0,40816.32653,SSH-Patator
58806,346,3,0,31,0,10.33333333,0.0,89595.37572,8670.520231,BENIGN
53,49930,2,2,92,170,46.0,85.0,5247.346285,80.11215702,BENIGN
1192,98,1,1,0,6,0.0,6.0,61224.4898,20408.16327,PortScan
21,9839098,9,15,124,188,13.77777778,12.53333333,31.71022384,2.439247988,FTP-Patator
5922,45,1,1,0,6,0.0,6.0,133333.3333,44444.44444,PortScan
4003,44,1,1,2,6,2.0,6.0,181818.1818,45454.54545,PortScan
4343,103,1,1,2,6,2.0,6.0,77669.90291,19417.47573,PortScan
80,1257624,3,5,26,11607,8.666666667,2321.4,9249.982507,6.361201758,DDoS
53,186,2,2,64,158,32.0,79.0,1193548.387,21505.37634,BENIGN
22,11665072,22,32,2008,2745,91.27272727,85.78125,407.4556934,4.629204175,SSH-Patator
80,8970811,5,0,30,0,6.0,0.0,3.34417925,0.557363208,DDoS
1093,92,1,1,0,6,0.0,6.0,65217.3913,21739.13043,PortScan
80,762561,3,5,26,11601,8.666666667,2320.2,15247.30481,10.490964,DDoS
3703,21,1,1,2,6,2.0,6.0,380952.381,95238.09524,PortScan
80,7091853,5,0,30,0,6.0,0.0,4.230206125,0.705034354,DDoS
21,3,2,0,14,0,7.0,0.0,4666666.667,666666.6667,FTP-Patator
22,36,1,1,0,0,0.0,0.0,0.0,55555.55556,SSH-Patator
22,11495184,19,31,2008,2745,105.6842105,88.5483871,413.477505,4.349647644,SSH-Patator
1050,44,1,1,0,6,0.0,6.0,136363.6364,45454.54545,PortScan
80,4887980,5,0,30,0,6.0,0.0,6.137504654,1.022917442,DDoS
21,377,2,1,14,0,7.0,0.0,37135.27851,7957.559682,FTP-Patator
7106,43,1,1,2,6,2.0,6.0,186046.5116,46511.62791,PortScan
53,30679,1,1,50,78,50.0,78.0,4172.235079,65.19117312,BENIGN
53,11470856,10,2,460,92,46.0,46.0,48.12195358,1.046129426,BENIGN
21,8955962,9,15,106,188,11.77777778,12.53333333,32.82729426,2.679779124,FTP-Patator
9575,45,1,1,2,6,2.0,6.0,177777.7778,44444.44444,PortScan
80,982092,3,5,26,11607,8.666666667,2321.4,11845.12245,8.145876354,DDoS
1149,44,1,1,2,6,2.0,6.0,181818.1818,45454.54545,PortScan
53,201,2,2,82,114,41.0,57.0,975124.3781,19900.49751,BENIGN
22,103,1,1,0,0,0.0,0.0,0.0,19417.47573,SSH-Patator
80,97907323,8,4,56,11607,7.0,2901.75,119.1228566,0.122564887,DDoS
22,28,1,1,0,0,0.0,0.0,0.0,71428.57143,SSH-Patator
21,9465681,9,15,108,188,12.0,12.53333333,31.27086155,2.535475261,FTP-Patator
465,49,1,1,2,6,2.0,6.0,163265.3061,40816.32653,PortScan
54888,60,1,2,6,12,6.0,6.0,300000.0,50000.0,BENIGN
366,63,1,1,2,6,2.0,6.0,126984.127,31746.03175,PortScan
49155,73,1,1,0,6,0.0,6.0,82191.78082,27397.26027,PortScan
80,5797806,5,0,30,0,6.0,0.0,5.174371133,0.862395189,DDoS
21,220,2,1,14,0,7.0,0.0,63636.36364,13636.36364,FTP-Patator
21,216,2,1,14,0,7.0,0.0,64814.81481,13888.88889,FTP-Patator
21,24,2,0,14,0,7.0,0.0,583333.3333,83333.33333,FTP-Patator
21,9856122,9,15,108,188,12.0,12.53333333,30.03209579,2.435034794,FTP-Patator
52751,96,1,1,0,0,0.0,0.0,0.0,20833.33333,BENIGN
9009,43,1,1,0,6,0.0,6.0,139534.8837,46511.62791,PortScan
22,47,1,1,0,0,0.0,0.0,0.0,42553.19149,SSH-Patator
21,8112549,9,15,103,188,11.44444444,12.53333333,35.87035345,2.958379666,FTP-Patator
1112,11,1,1,0,6,0.0,6.0,545454.5455,181818.1818,PortScan
24800,12,1,1,2,6,2.0,6.0,666666.6667,166666.6667,PortScan
995,32,1,1,2,6,2.0,6.0,250000.0,62500.0,PortScan
32774,16,1,1,2,6,2.0,6.0,500000.0,125000.0,PortScan
80,101741969,9,4,62,11607,6.888888889,2901.75,114.6920992,0.127774213,DDoS
50676,1340313,6,2,11607,26,1934.5,13.0,8679.315951,5.968755059,BENIGN
80,75770853,8,4,56,11601,7.0,2900.25,153.8454371,0.158372244,DDoS
21,9164167,9,15,109,188,12.11111111,12.53333333,32.4088376,2.618895967,FTP-Patator
53,203,2,2,64,204,32.0,102.0,1320197.044,19704.4335,BENIGN
22,69,1,1,0,0,0.0,0.0,0.0,28985.50725,SSH-Patator
80,1206959,3,4,26,11601,8.666666667,2900.25,9633.301545,5.799699907,DDoS
80,97926644,8,5,56,11607,7.0,2321.4,119.0993536,0.13275243,DDoS
80,72870550,8,6,56,11607,7.0,1934.5,160.0509396,0.192121509,DDoS
53,168,2,2,110,174,55.0,87.0,1690476.19,23809.52381,BENIGN
80,71061537,8,5,56,11607,7.0,2321.4,164.1253552,0.182940034,DDoS
22,98,1,1,0,0,0.0,0.0,0.0,20408.16327,SSH-Patator
2251,67,1,1,2,6,2.0,6.0,119402.9851,29850.74627,PortScan
80,462084,3,5,26,11607,8.666666667,2321.4,25175.07639,17.31286952,DDoS
21,229,2,1,14,0,7.0,0.0,61135.37118,13100.43668,FTP-Patator
9917,18,1,1,2,6,2.0,6.0,444444.4444,111111.1111,PortScan
21,9159085,9,15,107,188,11.88888889,12.53333333,32.2084575,2.620349085,FTP-Patator
80,80647396,8,5,56,11601,7.0,2320.2,144.5427947,0.161195533,DDoS
2004,74,1,1,0,6,0.0,6.0,81081.08108,27027.02703,PortScan
8093,84,1,1,0,6,0.0,6.0,71428.57143,23809.52381,PortScan
443,654518,10,8,535,3431,53.5,428.875,6059.420826,27.50115352,BENIGN
80,99329784,8,5,56,11607,7.0,2321.4,117.4169472,0.13087716,DDoS
21,8707951,9,15,102,188,11.33333333,12.53333333,33.30289755,2.756101866,FTP-Patator
53,23752,2,2,62,360,31.0,180.0,17766.92489,168.406871,BENIGN
53,24034,2,2,62,208,31.0,104.0,11234.08505,166.4308896,BENIGN
21,9596779,9,15,114,188,12.66666667,12.53333333,31.4688918,2.500839084,FTP-Patator
53,71704,2,2,74,190,37.0,95.0,3681.802968,55.78489345,BENIGN
21,4,2,0,14,0,7.0,0.0,3500000.0,500000.0,FTP-Patator
53,107042,1,1,45,104,45.0,104.0,1391.976981,18.68425478,BENIGN
443,5069328,8,3,378,4416,47.25,1472.0,945.6874757,2.169912856,BENIGN
80,123190,3,5,26,11601,8.666666667,2320.2,94382.66093,64.94033607,DDoS
80,19738154,5,5,448,1780,89.6,356.0,112.8778304,0.506632991,BENIGN
80,239231,1,1,0,0,0.0,0.0,0.0,8.360120553,BENIGN
53,152,2,2,68,100,34.0,50.0,1105263.158,26315.78947,BENIGN
80,8191618,4,0,24,0,6.0,0.0,2.92982412,0.48830402,DDoS
22,13213812,22,33,2008,2745,91.27272727,83.18181818,359.6993812,4.162311375,SSH-Patator
22,72,1,1,0,0,0.0,0.0,0.0,27777.77778,SSH-Patator
3370,50,1,1,0,6,0.0,6.0,120000.0,40000.0,PortScan
54766,72632354,5,10,11613,68,2322.6,6.8,160.8236462,0.206519535,BENIGN
22,12992655,21,32,2008,2745,95.61904762,85.78125,365.8220741,4.079227841,SSH-Patator
22,10993195,22,33,2008,2745,91.27272727,83.18181818,432.3583817,5.003095097,SSH-Patator
22,12733493,21,32,2008,2745,95.61904762,85.78125,373.2675708,4.162251473,SSH-Patator
2021,17,1,1,0,6,0.0,6.0,352941.1765,117647.0588,PortScan
22,11695685,21,32,2008,2745,95.61904762,85.78125,406.389194,4.531585794,SSH-Patator
80,785252,3,6,26,11607,8.666666667,1934.5,14814.35259,11.46128886,DDoS
53,147888,2,2,60,344,30.0,172.0,2731.797036,27.0474954,BENIGN
22,11870045,21,32,2008,2745,95.61904762,85.78125,400.419712,4.465020983,SSH-Patator
21,9183779,9,15,102,188,11.33333333,12.53333333,31.57741492,2.613303304,FTP-Patator
80,2018962,4,0,24,0,6.0,0.0,11.88729654,1.98121609,DDoS
80,9483295,4,0,24,0,6.0,0.0,2.530765942,0.421794324,DDoS
21,172,2,1,14,0,7.0,0.0,81395.34884,17441.86047,FTP-Patator
2099,27,1,1,0,6,0.0,6.0,222222.2222,74074.07407,PortScan
4343,68,1,1,0,6,0.0,6.0,88235.29412,29411.76471,PortScan
21,9481913,9,15,110,188,12.22222222,12.53333333,31.42825715,2.531134804,FTP-Patator
16012,53,1,1,0,6,0.0,6.0,113207.5472,37735.84906,PortScan
80,1832984,3,6,26,11601,8.666666667,1933.5,6343.20867,4.910026492,DDoS
21,3,2,0,14,0,7.0,0.0,4666666.667,666666.6667,FTP-Patator
21,258,2,1,14,0,7.0,0.0,54263.56589,11627.90698,FTP-Patator
22,13783581,21,32,2008,2745,95.61904762,85.78125,344.8305633,3.845154608,SSH-Patator
22,46,1,1,0,0,0.0,0.0,0.0,43478.26087,SSH-Patator
40911,53,1,1,0,6,0.0,6.0,113207.5472,37735.84906,PortScan
80,11250933,5,0,30,0,6.0,0.0,2.666445529,0.444407588,DDoS
57153,1455,2,0,0,0,0.0,0.0,0.0,1374.570447,BENIGN
53,64688,1,1,43,171,43.0,171.0,3308.18699,30.91763542,BENIGN
80,70015,5,0,30,0,6.0,0.0,428.4796115,71.41326859,DDoS
53,424,1,1,81,159,81.0,159.0,566037.7358,4716.981132,BENIGN
21,239,2,1,14,0,7.0,0.0,58577.40586,12552.30126,FTP-Patator
22,11023721,19,31,2008,2745,105.6842105,88.5483871,431.1611297,4.535673572,SSH-Patator
32775,43,1,1,2,6,2.0,6.0,186046.5116,46511.62791,PortScan
22,104,1,1,0,0,0.0,0.0,0.0,19230.76923,SSH-Patator
80,22097,3,4,26,11601,8.666666667,2900.25,526180.0244,316.7850839,DDoS
21,9089848,9,15,104,188,11.55555556,12.53333333,32.12374948,2.640308177,FTP-Patator
53,65931,2,2,68,182,34.0,91.0,3791.842987,60.6694878,BENIGN
22,12580224,21,32,2008,2745,95.61904762,85.78125,377.8152122,4.21296155,SSH-Patator
80,159288,3,4,26,11601,8.666666667,2900.25,72993.57139,43.94555773,DDoS
53,30419,1,1,56,97,56.0,97.0,5029.751142,65.74838095,BENIGN
22,46,1,1,0,0,0.0,0.0,0.0,43478.26087,SSH-Patator
21,231,2,1,14,0,7.0,0.0,60606.06061,12987.01299,FTP-Patator
1062,41,1,1,0,6,0.0,6.0,146341.4634,48780.4878,PortScan
21,10078034,9,15,109,188,12.11111111,12.53333333,29.47003354,2.381416852,FTP-Patator
443,119320507,435,1035,1944,2256180,4.468965517,2179.884058,18924.86092,12.31975992,BENIGN
80,1673619,3,4,26,11601,8.666666667,2900.25,6947.220365,4.182552899,DDoS
2161,78,1,1,0,6,0.0,6.0,76923.07692,25641.02564,PortScan
80,108527,3,5,26,11607,8.666666667,2321.4,107189.9159,73.71437522,DDoS
80,30306174,2,0,0,0,0.0,0.0,0.0,0.065993154,BENIGN
10001,55,1,1,2,6,2.0,6.0,145454.5455,36363.63636,PortScan
25735,9,1,1,0,6,0.0,6.0,666666.6667,222222.2222,PortScan
53,247,2,2,104,352,52.0,176.0,1846153.846,16194.33198,BENIGN
22,81,1,1,0,0,0.0,0.0,0.0,24691.35802,SSH-Patator
21,247,2,1,14,0,7.0,0.0,56680.16194,12145.74899,FTP-Patator
53,158,2,2,66,98,33.0,49.0,1037974.684,25316.4557,BENIGN
80,23018,1,1,0,0,0.0,0.0,0.0,86.88852203,BENIGN
80,65268,3,6,26,11601,8.666666667,1933.5,178142.4281,137.892995,DDoS
443,105708,1,1,0,0,0.0,0.0,0.0,18.92004389,BENIGN
42,45,1,1,0,6,0.0,6.0,133333.3333,44444.44444,PortScan
80,127730,3,6,26,11607,8.666666667,1934.5,91074.92367,70.46112894,DDoS
80,30658,3,5,26,11601,8.666666667,2320.2,379248.4833,260.9433101,DDoS
80,91524565,8,6,56,11607,7.0,1934.5,127.4302697,0.152964398,DDoS
22,12232421,21,32,2008,2745,95.61904762,85.78125,388.5575881,4.332748194,SSH-Patator
2701,75,1,1,0,6,0.0,6.0,80000.0,26666.66667,PortScan
22,44,1,1,0,0,0.0,0.0,0.0,45454.54545,SSH-Patator
80,7254814,5,0,30,0,6.0,0.0,4.135185271,0.689197545,DDoS
80,3127804,4,0,24,0,6.0,0.0,7.673115067,1.278852511,DDoS
21,3,2,0,14,0,7.0,0.0,4666666.667,666666.6667,FTP-Patator
22,81,1,1,0,0,0.0,0.0,0.0,24691.35802,SSH-Patator
60443,49,1,1,0,6,0.0,6.0,122448.9796,40816.32653,PortScan
80,495,2,0,0,0,0.0,0.0,0.0,4040.40404,BENIGN
2008,71,1,1,0,6,0.0,6.0,84507.04225,28169.01408,PortScan
80,687762,3,5,26,11607,8.666666667,2321.4,16914.28139,11.63193081,DDoS
443,3,2,0,0,0,0.0,0.0,0.0,666666.6667,BENIGN
80,212188,3,7,26,11601,8.666666667,1657.285714,54795.74717,47.12801855,DDoS
21,8785006,9,15,103,188,11.44444444,12.53333333,33.12462166,2.731927559,FTP-Patator
21,8582703,9,15,106,188,11.77777778,12.53333333,34.25494276,2.796321858,FTP-Patator
80,340855,3,6,26,11601,8.666666667,1933.5,34111.27899,26.40418946,DDoS
443,85494247,21,24,1735,18786,82.61904762,782.75,240.0278466,0.526351206,BENIGN
21,9718171,9,15,109,188,12.11111111,12.53333333,30.56130624,2.469600504,FTP-Patator
21,8995651,9,15,107,188,11.88888889,12.53333333,32.79362439,2.667955882,FTP-Patator
22,12470314,23,32,2008,2745,87.30434783,85.78125,381.1451741,4.410474347,SSH-Patator
21,9195943,9,15,111,188,12.33333333,12.53333333,32.51433812,2.609846538,FTP-Patator
21,1,2,0,14,0,7.0,0.0,14000000.0,2000000.0,FTP-Patator
80,66225,3,5,26,11607,8.666666667,2321.4,175658.7391,120.800302,DDoS
22,79,1,1,0,0,0.0,0.0,0.0,25316.4557,SSH-Patator
1114,75,1,1,0,6,0.0,6.0,80000.0,26666.66667,PortScan
80,99528364,8,6,56,11607,7.0,1934.5,117.1826757,0.140663419,DDoS
21,9053365,9,15,104,188,11.55555556,12.53333333,32.25320088,2.650948018,FTP-Patator
80,12005697,5,0,30,0,6.0,0.0,2.498813688,0.416468948,DDoS
22,79,1,1,0,0,0.0,0.0,0.0,25316.4557,SSH-Patator
80,7935776,4,0,24,0,6.0,0.0,3.024278911,0.504046485,DDoS
7999,43,1,1,0,6,0.0,6.0,139534.8837,46511.62791,PortScan
5633,67,1,1,0,6,0.0,6.0,89552.23881,29850.74627,PortScan
21,8929472,9,15,100,188,11.11111111,12.53333333,32.25274686,2.687728905,FTP-Patator
9878,44,1,1,0,6,0.0,6.0,136363.6364,45454.54545,PortScan
443,35005,2,1,95,0,47.5,0.0,2713.898015,85.70204257,BENIGN
22,11803885,21,32,2008,2745,95.61904762,85.78125,402.6640382,4.490047133,SSH-Patator
5963,52,1,1,0,6,0.0,6.0,115384.6154,38461.53846,PortScan
5000,56,1,1,2,6,2.0,6.0,142857.1429,35714.28571,PortScan
21,8505876,9,15,109,188,12.11111111,12.53333333,34.91703853,2.821578871,FTP-Patator
22,47,1,1,0,0,0.0,0.0,0.0,42553.19149,SSH-Patator
80,2098962,5,0,30,0,6.0,0.0,14.292779,2.382129834,DDoS
22,84,1,1,0,0,0.0,0.0,0.0,23809.52381,SSH-Patator
53,170,2,2,64,96,32.0,48.0,941176.4706,23529.41176,BENIGN
21,383,2,1,14,0,7.0,0.0,36553.5248,7832.898172,FTP-Patator
443,63375164,7,2,187,92,26.71428571,46.0,4.402355472,0.142011467,BENIGN
13783,52,1,1,0,6,0.0,6.0,115384.6154,38461.53846,PortScan
21,9,2,0,14,0,7.0,0.0,1555555.556,222222.2222,FTP-Patator
1311,56,1,1,0,6,0.0,6.0,107142.8571,35714.28571,PortScan
21,209,2,1,14,0,7.0,0.0,66985.64593,14354.06699,FTP-Patator
53,161,2,2,78,238,39.0,119.0,1962732.919,24844.7205,BENIGN
53,140997,1,1,45,252,45.0,252.0,2106.427796,14.18469897,BENIGN
443,285803,14,9,812,5327,58.0,591.8888889,21479.83051,80.47501251,BENIGN
21,8847133,9,15,117,188,13.0,12.53333333,34.474445,2.712743213,FTP-Patator
21,9735125,9,15,99,188,11.0,12.53333333,29.48087467,2.465299624,FTP-Patator
22,80,1,1,0,0,0.0,0.0,0.0,25000.0,SSH-Patator
6510,43,1,1,2,6,2.0,6.0,186046.5116,46511.62791,PortScan
22,12129798,23,32,2008,2745,87.30434783,85.78125,391.8449425,4.534288205,SSH-Patator
443,88992353,29,33,3936,6430,135.7241379,194.8484848,116.4819184,0.696689074,BENIGN
80,1328710,3,5,26,11607,8.666666667,2321.4,8755.108338,6.020877392,DDoS
80,8022815,4,0,24,0,6.0,0.0,2.991468705,0.498578118,DDoS
64959,1686067,1,5,6,30,6.0,6.0,21.35146468,3.558577447,BENIGN
80,1834145,3,5,26,11601,8.666666667,2320.2,6339.193466,4.361705318,DDoS
32772,44,1,1,2,6,2.0,6.0,181818.1818,45454.54545,PortScan
21,8982426,9,15,106,188,11.77777778,12.53333333,32.73057858,2.671883965,FTP-Patator
21,8806487,9,15,122,188,13.55555556,12.53333333,35.20132375,2.725263774,FTP-Patator
21,9097703,9,15,113,188,12.55555556,12.53333333,33.08527438,2.638028522,FTP-Patator
1001,12,1,1,0,6,0.0,6.0,500000.0,166666.6667,PortScan
21,223,2,1,14,0,7.0,0.0,62780.26906,13452.9148,FTP-Patator
21,232,2,1,14,0,7.0,0.0,60344.82759,12931.03448,FTP-Patator
53,540,1,1,44,60,44.0,60.0,192592.5926,3703.703704,BENIGN
80,1665953,4,0,24,0,6.0,0.0,14.40616872,2.40102812,DDoS
22,11383730,21,32,2008,2745,95.61904762,85.78125,417.5257143,4.655767486,SSH-Patator
53,137,2,2,78,110,39.0,55.0,1372262.774,29197.08029,BENIGN
49459,30947,6,2,11601,26,1933.5,13.0,375706.8537,258.5064788,BENIGN
53,276,2,2,72,392,36.0,196.0,1681159.42,14492.75362,BENIGN
80,8296890,5,0,30,0,6.0,0.0,3.615812672,0.602635445,DDoS
22,13485077,28,37,2040,5289,72.85714286,142.9459459,543.4896664,4.820143037,SSH-Patator
80,3101875,4,0,24,0,6.0,0.0,7.737255692,1.289542615,DDoS
22,13634508,25,32,2008,2745,80.32,85.78125,348.6007709,4.180568892,SSH-Patator
80,7006987,4,0,24,0,6.0,0.0,3.425152637,0.570858773,DDoS
80,70587,3,5,26,11601,8.666666667,2320.2,164718.7159,113.3353167,DDoS
53,60089,1,1,54,110,54.0,110.0,2729.284894,33.28396212,BENIGN
63284,1114057,6,2,11607,26,1934.5,13.0,10442.01509,7.180961118,BENIGN
21,9576881,9,15,103,188,11.44444444,12.53333333,30.38567567,2.506035107,FTP-Patator
443,117740354,7,7,340,733,48.57142857,104.7142857,9.113273092,0.118905707,BENIGN
80,3080080,4,0,24,0,6.0,0.0,7.792005402,1.298667567,DDoS
21,266,2,1,14,0,7.0,0.0,52631.57895,11278.19549,FTP-Patator
22,63,1,1,0,0,0.0,0.0,0.0,31746.03175,SSH-Patator
80,2194003,5,0,30,0,6.0,0.0,13.67363673,2.278939455,DDoS
22,75,1,1,0,0,0.0,0.0,0.0,26666.66667,SSH-Patator
2035,42,1,1,0,6,0.0,6.0,142857.1429,47619.04762,PortScan
21,9513283,9,15,113,188,12.55555556,12.53333333,31.63997119,2.5227884,FTP-Patator
22,11433031,22,32,2024,2745,92.0,85.78125,417.1247327,4.723156965,SSH-Patator
63491,82419272,6,9,11613,62,1935.5,6.888888889,141.6537627,0.181996269,BENIGN
21,208,2,1,14,0,7.0,0.0,67307.69231,14423.07692,FTP-Patator
21,46,2,0,14,0,7.0,0.0,304347.8261,43478.26087,FTP-Patator
21,260,2,1,14,0,7.0,0.0,53846.15385,11538.46154,FTP-Patator
80,111384,3,6,26,11607,8.666666667,1934.5,104440.4941,80.80155139,DDoS
3283,94,1,1,2,6,2.0,6.0,85106.38298,21276.59574,PortScan
22,11616071,21,32,2008,2745,95.61904762,85.78125,409.1744963,4.562644288,SSH-Patator
21,241,2,1,14,0,7.0,0.0,58091.28631,12448.13278,FTP-Patator
22,78,1,1,0,0,0.0,0.0,0.0,25641.02564,SSH-Patator
21,240,2,1,14,0,7.0,0.0,58333.33333,12500.0,FTP-Patator
80,419266,3,4,690,421,230.0,105.25,2649.869057,16.69584464,BENIGN
21,9506909,9,15,108,188,12.0,12.53333333,31.13525122,2.524479828,FTP-Patator
22,111,1,1,0,0,0.0,0.0,0.0,18018.01802,SSH-Patator
21,9091763,9,15,111,188,12.33333333,12.53333333,32.88691093,2.639752048,FTP-Patator
18988,68,1,1,2,6,2.0,6.0,117647.0588,29411.76471,PortScan
443,77,2,0,0,0,0.0,0.0,0.0,25974.02597,BENIGN
80,378574,4,0,24,0,6.0,0.0,63.3957958,10.56596597,DDoS
21,4,2,0,14,0,7.0,0.0,3500000.0,500000.0,FTP-Patator
53,207,2,2,70,134,35.0,67.0,985507.2464,19323.6715,BENIGN
80,100316111,8,4,56,11601,7.0,2900.25,116.2026706,0.119621862,DDoS
53,217,2,2,54,86,27.0,43.0,645161.2903,18433.17972,BENIGN
51051,4,2,0,0,0,0.0,0.0,0.0,500000.0,BENIGN
21,8564681,9,15,113,188,12.55555556,12.53333333,35.14433287,2.802205943,FTP-Patator
21,8922271,9,15,106,188,11.77777778,12.53333333,32.95125199,2.689898121,FTP-Patator
53,32024,2,2,74,154,37.0,77.0,7119.660255,124.9063203,BENIGN
85,43,1,1,2,6,2.0,6.0,186046.5116,46511.62791,PortScan
80,5925412,5,0,30,0,6.0,0.0,5.062939083,0.843823181,DDoS
53,247,2,2,64,258,32.0,129.0,1303643.725,16194.33198,BENIGN
22,13467074,22,33,2008,2745,91.27272727,83.18181818,352.9348691,4.084034884,SSH-Patator
22,46,1,1,0,0,0.0,0.0,0.0,43478.26087,SSH-Patator
53,122003,2,2,68,254,34.0,127.0,2639.279362,32.78607903,BENIGN
2100,38,1,1,0,6,0.0,6.0,157894.7368,52631.57895,PortScan
49999,48,1,1,2,6,2.0,6.0,166666.6667,41666.66667,PortScan
80,32658,3,5,26,11607,8.666666667,2321.4,356206.7487,244.9629494,DDoS
22,11928997,21,32,2008,2745,95.61904762,85.78125,398.4408748,4.442955263,SSH-Patator
21,41,2,0,14,0,7.0,0.0,341463.4146,48780.4878,FTP-Patator
21,4,2,0,14,0,7.0,0.0,3500000.0,500000.0,FTP-Patator
80,55259,3,4,26,11607,8.666666667,2901.75,210517.7437,126.6761975,DDoS
21,223,2,1,14,0,7.0,0.0,62780.26906,13452.9148,FTP-Patator
21,8950533,9,15,112,188,12.44444444,12.53333333,33.517557,2.68140456,FTP-Patator
53,61911,4,2,168,284,42.0,142.0,7300.802765,96.91331104,BENIGN
80,60382,3,4,26,11601,8.666666667,2900.25,192557.3847,115.928588,DDoS
53,258,2,2,64,258,32.0,129.0,1248062.016,15503.87597,BENIGN
21,9073606,9,15,105,188,11.66666667,12.53333333,32.29146163,2.6450344,FTP-Patator
99,63,1,1,2,6,2.0,6.0,126984.127,31746.03175,PortScan
22,13407993,21,32,2008,2745,95.61904762,85.78125,354.4900419,3.952866026,SSH-Patator
22,94,1,1,0,0,0.0,0.0,0.0,21276.59574,SSH-Patator
53,190,2,2,62,178,31.0,89.0,1263157.895,21052.63158,BENIGN
80,672241,3,4,26,11601,8.666666667,2900.25,17295.8805,10.41293227,DDoS
22,110,1,1,0,0,0.0,0.0,0.0,18181.81818,SSH-Patator
389,200,2,2,330,330,165.0,165.0,3300000.0,20000.0,BENIGN
53,57065,4,4,136,364,34.0,91.0,8761.938141,140.1910103,BENIGN
80,751917,3,6,26,11607,8.666666667,1934.5,15471.12248,11.9694062,DDoS
22,80,1,1,0,0,0.0,0.0,0.0,25000.0,SSH-Patator
80,1862935,3,5,26,11607,8.666666667,2321.4,6244.447606,4.29429905,DDoS
22,105,1,1,0,0,0.0,0.0,0.0,19047.61905,SSH-Patator
21,3,2,0,14,0,7.0,0.0,4666666.667,666666.6667,FTP-Patator
53,60808,4,2,140,174,35.0,87.0,5163.794238,98.67122747,BENIGN
43113,2026121,1,5,6,30,6.0,6.0,17.7679418,2.961323633,BENIGN
50389,44,1,1,2,6,2.0,6.0,181818.1818,45454.54545,PortScan
8045,73,1,1,2,6,2.0,6.0,109589.0411,27397.26027,PortScan
22,11508436,21,32,2008,2745,95.61904762,85.78125,413.0013844,4.605317352,SSH-Patator
22,75,1,1,0,0,0.0,0.0,0.0,26666.66667,SSH-Patator
1875,13,1,1,2,6,2.0,6.0,615384.6154,153846.1538,PortScan
21,9151132,9,15,106,188,11.77777778,12.53333333,32.1271729,2.622626359,FTP-Patator
80,3327945,4,0,24,0,6.0,0.0,7.211657645,1.201942941,DDoS
53,181944,2,2,90,222,45.0,111.0,1714.813349,21.98478653,BENIGN
21,9290587,9,15,107,188,11.88888889,12.53333333,31.75256849,2.583259809,FTP-Patator
21,246,2,1,14,0,7.0,0.0,56910.56911,12195.12195,FTP-Patator
21,10143521,9,15,98,188,10.88888889,12.53333333,28.19533769,2.366042324,FTP-Patator
22,12866732,21,32,2024,2745,96.38095238,85.78125,370.6457864,4.119150069,SSH-Patator
6101,73,1,1,2,6,2.0,6.0,109589.0411,27397.26027,PortScan
53,61267,1,1,44,360,44.0,360.0,6594.088171,32.64400085,BENIGN
80,715034,3,7,26,11607,8.666666667,1658.142857,16269.15643,13.98534895,DDoS
21,8725502,9,15,98,188,10.88888889,12.53333333,32.77748375,2.750558077,FTP-Patator
21,265,2,1,14,0,7.0,0.0,52830.18868,11320.75472,FTP-Patator
53,23639,2,2,92,254,46.0,127.0,14636.82897,169.2118956,BENIGN
80,116194,3,6,26,11601,8.666666667,1933.5,100065.4079,77.4566673,DDoS
443,5062677,9,7,391,4131,43.44444444,590.1428571,893.2033389,3.160383331,BENIGN
53,23599,1,1,40,56,40.0,56.0,4067.968982,84.74935379,BENIGN
443,61636,9,5,528,3506,58.66666667,701.2,65448.76371,227.1399831,BENIGN
22,11459180,21,32,2008,2745,95.61904762,85.78125,414.7766245,4.625112792,SSH-Patator
53,233,2,2,94,220,47.0,110.0,1347639.485,17167.38197,BENIGN
53280,70,1,1,0,0,0.0,0.0,0.0,28571.42857,BENIGN
13782,26,1,1,0,6,0.0,6.0,230769.2308,76923.07692,PortScan
22,12985057,21,31,2008,2745,95.61904762,88.5483871,366.0361291,4.004603137,SSH-Patator
21,240,2,1,14,0,7.0,0.0,58333.33333,12500.0,FTP-Patator
21,8397599,9,15,105,188,11.66666667,12.53333333,34.89092537,2.857959757,FTP-Patator
53,84669,1,1,48,144,48.0,144.0,2267.654041,23.62139626,BENIGN
1864,55,1,1,0,6,0.0,6.0,109090.9091,36363.63636,PortScan
53,240669,1,1,51,106,51.0,106.0,652.3482459,8.310168738,BENIGN
53,31076,2,2,78,134,39.0,67.0,6821.984811,128.7166946,BENIGN
22,11762392,21,33,2008,2745,95.61904762,83.18181818,404.0844753,4.590902939,SSH-Patator
53,204,2,2,66,386,33.0,193.0,2215686.275,19607.84314,BENIGN
21,9063664,9,15,105,188,11.66666667,12.53333333,32.32688237,2.647935758,FTP-Patator
80,817237,3,6,26,11601,8.666666667,1933.5,14227.20704,11.01271724,DDoS
2100,44,1,1,0,6,0.0,6.0,136363.6364,45454.54545,PortScan
21,9030083,9,15,96,188,10.66666667,12.53333333,31.45043074,2.65778288,FTP-Patator
21,291,2,1,14,0,7.0,0.0,48109.96564,10309.27835,FTP-Patator
443,1968068,12,11,3530,2893,294.1666667,263.0,3263.606745,11.68658807,BENIGN
53,99938,2,2,78,202,39.0,101.0,2801.737077,40.02481539,BENIGN
80,580619,3,4,26,11607,8.666666667,2901.75,20035.51382,12.05609875,DDoS
22,12010385,21,32,2008,2745,95.61904762,85.78125,395.7408526,4.412847715,SSH-Patator
80,1810581,3,6,26,11607,8.666666667,1934.5,6425.009431,4.970780098,DDoS
21,235,2,1,14,0,7.0,0.0,59574.46809,12765.95745,FTP-Patator
22,71,1,1,0,0,0.0,0.0,0.0,28169.01408,SSH-Patator
21,150,2,2,14,0,7.0,0.0,93333.33333,26666.66667,FTP-Patator
1123,54,1,1,0,6,0.0,6.0,111111.1111,37037.03704,PortScan
21,9564410,9,15,108,188,12.0,12.53333333,30.94806684,2.509302717,FTP-Patator
443,118861,14,12,826,11989,59.0,999.0833333,107815.0108,218.7429014,BENIGN
53,30398,1,1,49,77,49.0,77.0,4145.00954,65.79380222,BENIGN
21,8588122,9,15,103,188,11.44444444,12.53333333,33.88400863,2.794557413,FTP-Patator
53,107752,2,2,76,300,38.0,150.0,3489.494395,37.12228079,BENIGN
53,31937,1,1,55,133,55.0,133.0,5886.589223,62.6232896,BENIGN
21,245,2,1,14,0,7.0,0.0,57142.85714,12244.89796,FTP-Patator
80,119186,3,5,26,11601,8.666666667,2320.2,97553.40392,67.12197741,DDoS
11967,40,1,1,2,6,2.0,6.0,200000.0,50000.0,PortScan
53,34087631,2,2,98,248,49.0,124.0,10.15030936,0.117344617,BENIGN
21,9230819,9,15,105,188,11.66666667,12.53333333,31.74149553,2.599985982,FTP-Patator
80,921158,3,5,26,11607,8.666666667,2321.4,12628.66957,8.684720754,DDoS
80,58685,3,5,26,11601,8.666666667,2320.2,198125.5858,136.321036,DDoS
80,1806447,3,5,26,11607,8.666666667,2321.4,6439.712873,4.428582737,DDoS
32772,43,1,1,2,6,2.0,6.0,186046.5116,46511.62791,PortScan
21,9293483,9,15,97,188,10.77777778,12.53333333,30.66665103,2.582454823,FTP-Patator
3814,2,1,1,2,6,2.0,6.0,4000000.0,1000000.0,PortScan
425,53,1,1,2,6,2.0,6.0,150943.3962,37735.84906,PortScan
1123,48,1,1,2,6,2.0,6.0,166666.6667,41666.66667,PortScan
21,251,2,1,14,0,7.0,0.0,55776.89243,11952.19124,FTP-Patator
4279,81,1,1,0,6,0.0,6.0,74074.07407,24691.35802,PortScan
5544,49,1,1,2,6,2.0,6.0,163265.3061,40816.32653,PortScan
53,120512,1,1,64,157,64.0,157.0,1833.842273,16.59585767,BENIGN
22,11544918,21,32,2008,2745,95.61904762,85.78125,411.6962979,4.590764525,SSH-Patator
22,11533726,22,32,2008,2745,91.27272727,85.78125,412.0957963,4.681921523,SSH-Patator
22,75,1,1,0,0,0.0,0.0,0.0,26666.66667,SSH-Patator
22,70,1,1,0,0,0.0,0.0,0.0,28571.42857,SSH-Patator
22,12411030,21,32,2008,2745,95.61904762,85.78125,382.9657974,4.270394963,SSH-Patator
50617,102,1,1,0,0,0.0,0.0,0.0,19607.84314,BENIGN
22,13609536,22,33,2008,2745,91.27272727,83.18181818,349.240415,4.041283994,SSH-Patator
53,244,2,2,70,168,35.0,84.0,975409.8361,16393.44262,BENIGN
50344,20922,6,2,11601,26,1933.5,13.0,555730.8097,382.3726221,BENIGN
21,221,2,1,14,0,7.0,0.0,63348.41629,13574.66063,FTP-Patator
80,51105,3,5,26,11607,8.666666667,2321.4,227629.3905,156.5404559,DDoS
22,11774171,21,32,2008,2745,95.61904762,85.78125,403.6802251,4.501378483,SSH-Patator
21,244,2,1,14,0,7.0,0.0,57377.04918,12295.08197,FTP-Patator
53,43372,1,1,42,119,42.0,119.0,3712.072305,46.11269944,BENIGN
53,275,2,2,84,228,42.0,114.0,1134545.455,14545.45455,BENIGN
80,9050819,5,0,30,0,6.0,0.0,3.314617163,0.552436194,DDoS
22,73,1,1,0,0,0.0,0.0,0.0,27397.26027,SSH-Patator
53,109689,4,4,160,404,40.0,101.0,5141.810027,72.93347555,BENIGN
53,47865,1,1,52,113,52.0,113.0,3447.195237,41.78418469,BENIGN
24444,61,1,1,0,6,0.0,6.0,98360.65574,32786.88525,PortScan
49905,48,2,0,37,0,18.5,0.0,770833.3333,41666.66667,BENIGN
53,353,2,2,84,274,42.0,137.0,1014164.306,11331.44476,BENIGN
21,220,2,1,14,0,7.0,0.0,63636.36364,13636.36364,FTP-Patator
80,11371798,5,0,30,0,6.0,0.0,2.638105249,0.439684208,DDoS
30,75,1,1,2,6,2.0,6.0,106666.6667,26666.66667,PortScan
80,89258057,9,5,62,11607,6.888888889,2321.4,130.7332962,0.156848586,DDoS
443,6219565,5,1,135,46,27.0,46.0,29.10171371,0.964697692,BENIGN
80,1396206,3,6,26,11607,8.666666667,1934.5,8331.865069,6.446040198,DDoS
49999,49,1,1,0,6,0.0,6.0,122448.9796,40816.32653,PortScan
80,395316,3,6,26,11607,8.666666667,1934.5,29427.09124,22.76659685,DDoS
21,9298870,9,15,114,188,12.66666667,12.53333333,32.47706442,2.580958762,FTP-Patator
21,8624805,9,15,97,188,10.77777778,12.53333333,33.04422535,2.782671608,FTP-Patator
21,276,2,1,14,0,7.0,0.0,50724.63768,10869.56522,FTP-Patator
443,117042285,18,19,1361,4772,75.61111111,251.1578947,52.39986557,0.316125065,BENIGN
22,11198216,21,33,2008,2745,95.61904762,83.18181818,424.4426076,4.822196678,SSH-Patator
80,6024834,5,0,30,0,6.0,0.0,4.979390304,0.829898384,DDoS
993,35,1,1,2,6,2.0,6.0,228571.4286,57142.85714,PortScan
21,9776235,9,15,108,188,12.0,12.53333333,30.27750458,2.454932804,FTP-Patator
80,75025130,8,7,56,11601,7.0,1657.285714,155.3746058,0.199933009,DDoS
50500,23,1,1,2,6,2.0,6.0,347826.087,86956.52174,PortScan
1152,47,1,1,2,6,2.0,6.0,170212.766,42553.19149,PortScan
21,9526538,9,15,107,188,11.88888889,12.53333333,30.96612851,2.519278252,FTP-Patator
443,187292,8,11,2086,6548,260.75,595.2727273,46099.13931,101.4458706,BENIGN
80,5331867,5,0,30,0,6.0,0.0,5.626546949,0.937757825,DDoS
80,11207102,8,5,56,11607,7.0,2321.4,1040.679383,1.159978735,DDoS
22,12117144,21,32,2008,2745,95.61904762,85.78125,392.2541483,4.373967991,SSH-Patator
1121,21,1,1,2,6,2.0,6.0,380952.381,95238.09524,PortScan
53,61319,2,2,66,234,33.0,117.0,4892.447692,65.23263589,BENIGN
22,106,1,1,0,0,0.0,0.0,0.0,18867.92453,SSH-Patator
1461,44,1,1,2,6,2.0,6.0,181818.1818,45454.54545,PortScan
80,100343734,8,6,56,11601,7.0,1933.5,116.1706819,0.139520421,DDoS
21,9233672,9,15,106,188,11.77777778,12.53333333,31.83998739,2.599182644,FTP-Patator
22,10658029,21,32,2008,2745,95.61904762,85.78125,445.9548759,4.972776861,SSH-Patator
80,2076965,5,0,30,0,6.0,0.0,14.44415289,2.407358814,DDoS
1069,9,1,1,0,6,0.0,6.0,666666.6667,222222.2222,PortScan
1117,42,1,1,0,6,0.0,6.0,142857.1429,47619.04762,PortScan
58570,78366398,6,10,11613,68,1935.5,6.8,149.056232,0.204169139,BENIGN
80,578680,3,6,26,11607,8.666666667,1934.5,20102.6474,15.55263704,DDoS
22,73,1,1,0,0,0.0,0.0,0.0,27397.26027,SSH-Patator
21,8414591,9,15,109,188,12.11111111,12.53333333,35.29583315,2.852188538,FTP-Patator
80,24801,3,4,26,11601,8.666666667,2900.25,468811.7415,282.2466836,DDoS
139,63633,49,30,2488,3188,50.7755102,106.2666667,89199.00052,1241.494193,BENIGN
163,44,1,1,2,6,2.0,6.0,181818.1818,45454.54545,PortScan
53,31057,4,2,132,190,33.0,95.0,10368.03297,193.193161,BENIGN
80,11809696,4,0,24,0,6.0,0.0,2.032228433,0.338704739,DDoS
80,1839045,3,5,26,11607,8.666666667,2321.4,6325.565715,4.350083875,DDoS
21,230,2,1,14,0,7.0,0.0,60869.56522,13043.47826,FTP-Patator
2126,100,1,1,2,6,2.0,6.0,80000.0,20000.0,PortScan
21,243,2,1,14,0,7.0,0.0,57613.16872,12345.67901,FTP-Patator
53,592,1,1,83,211,83.0,211.0,496621.6216,3378.378378,BENIGN
80,706917,3,5,26,11601,8.666666667,2320.2,16447.47545,11.31674581,DDoS
5100,68,1,1,0,6,0.0,6.0,88235.29412,29411.76471,PortScan
21,3,2,0,14,0,7.0,0.0,4666666.667,666666.6667,FTP-Patator
44442,56,1,1,2,6,2.0,6.0,142857.1429,35714.28571,PortScan
22,90,1,1,0,0,0.0,0.0,0.0,22222.22222,SSH-Patator
80,81651357,8,5,56,11607,7.0,2321.4,142.8390223,0.15921352,DDoS
80,23988,3,5,26,11601,8.666666667,2320.2,484700.6837,333.5000834,DDoS
53,53,1,1,2,6,2.0,6.0,150943.3962,37735.84906,PortScan
80,1666658,3,4,26,11601,8.666666667,2900.25,6976.236276,4.20002184,DDoS
80,1829948,3,6,26,11607,8.666666667,1934.5,6357.011237,4.918172538,DDoS
6580,60,1,1,2,6,2.0,6.0,133333.3333,33333.33333,PortScan
80,71280242,9,4,62,11601,6.888888889,2900.25,163.6217789,0.18237873,DDoS
22,11642180,21,32,1992,2745,94.85714286,85.78125,406.8825598,4.552412005,SSH-Patator
80,111266832,16,14,1619,936,101.1875,66.85714286,22.96281789,0.269622128,BENIGN
21,46,2,0,14,0,7.0,0.0,304347.8261,43478.26087,FTP-Patator
443,93,2,0,0,0,0.0,0.0,0.0,21505.37634,BENIGN
80,8295140,5,0,30,0,6.0,0.0,3.616575489,0.602762581,DDoS
59653,97626784,5,10,11607,68,2321.4,6.8,119.5880835,0.15364636,BENIGN
80,10963785,4,0,24,0,6.0,0.0,2.189025049,0.364837508,DDoS
21,8475707,9,15,114,188,12.66666667,12.53333333,35.63124587,2.831622188,FTP-Patator
138,23,13,0,3029,0,233.0,0.0,132000000.0,565217.3913,BENIGN
22,71,1,1,0,0,0.0,0.0,0.0,28169.01408,SSH-Patator
60195,79448497,5,9,11607,62,2321.4,6.888888889,146.8750252,0.176214787,BENIGN
22,77,1,1,0,0,0.0,0.0,0.0,25974.02597,SSH-Patator
59587,1860953,1,6,6,36,6.0,6.0,22.56908154,3.76151359,BENIGN
80,7470841,5,0,30,0,6.0,0.0,4.015612165,0.669268694,DDoS
9944,39,1,1,2,6,2.0,6.0,205128.2051,51282.05128,PortScan
3580,44,1,1,0,6,0.0,6.0,136363.6364,45454.54545,PortScan
21,10005573,9,15,104,188,11.55555556,12.53333333,29.1837359,2.398663225,FTP-Patator
80,9583808,7,5,50,11607,7.142857143,2321.4,1216.322364,1.252111895,DDoS
52848,43,1,1,2,6,2.0,6.0,186046.5116,46511.62791,PortScan
80,3563005,4,0,24,0,6.0,0.0,6.735887264,1.122647877,DDoS
21,228,2,1,14,0,7.0,0.0,61403.50877,13157.89474,FTP-Patator
22,365,2,1,24,0,12.0,0.0,65753.42466,8219.178082,SSH-Patator
53,200,2,2,66,164,33.0,82.0,1150000.0,20000.0,BENIGN
22,84,1,1,0,0,0.0,0.0,0.0,23809.52381,SSH-Patator
80,251130,3,5,26,11601,8.666666667,2320.2,46298.72974,31.85601083,DDoS
22,10337538,21,32,2008,2745,95.61904762,85.78125,459.7806557,5.126946087,SSH-Patator
80,15081,3,6,26,11601,8.666666667,1933.5,770970.0948,596.777402,DDoS
53,820,2,2,86,198,43.0,99.0,346341.4634,4878.04878,BENIGN
80,641775,3,5,26,11607,8.666666667,2321.4,18126.29037,12.46542791,DDoS
199,102,1,1,0,6,0.0,6.0,58823.52941,19607.84314,PortScan
443,276517,1,1,0,0,0.0,0.0,0.0,7.232828361,BENIGN
53,24153,2,2,68,100,34.0,50.0,6955.657682,165.6108972,BENIGN
80,910418,3,5,26,11607,8.666666667,2321.4,12777.64719,8.787172486,DDoS
21,4,2,0,14,0,7.0,0.0,3500000.0,500000.0,FTP-Patator
22,43,1,1,0,0,0.0,0.0,0.0,46511.62791,SSH-Patator
80,71349475,8,4,56,11601,7.0,2900.25,163.3789176,0.168186241,DDoS
21,8636245,9,15,113,188,12.55555556,12.53333333,34.85311035,2.778985543,FTP-Patator
22,14164183,24,32,2120,2809,88.33333333,87.78125,347.9904206,3.953634318,SSH-Patator
443,60839596,11,8,4444,4556,404.0,569.5,147.9299764,0.312296617,BENIGN
22,11663550,20,33,2008,2745,100.4,83.18181818,407.5088631,4.544071059,SSH-Patator
443,5274492,9,7,376,4793,41.77777778,684.7142857,979.9995905,3.033467488,BENIGN
53,176,2,2,98,130,49.0,65.0,1295454.545,22727.27273,BENIGN
80,82607619,8,5,56,11607,7.0,2321.4,141.1855243,0.157370472,DDoS
53,30398,1,1,43,71,43.0,71.0,3750.246727,65.79380222,BENIGN
80,4163283,4,0,24,0,6.0,0.0,5.764681382,0.96078023,DDoS
51672,37,2,1,31,0,15.5,0.0,837837.8378,81081.08108,BENIGN
53,30573,1,1,45,108,45.0,108.0,5004.415661,65.41719818,BENIGN
53,89031,1,1,58,143,58.0,143.0,2257.640597,22.46408554,BENIGN
53,179,2,2,76,140,38.0,70.0,1206703.911,22346.36872,BENIGN
22,13641356,20,33,2008,2745,100.4,83.18181818,348.4257723,3.885244253,SSH-Patator
1033,19,1,1,0,6,0.0,6.0,315789.4737,105263.1579,PortScan
1000,47,1,1,0,6,0.0,6.0,127659.5745,42553.19149,PortScan
22,75,1,1,0,0,0.0,0.0,0.0,26666.66667,SSH-Patator
21,191,2,0,14,0,7.0,0.0,73298.42932,10471.20419,FTP-Patator
80,1132724,3,4,26,11607,8.666666667,2901.75,10269.93336,6.179793136,DDoS
21,4,2,0,14,0,7.0,0.0,3500000.0,500000.0,FTP-Patator
1029,13,1,1,0,6,0.0,6.0,461538.4615,153846.1538,PortScan
53,211,2,2,88,200,44.0,100.0,1364928.91,18957.34597,BENIGN
443,443780,7,11,1375,5990,196.4285714,544.5454545,16596.06111,40.56063815,BENIGN
80,97782529,9,5,62,11607,6.888888889,2321.4,119.3362467,0.143174861,DDoS
80,1573919,4,0,24,0,6.0,0.0,15.24856108,2.541426846,DDoS
21,190,2,2,14,0,7.0,0.0,73684.21053,21052.63158,FTP-Patator
22,77,1,1,0,0,0.0,0.0,0.0,25974.02597,SSH-Patator
8300,43,1,1,2,6,2.0,6.0,186046.5116,46511.62791,PortScan
80,70,2,0,12,0,6.0,0.0,171428.5714,28571.42857,BENIGN
443,97212,12,7,745,2393,62.08333333,341.8571429,32279.96544,195.4491215,BENIGN
22,11865379,21,32,2008,2745,95.61904762,85.78125,400.577175,4.46677683,SSH-Patator
21,4,2,0,14,0,7.0,0.0,3500000.0,500000.0,FTP-Patator
53,2393083,2,2,94,176,47.0,88.0,112.8251715,1.671484023,BENIGN
53,405,1,1,80,162,80.0,162.0,597530.8642,4938.271605,BENIGN
60030,63,1,1,0,0,0.0,0.0,0.0,31746.03175,BENIGN
3,60,1,1,0,6,0.0,6.0,100000.0,33333.33333,PortScan
21,204,2,1,14,0,7.0,0.0,68627.45098,14705.88235,FTP-Patator
79,75,1,1,2,6,2.0,6.0,106666.6667,26666.66667,PortScan
22,10688015,22,32,2008,2745,91.27272727,85.78125,444.7037172,5.052388119,SSH-Patator
80,204253,1,1,0,0,0.0,0.0,0.0,9.791777844,BENIGN
22,43,1,1,0,0,0.0,0.0,0.0,46511.62791,SSH-Patator
80,64252,3,4,26,11607,8.666666667,2901.75,181052.7299,108.946025,DDoS
80,9382753,5,0,30,0,6.0,0.0,3.197355829,0.532892638,DDoS
443,119220669,62,81,3339,119399,53.85483871,1474.061728,1029.502695,1.199456447,BENIGN
21,240,2,1,14,0,7.0,0.0,58333.33333,12500.0,FTP-Patator
22,75,1,1,0,0,0.0,0.0,0.0,26666.66667,SSH-Patator
21,3,2,0,14,0,7.0,0.0,4666666.667,666666.6667,FTP-Patator
41736,22,1,1,0,0,0.0,0.0,0.0,90909.09091,BENIGN
21,267,2,1,14,0,7.0,0.0,52434.45693,11235.95506,FTP-Patator
10004,48,1,1,2,6,2.0,6.0,166666.6667,41666.66667,PortScan
3322,81,1,1,2,6,2.0,6.0,98765.4321,24691.35802,PortScan
64623,73,1,1,2,6,2.0,6.0,109589.0411,27397.26027,PortScan
21,3,2,0,14,0,7.0,0.0,4666666.667,666666.6667,FTP-Patator
55147,25282,2,1,38,0,19.0,0.0,1503.045645,118.6614983,BENIGN
22,12018616,21,32,2008,2745,95.61904762,85.78125,395.4698278,4.409825557,SSH-Patator
22,1343489,41,44,2728,6634,66.53658537,150.7727273,6968.423262,63.26810268,BENIGN
22,10391588,21,32,2008,2745,95.61904762,85.78125,457.3891883,5.100279187,SSH-Patator
22,79,1,1,0,0,0.0,0.0,0.0,25316.4557,SSH-Patator
22,105,1,1,0,0,0.0,0.0,0.0,19047.61905,SSH-Patator
80,38915,3,7,26,11601,8.666666667,1657.285714,298779.391,256.9703199,DDoS
5280,47,1,1,2,6,2.0,6.0,170212.766,42553.19149,PortScan
21,8487539,9,15,107,188,11.88888889,12.53333333,34.75683587,2.827674783,FTP-Patator
3476,17,1,1,0,6,0.0,6.0,352941.1765,117647.0588,PortScan
22,11977563,19,31,2008,2745,105.6842105,88.5483871,396.8252974,4.174471885,SSH-Patator
80,4875868,6,0,36,0,6.0,0.0,7.383300778,1.23055013,DDoS
80,22061,5,0,30,0,6.0,0.0,1359.865827,226.6443044,DDoS
80,21265,3,4,26,11601,8.666666667,2900.25,546766.988,329.1794028,DDoS
21,4,2,0,14,0,7.0,0.0,3500000.0,500000.0,FTP-Patator
22,76,1,1,0,0,0.0,0.0,0.0,26315.78947,SSH-Patator
22,12259812,21,32,2008,2745,95.61904762,85.78125,387.6894686,4.323067923,SSH-Patator
8080,9000294,3,0,0,0,0.0,0.0,0.0,0.333322445,BENIGN
64797,8247368,1,5,6,30,6.0,6.0,4.36502894,0.727504823,BENIGN
53,215,2,2,94,350,47.0,175.0,2065116.279,18604.65116,BENIGN
80,2706958,5,0,30,0,6.0,0.0,11.08255097,1.847091828,DDoS
80,82155788,8,5,56,11607,7.0,2321.4,141.9620003,0.15823596,DDoS
54370,277,2,0,12,0,6.0,0.0,43321.29964,7220.216606,BENIGN
1998,48,1,1,2,6,2.0,6.0,166666.6667,41666.66667,PortScan
57472,50,1,1,6,6,6.0,6.0,240000.0,40000.0,BENIGN
80,217007,3,4,26,11607,8.666666667,2901.75,53606.56569,32.25702397,DDoS
62537,146,1,1,0,0,0.0,0.0,0.0,13698.63014,BENIGN
7201,45,1,1,0,6,0.0,6.0,133333.3333,44444.44444,PortScan
1096,75,1,1,2,6,2.0,6.0,106666.6667,26666.66667,PortScan
80,3125921,4,5,443,872,110.75,174.4,420.6760184,2.879151456,BENIGN
21,220,2,1,14,0,7.0,0.0,63636.36364,13636.36364,FTP-Patator
443,112237790,18,18,2496,7045,138.6666667,391.3888889,85.00701947,0.320747584,BENIGN
59121,901,3,0,43,0,14.33333333,0.0,47724.75028,3329.63374,BENIGN
8080,8999729,3,0,0,0,0.0,0.0,0.0,0.333343371,BENIGN
21,8810252,9,15,107,188,11.88888889,12.53333333,33.48371874,2.724099152,FTP-Patator
80,3964917,5,0,30,0,6.0,0.0,7.566362675,1.261060446,DDoS
53,49,1,1,0,6,0.0,6.0,122448.9796,40816.32653,PortScan
21,226,2,1,14,0,7.0,0.0,61946.90265,13274.33628,FTP-Patator
22,12991356,21,32,2008,2745,95.61904762,85.78125,365.8586525,4.079635721,SSH-Patator
53,443,1,1,54,99,54.0,99.0,345372.4605,4514.672686,BENIGN
31038,84,1,1,2,6,2.0,6.0,95238.09524,23809.52381,PortScan
443,147223,1,1,0,6,0.0,6.0,40.75450167,13.58483389,BENIGN
1169,86,1,1,0,6,0.0,6.0,69767.44186,23255.81395,PortScan
443,414747,2,0,12,0,6.0,0.0,28.93330151,4.822216918,BENIGN
22,110,1,1,0,0,0.0,0.0,0.0,18181.81818,SSH-Patator
53,210,2,2,64,204,32.0,102.0,1276190.476,19047.61905,BENIGN
22,12417303,21,32,2024,2745,96.38095238,85.78125,384.0608544,4.268237636,SSH-Patator
80,729104,3,6,26,11601,8.666666667,1933.5,15946.97053,12.34391801,DDoS
46616,42,1,3,0,18,0.0,6.0,428571.4286,95238.09524,BENIGN
21,8602723,9,15,103,188,11.44444444,12.53333333,33.82649889,2.789814341,FTP-Patator
80,35018,3,5,26,11601,8.666666667,2320.2,332029.2421,228.453938,DDoS
21,8638615,9,15,102,188,11.33333333,12.53333333,33.57019615,2.77822313,FTP-Patator
22,78,1,1,0,0,0.0,0.0,0.0,25641.02564,SSH-Patator
53,206,2,2,64,204,32.0,102.0,1300970.874,19417.47573,BENIGN
53,52646,2,2,78,254,39.0,127.0,6306.272081,75.9791817,BENIGN
443,117963230,16,16,1281,4636,80.0625,289.75,50.15969807,0.271270971,BENIGN
22,12828209,22,32,2008,2745,91.27272727,85.78125,370.5115812,4.209473045,SSH-Patator
443,589969,8,5,548,3455,68.5,691.0,6785.102268,22.03505608,BENIGN
56672,74383643,5,10,11607,68,2321.4,6.8,156.9565502,0.201657238,BENIGN
80,9618429,5,0,30,0,6.0,0.0,3.119012471,0.519835412,DDoS
36797,9802559,1,5,6,30,6.0,6.0,3.672510413,0.612085069,BENIGN
22,665,3,1,0,0,0.0,0.0,0.0,6015.037594,PortScan
1187,84,1,1,2,6,2.0,6.0,95238.09524,23809.52381,PortScan
53,121960,1,1,39,134,39.0,134.0,1418.497868,16.39881929,BENIGN
80,1798326,3,4,26,11607,8.666666667,2901.75,6468.793756,3.892508922,DDoS
1068,38,1,1,0,6,0.0,6.0,157894.7368,52631.57895,PortScan
21,247,2,1,14,0,7.0,0.0,56680.16194,12145.74899,FTP-Patator
21,9808196,9,15,114,188,12.66666667,12.53333333,30.79057556,2.446933157,FTP-Patator
22,104,1,1,0,0,0.0,0.0,0.0,19230.76923,SSH-Patator
53,77930,1,1,55,183,55.0,183.0,3054.022841,25.66405749,BENIGN
80,119426316,17,15,932,3554,54.82352941,236.9333333,37.56291034,0.267947644,BENIGN
53,252747,1,1,55,119,55.0,119.0,688.435471,7.913051391,BENIGN
22,76,1,1,0,0,0.0,0.0,0.0,26315.78947,SSH-Patator
80,11146703,5,0,30,0,6.0,0.0,2.691378787,0.448563131,DDoS
53,206,2,2,96,128,48.0,64.0,1087378.641,19417.47573,BENIGN
22,59,1,1,0,0,0.0,0.0,0.0,33898.30508,SSH-Patator
22,26,1,1,0,0,0.0,0.0,0.0,76923.07692,SSH-Patator
53,348,2,2,66,218,33.0,109.0,816091.954,11494.25287,BENIGN
7937,48,1,1,2,6,2.0,6.0,166666.6667,41666.66667,PortScan
53,48677,4,2,172,194,43.0,97.0,7518.951456,123.2614993,BENIGN
40529,5167851,1,6,6,36,6.0,6.0,8.127169301,1.354528217,BENIGN
21,2,2,0,14,0,7.0,0.0,7000000.0,1000000.0,FTP-Patator
80,73761490,8,5,56,11607,7.0,2321.4,158.1177387,0.176243728,DDoS
587,51,1,1,0,6,0.0,6.0,117647.0588,39215.68627,PortScan
21,9610873,9,15,110,188,12.22222222,12.53333333,31.00654852,2.497171693,FTP-Patator
21,271,2,1,14,0,7.0,0.0,51660.51661,11070.1107,FTP-Patator
109,12,1,1,0,6,0.0,6.0,500000.0,166666.6667,PortScan
53,32445234,2,2,122,235,61.0,117.5,11.00315689,0.123284671,BENIGN
5902,11,1,1,0,6,0.0,6.0,545454.5455,181818.1818,PortScan
80,7883,2,0,0,0,0.0,0.0,0.0,253.7105163,BENIGN
425,45,1,1,2,6,2.0,6.0,177777.7778,44444.44444,PortScan
1123,56,1,1,2,6,2.0,6.0,142857.1429,35714.28571,PortScan
22,11222279,19,31,1992,2745,104.8421053,88.5483871,422.1067753,4.455423003,SSH-Patator
53,61443,1,1,57,161,57.0,161.0,3548.003841,32.55049395,BENIGN
21,49,2,0,14,0,7.0,0.0,285714.2857,40816.32653,FTP-Patator
22,61,1,1,0,0,0.0,0.0,0.0,32786.88525,SSH-Patator
21,8898212,9,15,112,188,12.44444444,12.53333333,33.7146384,2.697171072,FTP-Patator
21,3,2,0,14,0,7.0,0.0,4666666.667,666666.6667,FTP-Patator
3880,12,1,1,2,6,2.0,6.0,666666.6667,166666.6667,PortScan
80,2760959,4,0,24,0,6.0,0.0,8.692631799,1.448771967,DDoS
53,46245,1,1,64,117,64.0,117.0,3913.936642,43.24791869,BENIGN
21,279,2,1,14,0,7.0,0.0,50179.21147,10752.68817,FTP-Patator
53,203,2,2,70,250,35.0,125.0,1576354.68,19704.4335,BENIGN
5120,19,1,1,0,6,0.0,6.0,315789.4737,105263.1579,PortScan
80,832193,3,6,26,11601,8.666666667,1933.5,13971.51863,10.81479897,DDoS
443,26203517,4,0,37,0,9.25,0.0,1.412024195,0.152651264,BENIGN
53143,59,1,1,0,0,0.0,0.0,0.0,33898.30508,BENIGN
53,179394,4,2,136,196,34.0,98.0,1850.67505,33.44593465,BENIGN
21,9064084,9,15,104,188,11.55555556,12.53333333,32.21505891,2.647813061,FTP-Patator
21,8991068,9,15,108,188,12.0,12.53333333,32.92156171,2.669315814,FTP-Patator
80,33269,3,4,26,11601,8.666666667,2900.25,349484.5051,210.4060837,DDoS
443,164,2,0,12,0,6.0,0.0,73170.73171,12195.12195,BENIGN
21,221,2,1,14,0,7.0,0.0,63348.41629,13574.66063,FTP-Patator
80,773905,3,5,26,11601,8.666666667,2320.2,15023.80783,10.33718609,DDoS
443,102,2,0,0,0,0.0,0.0,0.0,19607.84314,BENIGN
61764,36530,7,2,11607,26,1658.142857,13.0,318450.5886,246.3728442,BENIGN
80,80266766,9,7,62,11607,6.888888889,1658.142857,145.3777271,0.199335301,DDoS
443,5292971,8,6,390,3716,48.75,619.3333333,775.7457957,2.645017326,BENIGN
80,482237,3,6,26,11607,8.666666667,1934.5,24122.99347,18.66302254,DDoS
22,13801070,22,32,2008,2745,91.27272727,85.78125,344.3935869,3.912740099,SSH-Patator
53,165,2,2,70,134,35.0,67.0,1236363.636,24242.42424,BENIGN
21,4,2,0,14,0,7.0,0.0,3500000.0,500000.0,FTP-Patator
80,6400390,5,3,520,653,104.0,217.6666667,183.270082,1.249923833,BENIGN
443,3,2,0,12,0,6.0,0.0,4000000.0,666666.6667,BENIGN
2608,64,1,1,2,6,2.0,6.0,125000.0,31250.0,PortScan
21,220,2,1,14,0,7.0,0.0,63636.36364,13636.36364,FTP-Patator
21,8717968,9,15,105,188,11.66666667,12.53333333,33.60874919,2.752935088,FTP-Patator
15003,7,1,1,0,6,0.0,6.0,857142.8571,285714.2857,PortScan
1030,14,1,1,2,6,2.0,6.0,571428.5714,142857.1429,PortScan
48160,52,1,1,6,6,6.0,6.0,230769.2308,38461.53846,BENIGN
53,30273,1,1,55,111,55.0,111.0,5483.434083,66.06547088,BENIGN
163,36,1,1,2,6,2.0,6.0,222222.2222,55555.55556,PortScan
443,65171529,13,14,1551,4264,119.3076923,304.5714286,89.22607908,0.414291339,BENIGN
21,8467014,9,15,107,188,11.88888889,12.53333333,34.84109038,2.834529387,FTP-Patator
53,24059,2,2,60,194,30.0,97.0,10557.37977,166.2579492,BENIGN
80,90018942,8,5,56,11607,7.0,2321.4,129.5616205,0.14441405,DDoS
50947,47,1,1,0,0,0.0,0.0,0.0,42553.19149,BENIGN
80,91655859,8,4,56,11601,7.0,2900.25,127.1822677,0.130924527,DDoS
57294,55,1,1,2,6,2.0,6.0,145454.5455,36363.63636,PortScan
22,43,1,1,0,0,0.0,0.0,0.0,46511.62791,SSH-Patator
88,88,1,1,2,6,2.0,6.0,90909.09091,22727.27273,PortScan
22,70,1,1,0,0,0.0,0.0,0.0,28571.42857,SSH-Patator
4224,43,1,1,2,6,2.0,6.0,186046.5116,46511.62791,PortScan
80,115273883,16,14,442,1811,27.625,129.3571429,19.54475673,0.260249757,BENIGN
22,86,1,1,0,0,0.0,0.0,0.0,23255.81395,SSH-Patator
8888,47,1,1,2,6,2.0,6.0,170212.766,42553.19149,PortScan
21,18,2,0,14,0,7.0,0.0,777777.7778,111111.1111,FTP-Patator
80,33228,3,5,26,11601,8.666666667,2320.2,349915.7337,240.7608041,DDoS
212,44,1,1,2,6,2.0,6.0,181818.1818,45454.54545,PortScan
53,30815,2,2,94,268,47.0,134.0,11747.52556,129.8069122,BENIGN
80,111640,3,6,26,11607,8.666666667,1934.5,104201.0032,80.61626657,DDoS
22,11846968,19,31,2008,2745,105.6842105,88.5483871,401.1996994,4.220489158,SSH-Patator
22,84,1,1,0,0,0.0,0.0,0.0,23809.52381,SSH-Patator
1030,40,1,1,0,6,0.0,6.0,150000.0,50000.0,PortScan
22,63,1,1,0,0,0.0,0.0,0.0,31746.03175,SSH-Patator
8652,76,1,1,0,6,0.0,6.0,78947.36842,26315.78947,PortScan
22,81,1,1,0,0,0.0,0.0,0.0,24691.35802,SSH-Patator
7,47,1,1,2,6,2.0,6.0,170212.766,42553.19149,PortScan
57377,7346,3,0,43,0,14.33333333,0.0,5853.525728,408.3855159,BENIGN
443,5529505,8,7,353,4115,44.125,587.8571429,808.0289284,2.712720216,BENIGN
22,64,1,1,0,0,0.0,0.0,0.0,31250.0,SSH-Patator
443,117977209,13,13,580,4660,44.61538462,358.4615385,44.41535822,0.220381548,BENIGN
21,3,2,0,14,0,7.0,0.0,4666666.667,666666.6667,FTP-Patator
80,1792966,3,6,26,11607,8.666666667,1934.5,6488.131956,5.019615542,DDoS
53,279,2,2,82,254,41.0,127.0,1204301.075,14336.91756,BENIGN
21,1,2,0,14,0,7.0,0.0,14000000.0,2000000.0,FTP-Patator
80,523763,5,3,439,795,87.8,265.0,2356.02744,15.27408389,BENIGN
21,8816400,9,15,100,188,11.11111111,12.53333333,32.66639445,2.722199537,FTP-Patator
22,94,1,1,0,0,0.0,0.0,0.0,21276.59574,SSH-Patator
22,113,1,1,0,0,0.0,0.0,0.0,17699.11504,SSH-Patator
22,12410571,21,32,2008,2745,95.61904762,85.78125,382.9799612,4.270552902,SSH-Patator
21,232,2,1,14,0,7.0,0.0,60344.82759,12931.03448,FTP-Patator
21,272564,18,25,176,438,9.777777778,17.52,2252.681939,157.761113,BENIGN
22,12745751,22,32,2008,2745,91.27272727,85.78125,372.9085873,4.236706021,SSH-Patator
21,183384,18,25,176,440,9.777777778,17.6,3359.071675,234.4806526,BENIGN
1007,92,1,1,0,6,0.0,6.0,65217.3913,21739.13043,PortScan
22,73,1,1,0,0,0.0,0.0,0.0,27397.26027,SSH-Patator
80,3097931,5,0,30,0,6.0,0.0,9.683882565,1.613980428,DDoS
53,55467,2,2,66,224,33.0,112.0,5228.333964,72.11495123,BENIGN
443,119094854,16,15,998,11233,62.375,748.8666667,102.6996515,0.260296721,BENIGN
80,97610348,9,4,62,11601,6.888888889,2900.25,119.4852824,0.133182601,DDoS
389,225,2,2,158,326,79.0,163.0,2151111.111,17777.77778,BENIGN
80,3220938,4,0,24,0,6.0,0.0,7.451245569,1.241874261,DDoS
80,5391892,5,0,30,0,6.0,0.0,5.563909663,0.927318277,DDoS
80,7998993,5,0,30,0,6.0,0.0,3.750472091,0.625078682,DDoS
21,9971303,9,15,105,188,11.66666667,12.53333333,29.3843242,2.406907101,FTP-Patator
53,356626,4,2,124,182,31.0,91.0,858.041758,16.8243482,BENIGN
9040,59,1,1,2,6,2.0,6.0,135593.2203,33898.30508,PortScan
22,11677668,21,32,2008,2745,95.61904762,85.78125,407.0161954,4.538577394,SSH-Patator
53,30860,2,2,84,226,42.0,113.0,10045.36617,129.617628,BENIGN
21,9385382,9,15,97,188,10.77777778,12.53333333,30.36637187,2.557168158,FTP-Patator
21,8947437,9,15,101,188,11.22222222,12.53333333,32.29975243,2.682332382,FTP-Patator
443,4669411,5,1,117,41,23.4,41.0,33.83724414,1.284958638,BENIGN
24444,43,1,1,0,6,0.0,6.0,139534.8837,46511.62791,PortScan
80,54439,3,5,26,11601,8.666666667,2320.2,213578.5007,146.9534709,DDoS
21,8893348,9,15,111,188,12.33333333,12.53333333,33.62063421,2.698646224,FTP-Patator
41645,9812537,1,7,6,42,6.0,6.0,4.8917013,0.81528355,BENIGN
22,12000175,21,32,2008,2745,95.61904762,85.78125,396.0775572,4.416602258,SSH-Patator
80,31298,3,5,26,11601,8.666666667,2320.2,371493.3862,255.6073871,DDoS
21,8092332,9,15,99,188,11.0,12.53333333,35.46567294,2.965770559,FTP-Patator
18040,43,1,1,2,6,2.0,6.0,186046.5116,46511.62791,PortScan
22,77,1,1,0,0,0.0,0.0,0.0,25974.02597,SSH-Patator
80,104873,5,0,30,0,6.0,0.0,286.0602824,47.67671374,DDoS
53,24263,2,2,84,276,42.0,138.0,14837.40675,164.860075,BENIGN
21,3,2,0,14,0,7.0,0.0,4666666.667,666666.6667,FTP-Patator
21,276,2,1,14,0,7.0,0.0,50724.63768,10869.56522,FTP-Patator
53,156,2,2,46,46,23.0,23.0,589743.5897,25641.02564,BENIGN
21,234,2,1,14,0,7.0,0.0,59829.05983,12820.51282,FTP-Patator
21,8807677,9,15,105,188,11.66666667,12.53333333,33.26643336,2.724895566,FTP-Patator
53,30366,1,1,42,114,42.0,114.0,5137.324639,65.8631364,BENIGN
80,5890917,5,0,30,0,6.0,0.0,5.092585755,0.848764293,DDoS
80,80275854,8,5,56,11601,7.0,2320.2,145.2117844,0.161941597,DDoS
443,5474773,6,4,611,164,101.8333333,41.0,141.5583806,1.82655975,BENIGN
80,81810531,8,6,56,11607,7.0,1934.5,142.5611087,0.171127113,DDoS
21,8014942,9,15,112,188,12.44444444,12.53333333,37.43008995,2.994407196,FTP-Patator
53,48532,2,2,70,102,35.0,51.0,3544.053408,82.4198467,BENIGN
59551,373,2,1,0,0,0.0,0.0,0.0,8042.895442,BENIGN
21,224,2,1,14,0,7.0,0.0,62500.0,13392.85714,FTP-Patator
82,51,1,1,2,6,2.0,6.0,156862.7451,39215.68627,PortScan
22,13526663,27,37,3288,5673,121.7777778,153.3243243,662.4693762,4.731396058,SSH-Patator
21,8419567,9,15,107,188,11.88888889,12.53333333,35.03743126,2.850502882,FTP-Patator
80,11794740,4,0,24,0,6.0,0.0,2.034805345,0.339134224,DDoS
53,190,2,2,72,208,36.0,104.0,1473684.211,21052.63158,BENIGN
21,9409707,9,15,104,188,11.55555556,12.53333333,31.03178452,2.550557632,FTP-Patator
50575,57,1,1,0,0,0.0,0.0,0.0,35087.7193,BENIGN
5054,53,1,1,0,6,0.0,6.0,113207.5472,37735.84906,PortScan
21,9627701,9,15,116,188,12.88888889,12.53333333,31.57555475,2.492806954,FTP-Patator
1271,43,1,1,2,6,2.0,6.0,186046.5116,46511.62791,PortScan
1199,78,1,1,0,6,0.0,6.0,76923.07692,25641.02564,PortScan
22,12498341,21,32,2008,2745,95.61904762,85.78125,380.2904722,4.240562807,SSH-Patator
53,50267,1,1,55,83,55.0,83.0,2745.339885,39.78753457,BENIGN
80,1269122,3,5,26,11601,8.666666667,2320.2,9161.451775,6.3035705,DDoS
80,1861825,1,4,6,6,6.0,1.5,6.445288897,2.68553704,BENIGN
53,50740,1,1,44,72,44.0,72.0,2286.164762,39.41663382,BENIGN
80,9519744,5,0,30,0,6.0,0.0,3.151345246,0.525224208,DDoS
22,52,1,1,0,0,0.0,0.0,0.0,38461.53846,SSH-Patator
80,6028625,29,48,14862,6392,512.4827586,133.1666667,3525.513695,12.77239835,BENIGN
22,98,1,1,0,0,0.0,0.0,0.0,20408.16327,SSH-Patator
22,12039748,21,32,2008,2745,95.61904762,85.78125,394.7757046,4.402085492,SSH-Patator
80,6331878,5,0,30,0,6.0,0.0,4.737930832,0.789655139,DDoS
80,73241913,8,4,56,11601,7.0,2900.25,159.1575032,0.163840614,DDoS
100,44,1,1,2,6,2.0,6.0,181818.1818,45454.54545,PortScan
2038,21,1,1,2,6,2.0,6.0,380952.381,95238.09524,PortScan
21,212,2,1,14,0,7.0,0.0,66037.73585,14150.9434,FTP-Patator
80,5010860,6,0,36,0,6.0,0.0,7.184395493,1.197399249,DDoS
80,101002471,8,6,56,11607,7.0,1934.5,115.4724225,0.13861047,DDoS
80,158270,3,5,26,11607,8.666666667,2321.4,73500.97934,50.5465344,DDoS
22,11911194,21,32,2008,2745,95.61904762,85.78125,399.0364022,4.449595901,SSH-Patator
22,11579018,20,33,2008,2745,100.4,83.18181818,410.4838597,4.577244806,SSH-Patator
53,78466,4,2,176,344,44.0,172.0,6627.074147,76.46624015,BENIGN
19842,43,1,1,2,6,2.0,6.0,186046.5116,46511.62791,PortScan
21,3,2,0,14,0,7.0,0.0,4666666.667,666666.6667,FTP-Patator
80,8102882,4,0,24,0,6.0,0.0,2.961909108,0.493651518,DDoS
21,8948122,9,15,98,188,10.88888889,12.53333333,31.96201393,2.682127043,FTP-Patator
22,43,1,1,0,0,0.0,0.0,0.0,46511.62791,SSH-Patator
80,5709819,4,0,24,0,6.0,0.0,4.203285603,0.700547601,DDoS
3052,4,1,1,0,6,0.0,6.0,1500000.0,500000.0,PortScan
22,78,1,1,0,0,0.0,0.0,0.0,25641.02564,SSH-Patator
22,12183790,21,32,2008,2745,95.61904762,85.78125,390.1084966,4.350042146,SSH-Patator
1092,74,1,1,2,6,2.0,6.0,108108.1081,27027.02703,PortScan
61026,5,3,0,43,0,14.33333333,0.0,8600000.0,600000.0,BENIGN
13,44,1,1,0,6,0.0,6.0,136363.6364,45454.54545,PortScan
53,31025,1,1,37,101,37.0,101.0,4448.025786,64.46414182,BENIGN
9595,43,1,1,2,6,2.0,6.0,186046.5116,46511.62791,PortScan
6005,48,1,1,0,6,0.0,6.0,125000.0,41666.66667,PortScan
22,71,1,1,0,0,0.0,0.0,0.0,28169.01408,SSH-Patator
3986,44,1,1,2,6,2.0,6.0,181818.1818,45454.54545,PortScan
22,11586256,19,31,2008,2745,105.6842105,88.5483871,410.2274281,4.315457901,SSH-Patator
22,11990549,21,32,2008,2745,95.61904762,85.78125,396.3955278,4.420147901,SSH-Patator
22,85,1,1,0,0,0.0,0.0,0.0,23529.41176,SSH-Patator
80,99524533,8,4,56,11601,7.0,2900.25,117.1268998,0.120573286,DDoS
80,5367031,4,4,424,416,106.0,104.0,156.5111139,1.490582037,BENIGN
10584,343,3,1,43,6,14.33333333,6.0,142857.1429,11661.80758,BENIGN
53,24326,2,2,68,100,34.0,50.0,6906.190907,164.4331168,BENIGN
53,30892562,2,2,103,455,51.5,227.5,18.06260031,0.129481006,BENIGN
22,12332690,23,32,2008,2745,87.30434783,85.78125,385.3984816,4.459692087,SSH-Patator
2160,17,1,1,2,6,2.0,6.0,470588.2353,117647.0588,PortScan
21,253,2,1,14,0,7.0,0.0,55335.96838,11857.70751,FTP-Patator
22,63,1,1,0,0,0.0,0.0,0.0,31746.03175,SSH-Patator
443,5066630,9,8,355,7149,39.44444444,893.625,1481.06335,3.35528744,BENIGN
443,5327084,8,6,374,5020,46.75,836.6666667,1012.561469,2.628079452,BENIGN
80,616984,3,4,26,11607,8.666666667,2901.75,18854.62184,11.34551301,DDoS
53,187,2,2,66,194,33.0,97.0,1390374.332,21390.37433,BENIGN
443,119376334,17,18,2866,4909,168.5882353,272.7222222,65.13016223,0.293190441,BENIGN
22,80,1,1,0,0,0.0,0.0,0.0,25000.0,SSH-Patator
22,76,1,1,0,0,0.0,0.0,0.0,26315.78947,SSH-Patator
80,16020155,10,9,2498,855,249.8,95.0,209.2988489,1.186006003,BENIGN
1054,26,1,1,2,6,2.0,6.0,307692.3077,76923.07692,PortScan
21,1,2,0,14,0,7.0,0.0,14000000.0,2000000.0,FTP-Patator
80,80313497,8,5,56,11607,7.0,2321.4,145.2184307,0.161865695,DDoS
65389,37,1,1,2,6,2.0,6.0,216216.2162,54054.05405,PortScan
21,212,2,1,14,0,7.0,0.0,66037.73585,14150.9434,FTP-Patator
53,524,2,2,76,300,38.0,150.0,717557.2519,7633.587786,BENIGN
21,3,2,0,14,0,7.0,0.0,4666666.667,666666.6667,FTP-Patator
21,3,2,0,14,0,7.0,0.0,4666666.667,666666.6667,FTP-Patator
21,8492698,9,15,104,188,11.55555556,12.53333333,34.38247775,2.825957075,FTP-Patator
33,56,1,1,2,6,2.0,6.0,142857.1429,35714.28571,PortScan
22,42,1,1,0,0,0.0,0.0,0.0,47619.04762,SSH-Patator
22,11687634,21,32,2008,2745,95.61904762,85.78125,406.6691342,4.534707367,SSH-Patator
2701,53,1,1,0,6,0.0,6.0,113207.5472,37735.84906,PortScan
4550,19,1,1,0,6,0.0,6.0,315789.4737,105263.1579,PortScan
3128,70,1,1,0,6,0.0,6.0,85714.28571,28571.42857,PortScan
80,1737391,3,6,26,11601,8.666666667,1933.5,6692.21839,5.180181088,DDoS
21,9892267,9,15,104,188,11.55555556,12.53333333,29.51800634,2.426137507,FTP-Patator
21,227,2,1,14,0,7.0,0.0,61674.00881,13215.85903,FTP-Patator
21,274,2,1,14,0,7.0,0.0,51094.89051,10948.90511,FTP-Patator
10621,59,1,1,2,6,2.0,6.0,135593.2203,33898.30508,PortScan
524,52,1,1,2,6,2.0,6.0,153846.1538,38461.53846,PortScan
80,544772,3,6,26,11607,8.666666667,1934.5,21353.8875,16.52067287,DDoS
80,5045884,4,0,24,0,6.0,0.0,4.75635191,0.792725318,DDoS
22,11964296,19,31,2008,2745,105.6842105,88.5483871,397.2653301,4.179100885,SSH-Patator
80,1873002,3,4,26,11601,8.666666667,2900.25,6207.681572,3.737315817,DDoS
80,8046824,5,0,30,0,6.0,0.0,3.728178968,0.621363161,DDoS
1000,67,1,1,0,6,0.0,6.0,89552.23881,29850.74627,PortScan
21431,8900548,1,6,1375,30,1375.0,5.0,157.8554489,0.786468429,BENIGN
53,250,2,2,82,182,41.0,91.0,1056000.0,16000.0,BENIGN
22,52,1,1,0,0,0.0,0.0,0.0,38461.53846,SSH-Patator
22,64,1,1,0,0,0.0,0.0,0.0,31250.0,SSH-Patator
21,48,2,0,14,0,7.0,0.0,291666.6667,41666.66667,FTP-Patator
22,74,1,1,0,0,0.0,0.0,0.0,27027.02703,SSH-Patator
22,1362474,41,44,2664,6954,64.97560976,158.0454545,7059.217277,62.3865116,BENIGN
58180,95588,2,0,12,0,6.0,0.0,125.5387706,20.92312843,BENIGN
22,13127109,23,32,2008,2745,87.30434783,85.78125,362.075153,4.189802949,SSH-Patator
21,241,2,1,14,0,7.0,0.0,58091.28631,12448.13278,FTP-Patator
22,72,1,1,0,0,0.0,0.0,0.0,27777.77778,SSH-Patator
23,69,1,1,0,6,0.0,6.0,86956.52174,28985.50725,PortScan
22,12353160,19,31,2008,2745,105.6842105,88.5483871,384.7598509,4.047547348,SSH-Patator
12000,31,1,1,0,6,0.0,6.0,193548.3871,64516.12903,PortScan
21,8817151,9,15,112,188,12.44444444,12.53333333,34.02459593,2.721967674,FTP-Patator
548,40,1,1,2,6,2.0,6.0,200000.0,50000.0,PortScan
80,66488644,14,12,2604,2014,186.0,167.8333333,69.45546972,0.391044221,BENIGN
21,3,2,0,14,0,7.0,0.0,4666666.667,666666.6667,FTP-Patator
53,194,2,2,66,184,33.0,92.0,1288659.794,20618.5567,BENIGN
21,49,2,0,14,0,7.0,0.0,285714.2857,40816.32653,FTP-Patator
21,8973333,9,15,104,188,11.55555556,12.53333333,32.54086302,2.674591481,FTP-Patator
80,1042127,3,6,26,11607,8.666666667,1934.5,11162.74696,8.636183498,DDoS
80,1849292,3,6,26,11607,8.666666667,1934.5,6290.515505,4.866727375,DDoS
21,247,2,1,14,0,7.0,0.0,56680.16194,12145.74899,FTP-Patator
52848,68,1,1,0,6,0.0,6.0,88235.29412,29411.76471,PortScan
9002,49,1,1,2,6,2.0,6.0,163265.3061,40816.32653,PortScan
80,1246699,3,5,26,11607,8.666666667,2321.4,9331.041414,6.416945871,DDoS
21,9179555,9,15,93,188,10.33333333,12.53333333,30.61150568,2.614505823,FTP-Patator
22,11670632,20,33,2008,2745,100.4,83.18181818,407.2615776,4.541313615,SSH-Patator
1186,43,1,1,2,6,2.0,6.0,186046.5116,46511.62791,PortScan
9290,45,1,1,0,6,0.0,6.0,133333.3333,44444.44444,PortScan
21,3,2,0,14,0,7.0,0.0,4666666.667,666666.6667,FTP-Patator
80,3110052,5,0,30,0,6.0,0.0,9.646140965,1.607690161,DDoS
50047,81360683,1,5,6,30,6.0,6.0,0.442474162,0.073745694,BENIGN
51493,23,1,1,2,6,2.0,6.0,347826.087,86956.52174,PortScan
21,248,2,1,14,0,7.0,0.0,56451.6129,12096.77419,FTP-Patator
22,10051528,21,32,2008,2745,95.61904762,85.78125,472.8634293,5.272830161,SSH-Patator
56614,3951172,1,6,6,36,6.0,6.0,10.62975745,1.771626242,BENIGN
22,70,1,1,0,0,0.0,0.0,0.0,28571.42857,SSH-Patator
443,118917652,12,14,12,31,1.0,2.214285714,0.361594761,0.218638693,BENIGN
22,74,1,1,0,0,0.0,0.0,0.0,27027.02703,SSH-Patator
29654,11046411,1,6,1375,30,1375.0,5.0,127.1906323,0.633689983,BENIGN
21,9232969,9,15,107,188,11.88888889,12.53333333,31.95071921,2.599380546,FTP-Patator
22,11148879,19,32,2008,2745,105.6842105,85.78125,426.3208884,4.574450938,SSH-Patator
22,11936548,21,32,2008,2745,95.61904762,85.78125,398.1888231,4.440144672,SSH-Patator
80,1429650,3,4,26,11601,8.666666667,2900.25,8132.759766,4.896303291,DDoS
53,174,2,2,100,132,50.0,66.0,1333333.333,22988.50575,BENIGN
64021,1,2,0,611,0,305.5,0.0,611000000.0,2000000.0,BENIGN
22,12441989,21,32,2008,2745,95.61904762,85.78125,382.0128759,4.259769077,SSH-Patator
4004,22,1,1,2,6,2.0,6.0,363636.3636,90909.09091,PortScan
443,158,2,0,0,0,0.0,0.0,0.0,12658.22785,BENIGN
22,14254909,21,33,2008,2745,95.61904762,83.18181818,333.4289963,3.788168693,SSH-Patator
443,5067303,6,4,611,164,101.8333333,41.0,152.9413181,1.973436362,BENIGN
21,9013229,9,15,100,188,11.11111111,12.53333333,31.95303259,2.662752716,FTP-Patator
80,8274441,8,6,56,11607,7.0,1934.5,1409.521199,1.691957197,DDoS
53,59216,1,1,55,130,55.0,130.0,3124.155634,33.7746555,BENIGN
625,49,1,1,2,6,2.0,6.0,163265.3061,40816.32653,PortScan
53,46625,1,1,45,235,45.0,235.0,6005.36193,42.89544236,BENIGN
1169,44,1,1,0,6,0.0,6.0,136363.6364,45454.54545,PortScan
80,699226,3,5,26,11607,8.666666667,2321.4,16636.96716,11.44122215,DDoS
24444,43,1,1,0,6,0.0,6.0,139534.8837,46511.62791,PortScan
22,12887307,21,32,2008,2745,95.61904762,85.78125,368.8125068,4.112573713,SSH-Patator
21,221,2,1,14,0,7.0,0.0,63348.41629,13574.66063,FTP-Patator
22,12837041,21,32,2008,2745,95.61904762,85.78125,370.2566658,4.128677317,SSH-Patator
443,116683705,27,25,2445,18425,90.55555556,737.0,178.8595931,0.445649202,BENIGN
2602,47,1,1,0,6,0.0,6.0,127659.5745,42553.19149,PortScan
22,101,1,1,0,0,0.0,0.0,0.0,19801.9802,SSH-Patator
80,76842849,8,7,56,11601,7.0,1657.285714,151.6992167,0.19520359,DDoS
53,198,2,2,110,174,55.0,87.0,1434343.434,20202.0202,BENIGN
2608,43,1,1,0,6,0.0,6.0,139534.8837,46511.62791,PortScan
80,8013284,7,6,50,11601,7.142857143,1933.5,1453.960698,1.622306161,DDoS
53,24650,1,1,34,109,34.0,109.0,5801.217039,81.13590264,BENIGN
21,9054800,9,15,108,188,12.0,12.53333333,32.68984406,2.650527897,FTP-Patator
5054,43,1,1,0,6,0.0,6.0,139534.8837,46511.62791,PortScan
22,84,1,1,0,0,0.0,0.0,0.0,23809.52381,SSH-Patator
80,327759,3,6,26,11607,8.666666667,1934.5,35492.54178,27.45920021,DDoS
21,4,2,0,14,0,7.0,0.0,3500000.0,500000.0,FTP-Patator
53,31183,2,2,70,102,35.0,51.0,5515.825931,128.2750216,BENIGN
80,92810436,8,5,56,11601,7.0,2320.2,125.6000995,0.140070455,DDoS
22,75,1,1,0,0,0.0,0.0,0.0,26666.66667,SSH-Patator
22,13400213,21,32,2008,2745,95.61904762,85.78125,354.6958545,3.955161011,SSH-Patator
80,91760489,17,14,1290,744,75.88235294,53.14285714,22.16640323,0.337836037,BENIGN
548,42,1,1,2,6,2.0,6.0,190476.1905,47619.04762,PortScan
53,425,1,1,47,98,47.0,98.0,341176.4706,4705.882353,BENIGN
80,1357930,3,6,26,11601,8.666666667,1933.5,8562.297026,6.627734861,DDoS
22,12579618,21,32,2008,2745,95.61904762,85.78125,377.8334127,4.213164501,SSH-Patator
22,89,1,1,0,0,0.0,0.0,0.0,22471.91011,SSH-Patator
80,625914,3,4,26,11601,8.666666667,2900.25,18576.03441,11.18364504,DDoS
21,225,2,1,14,0,7.0,0.0,62222.22222,13333.33333,FTP-Patator
36080,11757217,1,5,6,30,6.0,6.0,3.061949099,0.51032485,BENIGN
21,10036247,9,15,116,188,12.88888889,12.53333333,30.29020709,2.391332138,FTP-Patator
1148,85,1,1,2,6,2.0,6.0,94117.64706,23529.41176,PortScan
80,3794233,4,0,24,0,6.0,0.0,6.325389084,1.054231514,DDoS
22,77,1,1,0,0,0.0,0.0,0.0,25974.02597,SSH-Patator
2119,72,1,1,0,6,0.0,6.0,83333.33333,27777.77778,PortScan
53,185,2,2,80,112,40.0,56.0,1037837.838,21621.62162,BENIGN
80,962688,3,5,26,11607,8.666666667,2321.4,12083.87349,8.310065151,DDoS
56671,1,2,0,37,0,18.5,0.0,37000000.0,2000000.0,BENIGN
22,109,1,1,0,0,0.0,0.0,0.0,18348.62385,SSH-Patator
21,9255260,9,15,103,188,11.44444444,12.53333333,31.44158025,2.59312002,FTP-Patator
406,52,1,1,0,6,0.0,6.0,115384.6154,38461.53846,PortScan
53,23761,2,2,60,92,30.0,46.0,6397.037162,168.3430832,BENIGN
30,72,1,1,0,6,0.0,6.0,83333.33333,27777.77778,PortScan
22,31,1,1,0,0,0.0,0.0,0.0,64516.12903,SSH-Patator
50173,77,1,2,0,0,0.0,0.0,0.0,38961.03896,BENIGN
80,10571022,5,0,30,0,6.0,0.0,2.837946984,0.472991164,DDoS
22,11868884,21,32,2008,2745,95.61904762,85.78125,400.4588805,4.465457746,SSH-Patator
80,50469,2,0,12,0,6.0,0.0,237.76972,39.62828667,BENIGN
22,227,1,1,0,0,0.0,0.0,0.0,8810.572687,SSH-Patator
8938,2,1,2,0,0,0.0,0.0,0.0,1500000.0,BENIGN
777,49,1,1,0,6,0.0,6.0,122448.9796,40816.32653,PortScan
49161,47,1,1,0,6,0.0,6.0,127659.5745,42553.19149,PortScan
49175,15,1,1,0,6,0.0,6.0,400000.0,133333.3333,PortScan
22,50,1,1,0,0,0.0,0.0,0.0,40000.0,SSH-Patator
22,104,1,1,0,0,0.0,0.0,0.0,19230.76923,SSH-Patator
22,11811237,21,32,2008,2745,95.61904762,85.78125,402.4133967,4.487252267,SSH-Patator
52594,296,1,1,0,0,0.0,0.0,0.0,6756.756757,BENIGN
21,9109938,9,15,103,188,11.44444444,12.53333333,31.94313726,2.634485548,FTP-Patator
80,8448798,5,0,30,0,6.0,0.0,3.550800954,0.591800159,DDoS
53,279,2,2,64,258,32.0,129.0,1154121.864,14336.91756,BENIGN
8031,47,1,1,2,6,2.0,6.0,170212.766,42553.19149,PortScan
53,297,2,2,64,204,32.0,102.0,902356.9024,13468.01347,BENIGN
3551,67,1,1,0,6,0.0,6.0,89552.23881,29850.74627,PortScan
22,11197853,21,31,2008,2745,95.61904762,88.5483871,424.4563668,4.643747333,SSH-Patator
33448,114,2,1,31,6,15.5,6.0,324561.4035,26315.78947,BENIGN
2301,31,1,1,0,6,0.0,6.0,193548.3871,64516.12903,PortScan
21,8498618,9,15,95,188,10.55555556,12.53333333,33.29953176,2.823988559,FTP-Patator
62382,81929189,5,9,11607,62,2321.4,6.888888889,142.4278715,0.17087927,BENIGN
52890,115834,2,1,0,0,0.0,0.0,0.0,25.89913152,BENIGN
5800,63,1,1,2,6,2.0,6.0,126984.127,31746.03175,PortScan
80,1326390,3,6,26,11607,8.666666667,1934.5,8770.421972,6.78533463,DDoS
53,193158,2,2,64,246,32.0,123.0,1604.903758,20.70843558,BENIGN
56724,73831352,7,10,11613,68,1659.0,6.8,158.2119206,0.230254486,BENIGN
22,49,1,1,0,0,0.0,0.0,0.0,40816.32653,SSH-Patator
1198,11,1,1,0,6,0.0,6.0,545454.5455,181818.1818,PortScan
443,5772585,7,4,635,168,90.71428571,42.0,139.1057906,1.905558775,BENIGN
1236,58,1,1,2,6,2.0,6.0,137931.0345,34482.75862,PortScan
22,100,1,1,0,0,0.0,0.0,0.0,20000.0,SSH-Patator
27353,12,1,1,2,6,2.0,6.0,666666.6667,166666.6667,PortScan
22,11846983,21,32,2008,2745,95.61904762,85.78125,401.1991914,4.473712843,SSH-Patator
21,251,2,1,14,0,7.0,0.0,55776.89243,11952.19124,FTP-Patator
22,76,1,1,0,0,0.0,0.0,0.0,26315.78947,SSH-Patator
22,72,1,1,0,0,0.0,0.0,0.0,27777.77778,SSH-Patator
21,232,2,1,14,0,7.0,0.0,60344.82759,12931.03448,FTP-Patator
80,239,2,0,0,0,0.0,0.0,0.0,8368.200837,BENIGN
80,1666855,3,5,26,11601,8.666666667,2320.2,6975.411778,4.799457661,DDoS
80,594039,3,6,26,11601,8.666666667,1933.5,19572.78899,15.15052042,DDoS
80,169129,3,5,26,11601,8.666666667,2320.2,68746.34155,47.30117248,DDoS
21,9693918,9,15,99,188,11.0,12.53333333,29.60619225,2.475779143,FTP-Patator
80,2695973,5,0,30,0,6.0,0.0,11.12770788,1.85461798,DDoS
53,181,2,2,78,256,39.0,128.0,1845303.867,22099.44751,BENIGN
80,176,4,1,24,1375,6.0,1375.0,7948863.636,28409.09091,DDoS
1186,44,1,1,0,6,0.0,6.0,136363.6364,45454.54545,PortScan
53,62905,2,2,72,208,36.0,104.0,4451.156506,63.58795008,BENIGN
53,124686,2,2,76,474,38.0,237.0,4411.080635,32.08058643,BENIGN
22,21,1,1,0,0,0.0,0.0,0.0,95238.09524,SSH-Patator
22,11331156,21,32,2008,2745,95.61904762,85.78125,419.4629392,4.677369193,SSH-Patator
80,11780785,5,0,30,0,6.0,0.0,2.546519608,0.424419935,DDoS
212,38,1,1,0,6,0.0,6.0,157894.7368,52631.57895,PortScan
22,12815237,22,32,2024,2745,92.0,85.78125,372.1351388,4.213734011,SSH-Patator
22,13330054,21,32,2008,2745,95.61904762,85.78125,356.5626966,3.975977892,SSH-Patator
80,85065,3,4,26,11607,8.666666667,2901.75,136754.2468,82.29001352,DDoS
22,107,1,1,0,0,0.0,0.0,0.0,18691.58879,SSH-Patator
80,635767,3,7,26,11601,8.666666667,1657.285714,18288.14644,15.72903281,DDoS
1500,64,1,1,2,6,2.0,6.0,125000.0,31250.0,PortScan
80,133374,3,6,26,11607,8.666666667,1934.5,87220.89763,67.47941878,DDoS
37,69,1,1,0,6,0.0,6.0,86956.52174,28985.50725,PortScan
21,8814590,9,15,122,188,13.55555556,12.53333333,35.16896418,2.722758517,FTP-Patator
80,93950061,8,5,56,11601,7.0,2320.2,124.0765559,0.138371384,DDoS
21,195,2,1,14,0,7.0,0.0,71794.87179,15384.61538,FTP-Patator
212,49,1,1,2,6,2.0,6.0,163265.3061,40816.32653,PortScan
80,12051658,5,0,30,0,6.0,0.0,2.489284047,0.414880675,DDoS
22,13087681,21,32,2008,2745,95.61904762,85.78125,363.1659421,4.049609705,SSH-Patator
21,250,2,1,14,0,7.0,0.0,56000.0,12000.0,FTP-Patator
5825,29,1,1,0,6,0.0,6.0,206896.5517,68965.51724,PortScan
55252,4,2,0,37,0,18.5,0.0,9250000.0,500000.0,BENIGN
55622,9450664,1,5,1375,24,1375.0,4.8,148.0319266,0.634876026,BENIGN
21,8893914,9,15,99,188,11.0,12.53333333,32.26925738,2.698474485,FTP-Patator
3370,30,1,1,0,6,0.0,6.0,200000.0,66666.66667,PortScan
22,69,1,1,0,0,0.0,0.0,0.0,28985.50725,SSH-Patator
22,11490081,21,32,2008,2745,95.61904762,85.78125,413.6611396,4.612674184,SSH-Patator
21,2,2,0,14,0,7.0,0.0,7000000.0,1000000.0,FTP-Patator
21,8477133,9,15,100,188,11.11111111,12.53333333,33.97375032,2.83114586,FTP-Patator
57447,42,1,1,6,6,6.0,6.0,285714.2857,47619.04762,BENIGN
22,11922018,19,31,2024,2745,106.5263158,88.5483871,400.0161718,4.193920861,SSH-Patator
22,43,1,1,0,0,0.0,0.0,0.0,46511.62791,SSH-Patator
21,8264992,9,15,116,188,12.88888889,12.53333333,36.7816448,2.903814063,FTP-Patator
21,8726128,9,15,109,188,12.11111111,12.53333333,34.03571435,2.750360756,FTP-Patator
51546,67,2,1,0,0,0.0,0.0,0.0,44776.1194,BENIGN
443,115779583,21,20,1206,6917,57.42857143,345.85,70.15917478,0.354121158,BENIGN
80,86338119,8,4,56,11601,7.0,2900.25,135.0156818,0.138988435,DDoS
255,52,1,1,2,6,2.0,6.0,153846.1538,38461.53846,PortScan
8200,20,1,1,0,6,0.0,6.0,300000.0,100000.0,PortScan
53,48526,1,1,45,61,45.0,61.0,2184.395994,41.21501875,BENIGN
21,318,2,1,14,0,7.0,0.0,44025.15723,9433.962264,FTP-Patator
49175,43,1,1,2,6,2.0,6.0,186046.5116,46511.62791,PortScan
22,11968597,21,32,2008,2745,95.61904762,85.78125,397.12257,4.428255041,SSH-Patator
21,251,2,1,14,0,7.0,0.0,55776.89243,11952.19124,FTP-Patator
9050,9,1,1,0,6,0.0,6.0,666666.6667,222222.2222,PortScan
22,11566013,19,31,2008,2745,105.6842105,88.5483871,410.9454139,4.323010877,SSH-Patator
53,222,2,2,60,264,30.0,132.0,1459459.459,18018.01802,BENIGN
22,78,1,1,0,0,0.0,0.0,0.0,25641.02564,SSH-Patator
53,133123,2,2,76,396,38.0,198.0,3545.593173,30.04739977,BENIGN
443,24364700,12,11,946,3644,78.83333333,331.2727273,188.387298,0.943988639,BENIGN
80,9172767,6,0,36,0,6.0,0.0,3.924660901,0.65411015,DDoS
21,4,2,0,14,0,7.0,0.0,3500000.0,500000.0,FTP-Patator
53,30863,2,2,68,250,34.0,125.0,10303.59978,129.6050287,BENIGN
20221,44,1,1,2,6,2.0,6.0,181818.1818,45454.54545,PortScan
80,86272,3,6,26,11607,8.666666667,1934.5,134840.9681,104.3212166,DDoS
21,247,2,1,14,0,7.0,0.0,56680.16194,12145.74899,FTP-Patator
22,11634161,22,32,2008,2745,91.27272727,85.78125,408.5382693,4.641503586,SSH-Patator
1147,90,1,1,2,6,2.0,6.0,88888.88889,22222.22222,PortScan
22,50,1,1,0,0,0.0,0.0,0.0,40000.0,SSH-Patator
22,87,1,1,0,0,0.0,0.0,0.0,22988.50575,SSH-Patator
5061,52,1,1,0,6,0.0,6.0,115384.6154,38461.53846,PortScan
21,249,2,1,14,0,7.0,0.0,56224.8996,12048.19277,FTP-Patator
53,59782,1,1,63,128,63.0,128.0,3194.941621,33.45488609,BENIGN
80,76691,3,6,26,11607,8.666666667,1934.5,151686.6386,117.3540572,DDoS
22,52,1,1,0,0,0.0,0.0,0.0,38461.53846,SSH-Patator
443,114345530,69,83,16737,16159,242.5652174,194.686747,287.689427,1.329304259,BENIGN
22,76,1,1,0,0,0.0,0.0,0.0,26315.78947,SSH-Patator
80,1358,2,0,12,0,6.0,0.0,8836.5243,1472.75405,BENIGN
44176,44,1,1,0,6,0.0,6.0,136363.6364,45454.54545,PortScan
443,3,2,0,12,0,6.0,0.0,4000000.0,666666.6667,BENIGN
57912,999976,2,0,0,0,0.0,0.0,0.0,2.000048001,BENIGN
21,236,2,1,14,0,7.0,0.0,59322.0339,12711.86441,FTP-Patator
80,5563098,4,2,0,0,0.0,0.0,0.0,1.078535737,BENIGN
3905,31,1,1,2,6,2.0,6.0,258064.5161,64516.12903,PortScan
8099,45,1,1,2,6,2.0,6.0,177777.7778,44444.44444,PortScan
53,173,2,2,60,264,30.0,132.0,1872832.37,23121.38728,BENIGN
53,23477,1,1,81,145,81.0,145.0,9626.442902,85.18976019,BENIGN
22,11739875,21,32,2008,2745,95.61904762,85.78125,404.8595066,4.514528477,SSH-Patator
21,9399098,9,15,102,188,11.33333333,12.53333333,30.8540245,2.553436511,FTP-Patator
80,80885761,8,4,56,11607,7.0,2901.75,144.1910153,0.148357385,DDoS
1247,55,1,1,0,6,0.0,6.0,109090.9091,36363.63636,PortScan
21,9657345,9,15,110,188,12.22222222,12.53333333,30.85734226,2.485155081,FTP-Patator
631,16,1,1,2,6,2.0,6.0,500000.0,125000.0,PortScan
3351,18,1,1,2,6,2.0,6.0,444444.4444,111111.1111,PortScan
80,156732,3,5,26,11607,8.666666667,2321.4,74222.23924,51.04254396,DDoS
80,1196355,3,4,26,11607,8.666666667,2901.75,9723.702413,5.851106068,DDoS
80,5964842,4,0,24,0,6.0,0.0,4.023576819,0.670596136,DDoS
80,9200875,4,0,24,0,6.0,0.0,2.608447566,0.434741261,DDoS
32782,24,1,1,0,6,0.0,6.0,250000.0,83333.33333,PortScan
990,48,1,1,2,6,2.0,6.0,166666.6667,41666.66667,PortScan
80,3981896,5,0,30,0,6.0,0.0,7.534099334,1.255683222,DDoS
22,10984004,22,33,2008,2745,91.27272727,83.18181818,432.7201629,5.007281498,SSH-Patator
80,858018,5,0,30,0,6.0,0.0,34.96430145,5.827383575,DDoS
21,4,2,0,14,0,7.0,0.0,3500000.0,500000.0,FTP-Patator
21,9721167,9,15,111,188,12.33333333,12.53333333,30.75762406,2.468839389,FTP-Patator
21,3,2,0,14,0,7.0,0.0,4666666.667,666666.6667,FTP-Patator
53,53901,1,1,52,80,52.0,80.0,2448.934157,37.10506299,BENIGN
5226,64,1,1,2,6,2.0,6.0,125000.0,31250.0,PortScan
21,243,2,1,14,0,7.0,0.0,57613.16872,12345.67901,FTP-Patator
80,3359451,3,3,0,0,0.0,0.0,0.0,1.786006106,BENIGN
306,46,1,1,0,6,0.0,6.0,130434.7826,43478.26087,PortScan
22,51,1,1,0,0,0.0,0.0,0.0,39215.68627,SSH-Patator
80,9541,2,0,0,0,0.0,0.0,0.0,209.621633,BENIGN
6460,22,1,1,6,6,6.0,6.0,545454.5455,90909.09091,BENIGN
21,218,2,1,14,0,7.0,0.0,64220.18349,13761.46789,FTP-Patator
21,8470853,9,15,120,188,13.33333333,12.53333333,36.35997461,2.833244775,FTP-Patator
80,6459320,4,0,24,0,6.0,0.0,3.71556139,0.619260232,DDoS
80,804250,3,4,26,11601,8.666666667,2900.25,14456.94747,8.703761268,DDoS
80,81014765,8,6,56,11607,7.0,1934.5,143.9614125,0.172808006,DDoS
53,193,2,2,98,130,49.0,65.0,1181347.15,20725.3886,BENIGN
80,10323692,5,0,30,0,6.0,0.0,2.90593714,0.484322857,DDoS
22,47,1,1,0,0,0.0,0.0,0.0,42553.19149,SSH-Patator
22,11494965,23,32,2008,2745,87.30434783,85.78125,413.4853825,4.784703564,SSH-Patator
22,42,1,1,0,0,0.0,0.0,0.0,47619.04762,SSH-Patator
53,31170,2,2,88,200,44.0,100.0,9239.653513,128.328521,BENIGN
53,50161,1,1,55,83,55.0,83.0,2751.141325,39.8716134,BENIGN
22,101,1,1,0,0,0.0,0.0,0.0,19801.9802,SSH-Patator
22,12046103,23,32,1992,2745,86.60869565,85.78125,393.2392077,4.565791941,SSH-Patator
28910,680035,6,3,11607,26,1934.5,8.666666667,17106.47246,13.23461292,BENIGN
80,3275699,2,0,12,0,6.0,0.0,3.663340252,0.610556709,DDoS
22,41,1,1,0,0,0.0,0.0,0.0,48780.4878,SSH-Patator
21,213,2,1,14,0,7.0,0.0,65727.69953,14084.50704,FTP-Patator
80,116643,3,4,437,859,145.6666667,214.75,11110.82534,60.0121739,BENIGN
1201,32,1,1,0,6,0.0,6.0,187500.0,62500.0,PortScan
443,248116,12,13,1845,7441,153.75,572.3846154,37426.04266,100.7593223,BENIGN
21,8333633,9,15,109,188,12.11111111,12.53333333,35.63871843,2.879896439,FTP-Patator
7100,42,1,1,2,6,2.0,6.0,190476.1905,47619.04762,PortScan
80,32149174,6,6,362,5234,60.33333333,872.3333333,174.06357,0.373259979,BENIGN
53,92,2,2,60,344,30.0,172.0,4391304.348,43478.26087,BENIGN
80,8004816,5,0,30,0,6.0,0.0,3.747743858,0.624623976,DDoS
21,207,2,1,14,0,7.0,0.0,67632.85024,14492.75362,FTP-Patator
22,80,1,1,0,0,0.0,0.0,0.0,25000.0,SSH-Patator
22,20,1,1,0,0,0.0,0.0,0.0,100000.0,SSH-Patator
53,68805,1,1,45,126,45.0,126.0,2485.2845,29.06765497,BENIGN
9900,54,1,1,2,6,2.0,6.0,148148.1481,37037.03704,PortScan
53,190,2,2,148,404,74.0,202.0,2905263.158,21052.63158,BENIGN
55481,72,1,1,6,6,6.0,6.0,166666.6667,27777.77778,BENIGN
22,115,1,1,0,0,0.0,0.0,0.0,17391.30435,SSH-Patator
53,267,2,2,142,242,71.0,121.0,1438202.247,14981.27341,BENIGN
53,32607,1,1,46,107,46.0,107.0,4692.243997,61.33652283,BENIGN
53,23228,1,1,62,139,62.0,139.0,8653.349406,86.10297916,BENIGN
53,188231,1,1,48,124,48.0,124.0,913.7708454,10.62524239,BENIGN
55840,3,2,0,37,0,18.5,0.0,12300000.0,666666.6667,BENIGN
28201,43,1,1,2,6,2.0,6.0,186046.5116,46511.62791,PortScan
53,181801,1,1,60,155,60.0,155.0,1182.611757,11.0010396,BENIGN
53,47488,2,2,98,234,49.0,117.0,6991.239892,84.23180593,BENIGN
22,110,1,1,0,0,0.0,0.0,0.0,18181.81818,SSH-Patator
443,5019541,6,3,611,166,101.8333333,55.33333333,154.7950301,1.792992626,BENIGN
22,78,1,1,0,0,0.0,0.0,0.0,25641.02564,SSH-Patator
443,184,2,0,12,0,6.0,0.0,65217.3913,10869.56522,BENIGN
58379,94698006,7,9,11607,62,1658.142857,6.888888889,123.2232915,0.168958151,BENIGN
80,98200159,9,6,62,11601,6.888888889,1933.5,118.7676285,0.152749244,DDoS
80,4778977,4,0,24,0,6.0,0.0,5.021995293,0.836999216,DDoS
5822,58,1,1,2,6,2.0,6.0,137931.0345,34482.75862,PortScan
21,3,2,0,14,0,7.0,0.0,4666666.667,666666.6667,FTP-Patator
80,264001,3,5,427,2266,142.3333333,453.2,10200.71894,30.30291552,BENIGN
21,4,2,0,14,0,7.0,0.0,3500000.0,500000.0,FTP-Patator
51613,6830177,1,5,1375,24,1375.0,4.8,204.8263171,0.878454541,BENIGN
21,40,2,0,14,0,7.0,0.0,350000.0,50000.0,FTP-Patator
443,115367342,22,21,708,8485,32.18181818,404.047619,79.68459566,0.372722464,BENIGN
4129,73,1,1,2,6,2.0,6.0,109589.0411,27397.26027,PortScan
53,197,2,2,70,166,35.0,83.0,1197969.543,20304.56853,BENIGN
22,12185357,22,32,2008,2745,91.27272727,85.78125,390.0583298,4.431548456,SSH-Patator
2033,75,1,1,2,6,2.0,6.0,106666.6667,26666.66667,PortScan
3268,91193284,22,13,2986,6344,135.7272727,488.0,102.3101657,0.383800193,BENIGN
5002,25,1,1,0,6,0.0,6.0,240000.0,80000.0,PortScan
443,2002114,2,0,74,0,37.0,0.0,36.96093229,0.998944116,BENIGN
22,11487371,21,31,2008,2745,95.61904762,88.5483871,413.7587269,4.526710246,SSH-Patator
53,218700,1,1,39,123,39.0,123.0,740.7407407,9.144947417,BENIGN
21,8832566,9,15,103,188,11.44444444,12.53333333,32.9462582,2.717217171,FTP-Patator
22,93,1,1,0,0,0.0,0.0,0.0,21505.37634,SSH-Patator
10001,42,1,1,0,6,0.0,6.0,142857.1429,47619.04762,PortScan
17877,44,1,1,2,6,2.0,6.0,181818.1818,45454.54545,PortScan
443,80278422,16,17,1939,7053,121.1875,414.8823529,112.0101738,0.411069366,BENIGN
22,49,1,1,0,0,0.0,0.0,0.0,40816.32653,SSH-Patator
21,9326490,9,15,123,188,13.66666667,12.53333333,33.34587825,2.573315363,FTP-Patator
80,10121755,5,0,30,0,6.0,0.0,2.963912879,0.49398548,DDoS
53,61194,2,2,68,380,34.0,190.0,7320.979181,65.36588554,BENIGN
80,6915872,6,0,36,0,6.0,0.0,5.205417336,0.867569556,DDoS
80,36582,3,5,26,11607,8.666666667,2321.4,317997.9225,218.6867859,DDoS
5718,43,1,1,0,6,0.0,6.0,139534.8837,46511.62791,PortScan
55974,73580093,6,9,11613,62,1935.5,6.888888889,158.6706339,0.203859487,BENIGN
59516,255,2,0,37,0,18.5,0.0,145098.0392,7843.137255,BENIGN
53270,198,2,1,0,0,0.0,0.0,0.0,15151.51515,BENIGN
22,11081553,21,33,2008,2745,95.61904762,83.18181818,428.9110019,4.872963203,SSH-Patator
80,338823,3,5,26,11607,8.666666667,2321.4,34333.56059,23.611148,DDoS
5911,44,1,1,0,6,0.0,6.0,136363.6364,45454.54545,PortScan
2005,43,1,1,0,6,0.0,6.0,139534.8837,46511.62791,PortScan
80,1704804,3,5,26,11607,8.666666667,2321.4,6823.658321,4.692621556,DDoS
41599,11812430,1,5,6,30,6.0,6.0,3.047637108,0.507939518,BENIGN
21,9237057,9,15,113,188,12.55555556,12.53333333,32.58613647,2.598230151,FTP-Patator
21,10158642,9,15,105,188,11.66666667,12.53333333,28.8424378,2.362520502,FTP-Patator
53,60998,2,2,56,248,28.0,124.0,4983.76996,65.57592052,BENIGN
1053,44,1,1,2,6,2.0,6.0,181818.1818,45454.54545,PortScan
21,258,2,1,14,0,7.0,0.0,54263.56589,11627.90698,FTP-Patator
80,510489,3,5,26,11607,8.666666667,2321.4,22787.95429,15.67124855,DDoS
80,95468597,8,4,56,11601,7.0,2900.25,122.102978,0.125695782,DDoS
1037,73,1,1,0,6,0.0,6.0,82191.78082,27397.26027,PortScan
58163,8054040,1,5,6,30,6.0,6.0,4.469806457,0.744967743,BENIGN
21,3,2,0,14,0,7.0,0.0,4666666.667,666666.6667,FTP-Patator
898,63,1,1,0,6,0.0,6.0,95238.09524,31746.03175,PortScan
443,57,2,0,12,0,6.0,0.0,210526.3158,35087.7193,BENIGN
21,9285132,9,15,101,188,11.22222222,12.53333333,31.1250287,2.58477747,FTP-Patator
80,115154,3,5,26,11601,8.666666667,2320.2,100969.137,69.47218507,DDoS
25735,43,1,1,0,6,0.0,6.0,139534.8837,46511.62791,PortScan
22,108,1,1,0,0,0.0,0.0,0.0,18518.51852,SSH-Patator
80,754849,3,5,26,11607,8.666666667,2321.4,15411.02923,10.59814612,DDoS
443,147,2,0,0,0,0.0,0.0,0.0,13605.44218,BENIGN
21,8939340,9,15,114,188,12.66666667,12.53333333,33.78325469,2.684761962,FTP-Patator
21,223,2,1,14,0,7.0,0.0,62780.26906,13452.9148,FTP-Patator
2111,48,1,1,2,6,2.0,6.0,166666.6667,41666.66667,PortScan
22,11783908,21,32,2008,2745,95.61904762,85.78125,403.3466656,4.497659011,SSH-Patator
21,8846090,9,15,107,188,11.88888889,12.53333333,33.34806677,2.713063059,FTP-Patator
53,23578,1,1,47,111,47.0,111.0,6701.1621,84.82483671,BENIGN
21,8711714,9,15,101,188,11.22222222,12.53333333,33.17372448,2.754911376,FTP-Patator
62956,8016921,1,5,1375,24,1375.0,4.8,174.5058982,0.748417004,BENIGN
21,273,2,1,14,0,7.0,0.0,51282.05128,10989.01099,FTP-Patator
443,6490399,8,6,374,3535,46.75,589.1666667,602.2742207,2.157032256,BENIGN
53,132,2,2,90,122,45.0,61.0,1606060.606,30303.0303,BENIGN
9200,52,1,1,0,6,0.0,6.0,115384.6154,38461.53846,PortScan
80,13499602,5,0,30,0,6.0,0.0,2.222287739,0.37038129,DDoS
53,1662795,2,2,90,262,45.0,131.0,211.69176,2.405588181,BENIGN
53,30320,4,4,160,496,40.0,124.0,21635.88391,263.8522427,BENIGN
443,327991,14,12,1168,4775,83.42857143,397.9166667,18119.39962,79.27046779,BENIGN
443,115226806,21,19,1213,6179,57.76190476,325.2105263,64.15173914,0.347141446,BENIGN
1148,43,1,1,0,6,0.0,6.0,139534.8837,46511.62791,PortScan
22,73,1,1,0,0,0.0,0.0,0.0,27397.26027,SSH-Patator
22,12304023,21,32,2008,2745,95.61904762,85.78125,386.296417,4.307534211,SSH-Patator
21,227,2,1,14,0,7.0,0.0,61674.00881,13215.85903,FTP-Patator
21,8634271,9,15,105,188,11.66666667,12.53333333,33.93453831,2.779620885,FTP-Patator
53,50762,2,2,72,146,36.0,73.0,4294.551042,78.79910169,BENIGN
80,300034,5,0,30,0,6.0,0.0,99.98866795,16.66477799,DDoS
22,13500555,21,32,2008,2745,95.61904762,85.78125,352.0596005,3.925764533,SSH-Patator
5087,48,1,1,2,6,2.0,6.0,166666.6667,41666.66667,PortScan
53,61847,2,2,60,344,30.0,172.0,6532.248937,64.67573205,BENIGN
22,11372774,21,32,2024,2745,96.38095238,85.78125,419.3348078,4.660252635,SSH-Patator
80,24324178,6,7,455,2064,75.83333333,294.8571429,103.5595119,0.534447659,BENIGN
80,18592,3,5,26,11601,8.666666667,2320.2,625376.506,430.292599,DDoS
443,1212371,2,0,0,0,0.0,0.0,0.0,1.649660046,BENIGN
22,81,1,1,0,0,0.0,0.0,0.0,24691.35802,SSH-Patator
31038,62,1,1,0,6,0.0,6.0,96774.19355,32258.06452,PortScan
21,268,2,1,14,0,7.0,0.0,52238.80597,11194.02985,FTP-Patator
53,62651,4,2,144,190,36.0,95.0,5331.120014,95.76862301,BENIGN
80,3762956,4,0,24,0,6.0,0.0,6.377964558,1.062994093,DDoS
1801,64,1,1,0,6,0.0,6.0,93750.0,31250.0,PortScan
21,8732043,9,15,104,188,11.55555556,12.53333333,33.44005521,2.748497688,FTP-Patator
5431,69,1,1,2,6,2.0,6.0,115942.029,28985.50725,PortScan
22,112,1,1,0,0,0.0,0.0,0.0,17857.14286,SSH-Patator
53,162,2,2,62,94,31.0,47.0,962962.963,24691.35802,BENIGN
80,274,2,0,0,0,0.0,0.0,0.0,7299.270073,BENIGN
21,1,2,0,14,0,7.0,0.0,14000000.0,2000000.0,FTP-Patator
53,156,2,2,84,116,42.0,58.0,1282051.282,25641.02564,BENIGN
53,194,2,2,64,204,32.0,102.0,1381443.299,20618.5567,BENIGN
22,62,1,1,0,0,0.0,0.0,0.0,32258.06452,SSH-Patator
22,46,1,1,0,0,0.0,0.0,0.0,43478.26087,SSH-Patator
21,9870742,9,15,103,188,11.44444444,12.53333333,29.48106637,2.431428154,FTP-Patator
21,219,2,1,14,0,7.0,0.0,63926.94064,13698.63014,FTP-Patator
80,474756,3,5,26,11601,8.666666667,2320.2,24490.47511,16.85076123,DDoS
4550,93,1,1,0,6,0.0,6.0,64516.12903,21505.37634,PortScan
1998,7,1,1,2,6,2.0,6.0,1142857.143,285714.2857,PortScan
22,11462038,22,33,2008,2745,91.27272727,83.18181818,414.6732021,4.798448583,SSH-Patator
5718,50,1,1,2,6,2.0,6.0,160000.0,40000.0,PortScan
22,11575647,21,32,2008,2745,95.61904762,85.78125,410.6033987,4.578577768,SSH-Patator
443,65310161,16,14,1192,7101,74.5,507.2142857,126.9787101,0.459346594,BENIGN
80,4008898,5,0,30,0,6.0,0.0,7.483353281,1.247225547,DDoS
443,5378305,5,1,135,46,27.0,46.0,33.65372548,1.11559311,BENIGN
21,8453883,9,15,106,188,11.77777778,12.53333333,34.77691849,2.838932121,FTP-Patator
52813,72166733,7,9,11607,62,1658.142857,6.888888889,161.6950015,0.221708803,BENIGN
9898,43,1,1,0,6,0.0,6.0,139534.8837,46511.62791,PortScan
53,9732562,2,2,105,211,52.5,105.5,32.46832643,0.410991474,BENIGN
22,28,1,1,0,0,0.0,0.0,0.0,71428.57143,SSH-Patator
59431,7864344,1,5,6,30,6.0,6.0,4.577622749,0.762937125,BENIGN
80,107322,3,6,26,11601,8.666666667,1933.5,108337.5263,83.85978644,DDoS
3071,16,1,1,2,6,2.0,6.0,500000.0,125000.0,PortScan
123,30153,1,1,48,48,48.0,48.0,3183.76281,66.32839187,BENIGN
21,8358886,9,15,107,188,11.88888889,12.53333333,35.2917841,2.871195994,FTP-Patator
22,12043954,21,32,2024,2745,96.38095238,85.78125,395.9663081,4.400548192,SSH-Patator
2638,43,1,1,2,6,2.0,6.0,186046.5116,46511.62791,PortScan
80,15256,1,1,6,6,6.0,6.0,786.5757735,131.0959622,BENIGN
80,92618319,8,5,56,11607,7.0,2321.4,125.9254122,0.140361001,DDoS
21,9138949,9,15,113,188,12.55555556,12.53333333,32.93595358,2.626122544,FTP-Patator
21,226,2,1,14,0,7.0,0.0,61946.90265,13274.33628,FTP-Patator
8099,49,1,1,2,6,2.0,6.0,163265.3061,40816.32653,PortScan
21,9444013,9,15,104,188,11.55555556,12.53333333,30.91905951,2.541292563,FTP-Patator
40193,31,1,1,0,6,0.0,6.0,193548.3871,64516.12903,PortScan
53,254,2,2,64,258,32.0,129.0,1267716.535,15748.0315,BENIGN
443,141,2,0,12,0,6.0,0.0,85106.38298,14184.39716,BENIGN
22,58,1,1,0,0,0.0,0.0,0.0,34482.75862,SSH-Patator
6901,32,1,1,2,6,2.0,6.0,250000.0,62500.0,PortScan
22,12169636,19,31,2008,2745,105.6842105,88.5483871,390.5622157,4.108586321,SSH-Patator
80,10190391,5,0,30,0,6.0,0.0,2.943949845,0.490658307,DDoS
554,20,1,1,0,6,0.0,6.0,300000.0,100000.0,PortScan
80,1417033,4,0,24,0,6.0,0.0,16.93679681,2.822799469,DDoS
22,49,1,1,0,0,0.0,0.0,0.0,40816.32653,SSH-Patator
406,71,1,1,0,6,0.0,6.0,84507.04225,28169.01408,PortScan
80,98377751,8,5,56,11601,7.0,2320.2,118.4922392,0.1321437,DDoS
22,11835327,19,31,2008,2745,105.6842105,88.5483871,401.5943117,4.22464035,SSH-Patator
443,5147775,6,7,1188,609,198.0,87.0,349.0828562,2.5253629,BENIGN
5190,52,1,1,2,6,2.0,6.0,153846.1538,38461.53846,PortScan
80,1781290,3,5,26,11607,8.666666667,2321.4,6530.660364,4.491127217,DDoS
80,62852,3,4,26,11601,8.666666667,2900.25,184990.1356,111.3727487,DDoS
80,23023,1,1,0,0,0.0,0.0,0.0,86.86965209,BENIGN
21,258,2,1,14,0,7.0,0.0,54263.56589,11627.90698,FTP-Patator
21,3,2,0,14,0,7.0,0.0,4666666.667,666666.6667,FTP-Patator
21,8042536,9,15,115,188,12.77777778,12.53333333,37.67468371,2.984133363,FTP-Patator
22,96,1,1,0,0,0.0,0.0,0.0,20833.33333,SSH-Patator
21,259,2,1,14,0,7.0,0.0,54054.05405,11583.01158,FTP-Patator
22,103,1,1,0,0,0.0,0.0,0.0,19417.47573,SSH-Patator
80,1607019,3,6,26,11601,8.666666667,1933.5,7235.135366,5.600431607,DDoS
765,74,1,1,2,6,2.0,6.0,108108.1081,27027.02703,PortScan
53,157,2,2,78,110,39.0,55.0,1197452.229,25477.70701,BENIGN
22,74,1,1,0,0,0.0,0.0,0.0,27027.02703,SSH-Patator
22,63,1,1,0,0,0.0,0.0,0.0,31746.03175,SSH-Patator
21,8185083,9,15,113,188,12.55555556,12.53333333,36.77421475,2.932163302,FTP-Patator
80,203980,3,5,26,11601,8.666666667,2320.2,57000.68634,39.21953133,DDoS
21,9176293,9,15,113,188,12.55555556,12.53333333,32.80191685,2.615435231,FTP-Patator
80,5419047,4,0,24,0,6.0,0.0,4.428823002,0.738137167,DDoS
443,5963761,8,6,374,4875,46.75,812.5,880.1492883,2.347511914,BENIGN
80,5449881,4,0,24,0,6.0,0.0,4.40376588,0.73396098,DDoS
22,99,1,1,0,0,0.0,0.0,0.0,20202.0202,SSH-Patator
443,101248982,19,17,1000,4624,52.63157895,272.0,55.54623749,0.35555913,BENIGN
5730,21,1,1,0,6,0.0,6.0,285714.2857,95238.09524,PortScan
80,24751,1,1,0,0,0.0,0.0,0.0,80.80481597,BENIGN
21,8773289,9,15,99,188,11.0,12.53333333,32.71293126,2.735576133,FTP-Patator
5903,68,1,1,2,6,2.0,6.0,117647.0588,29411.76471,PortScan
21,249,2,1,14,0,7.0,0.0,56224.8996,12048.19277,FTP-Patator
40440,55,1,1,0,0,0.0,0.0,0.0,36363.63636,BENIGN
80,575780,3,4,26,11601,8.666666667,2900.25,20193.47668,12.15742124,DDoS
2910,58,1,1,0,6,0.0,6.0,103448.2759,34482.75862,PortScan
22,11535161,20,33,1976,2745,98.8,83.18181818,409.2704038,4.594647617,SSH-Patator
21,7502752,9,15,107,188,11.88888889,12.53333333,39.31890592,3.198826244,FTP-Patator
53,192,2,2,70,230,35.0,115.0,1562500.0,20833.33333,BENIGN
22,67,1,1,0,0,0.0,0.0,0.0,29850.74627,SSH-Patator
21,9943274,9,15,118,188,13.11111111,12.53333333,30.77457184,2.413691909,FTP-Patator
22,11830792,21,32,2008,2745,95.61904762,85.78125,401.7482515,4.479835331,SSH-Patator
21,8980285,9,15,102,188,11.33333333,12.53333333,32.29296175,2.672520972,FTP-Patator
2021,12,1,1,0,6,0.0,6.0,500000.0,166666.6667,PortScan
21,9389297,9,15,99,188,11.0,12.53333333,30.56671868,2.556101911,FTP-Patator
13783,39,1,1,2,6,2.0,6.0,205128.2051,51282.05128,PortScan
53,24172,2,2,98,470,49.0,235.0,23498.26245,165.4807215,BENIGN
56737,1,1,1,2,6,2.0,6.0,8000000.0,2000000.0,PortScan
21,49,2,0,14,0,7.0,0.0,285714.2857,40816.32653,FTP-Patator
443,130,2,0,12,0,6.0,0.0,92307.69231,15384.61538,BENIGN
80,8593045,5,0,30,0,6.0,0.0,3.491195496,0.581865916,DDoS
21,8748877,9,15,99,188,11.0,12.53333333,32.80421019,2.743209214,FTP-Patator
22,76,1,1,0,0,0.0,0.0,0.0,26315.78947,SSH-Patator
22,45,1,1,0,0,0.0,0.0,0.0,44444.44444,SSH-Patator
21,9372273,9,15,115,188,12.77777778,12.53333333,32.32940398,2.560744869,FTP-Patator
80,418947,3,4,597,948,199.0,237.0,3687.817313,16.70855741,BENIGN
80,9045727,5,0,30,0,6.0,0.0,3.31648302,0.55274717,DDoS
10002,46,1,1,0,6,0.0,6.0,130434.7826,43478.26087,PortScan
21,8778623,9,15,96,188,10.66666667,12.53333333,32.35131523,2.733913963,FTP-Patator
53,60472,1,1,55,110,55.0,110.0,2728.535521,33.07315783,BENIGN
22,81,1,1,0,0,0.0,0.0,0.0,24691.35802,SSH-Patator
22,76,1,1,0,0,0.0,0.0,0.0,26315.78947,SSH-Patator
21,235,2,1,14,0,7.0,0.0,59574.46809,12765.95745,FTP-Patator
443,14,2,0,37,0,18.5,0.0,2642857.143,142857.1429,BENIGN
53,367259,2,2,66,98,33.0,49.0,446.5513439,10.89149619,BENIGN
443,4092004,5,1,135,46,27.0,46.0,44.23260583,1.466274227,BENIGN
7676,62,1,1,2,6,2.0,6.0,129032.2581,32258.06452,PortScan
80,995372,3,5,26,11607,8.666666667,2321.4,11687.08784,8.037196144,DDoS
443,29165,2,1,0,0,0.0,0.0,0.0,102.8630207,BENIGN
443,618521,8,9,736,7002,92.0,778.0,12510.48873,27.48491967,BENIGN
21,9397365,9,15,105,188,11.66666667,12.53333333,31.17895282,2.553907399,FTP-Patator
3814,67,1,1,2,6,2.0,6.0,119402.9851,29850.74627,PortScan
20,18,1,1,0,6,0.0,6.0,333333.3333,111111.1111,PortScan
22,43,1,1,0,0,0.0,0.0,0.0,46511.62791,SSH-Patator
80,653548,4,0,24,0,6.0,0.0,36.72262787,6.120437979,DDoS
22,11739094,21,32,2008,2745,95.61904762,85.78125,404.8864418,4.514828828,SSH-Patator
8180,63,1,1,2,6,2.0,6.0,126984.127,31746.03175,PortScan
443,63519265,7,2,169,92,24.14285714,46.0,4.108989611,0.141689297,BENIGN
80,1810224,3,5,26,11601,8.666666667,2320.2,6422.96202,4.419342579,DDoS
52685,142,1,1,0,0,0.0,0.0,0.0,14084.50704,BENIGN
443,3371698,5,1,135,46,27.0,46.0,53.68215066,1.779518806,BENIGN
80,416311,3,4,692,421,230.6666667,105.25,2673.482084,16.81435273,BENIGN
53,23345,1,1,46,74,46.0,74.0,5140.286999,85.67144999,BENIGN
22,12790474,22,33,2008,2745,91.27272727,83.18181818,371.6046802,4.300075197,SSH-Patator
80,1113572,3,5,26,11607,8.666666667,2321.4,10446.56295,7.18408868,DDoS
443,115832179,67,85,1045,143598,15.59701493,1689.388235,1248.728991,1.312243293,BENIGN
4126,54,1,1,2,6,2.0,6.0,148148.1481,37037.03704,PortScan
53,1062,2,2,64,152,32.0,76.0,203389.8305,3766.478343,BENIGN
14517,3304705,1,5,6,30,6.0,6.0,10.89355933,1.815593222,BENIGN
21,3,2,0,14,0,7.0,0.0,4666666.667,666666.6667,FTP-Patator
5666,25,1,1,0,6,0.0,6.0,240000.0,80000.0,PortScan
443,3,2,0,0,0,0.0,0.0,0.0,666666.6667,BENIGN
80,224182,3,6,26,11601,8.666666667,1933.5,51864.11041,40.14595284,DDoS
80,4042917,5,0,30,0,6.0,0.0,7.420384836,1.236730806,DDoS
80,120393,3,4,26,11607,8.666666667,2901.75,96625.21907,58.14291529,DDoS
1037,73,1,1,0,6,0.0,6.0,82191.78082,27397.26027,PortScan
53,32741,4,4,180,244,45.0,61.0,12950.1237,244.3419566,BENIGN
443,117086356,50,47,1047,43074,20.94,916.4680851,376.8244355,0.828448363,BENIGN
22,10510835,21,27,1832,2585,87.23809524,95.74074074,420.2330262,4.566716155,SSH-Patator
22,77,1,1,0,0,0.0,0.0,0.0,25974.02597,SSH-Patator
3283,32,1,1,2,6,2.0,6.0,250000.0,62500.0,PortScan
22,72,1,1,0,0,0.0,0.0,0.0,27777.77778,SSH-Patator
21,8685890,9,15,104,188,11.55555556,12.53333333,33.61774096,2.763101996,FTP-Patator
5963,42,1,1,0,6,0.0,6.0,142857.1429,47619.04762,PortScan
56284,92303237,7,9,11607,62,1658.142857,6.888888889,126.4202684,0.1733417,BENIGN
80,8047850,5,0,30,0,6.0,0.0,3.727703672,0.621283945,DDoS
21,10376517,9,15,104,188,11.55555556,12.53333333,28.1404637,2.312914825,FTP-Patator
22,51,1,1,0,0,0.0,0.0,0.0,39215.68627,SSH-Patator
80,22117,3,5,26,11607,8.666666667,2321.4,525975.494,361.7127097,DDoS
22,12705000,21,32,2008,2745,95.61904762,85.78125,374.1046832,4.17158599,SSH-Patator
22,11487753,21,32,2008,2745,95.61904762,85.78125,413.7449682,4.613608945,SSH-Patator
80,2321576,4,0,24,0,6.0,0.0,10.33780501,1.722967501,DDoS
21,8759096,9,15,108,188,12.0,12.53333333,33.7934417,2.740008786,FTP-Patator
1096,24,1,1,2,6,2.0,6.0,333333.3333,83333.33333,PortScan
53,181760,2,2,76,246,38.0,123.0,1771.566901,22.00704225,BENIGN
45704,3,2,0,31,0,15.5,0.0,10300000.0,666666.6667,BENIGN
80,20741,2,0,12,0,6.0,0.0,578.5641965,96.42736609,BENIGN
1434,74,1,1,0,6,0.0,6.0,81081.08108,27027.02703,PortScan
22,10908235,21,32,2008,2745,95.61904762,85.78125,435.725853,4.85871454,SSH-Patator
80,72274985,8,5,56,11601,7.0,2320.2,161.2867855,0.179868595,DDoS
443,2772459,10,9,1118,5257,111.8,584.1111111,2299.402805,6.853122084,BENIGN
80,1098898,3,6,26,11607,8.666666667,1934.5,10586.05985,8.190023096,DDoS
80,23758,1,1,0,0,0.0,0.0,0.0,84.18217022,BENIGN
21,8249897,9,15,103,188,11.44444444,12.53333333,35.27316765,2.909127229,FTP-Patator
280,33,1,1,2,6,2.0,6.0,242424.2424,60606.06061,PortScan
22,80,1,1,0,0,0.0,0.0,0.0,25000.0,SSH-Patator
21,216,2,1,14,0,7.0,0.0,64814.81481,13888.88889,FTP-Patator
138,26,13,0,3055,0,235.0,0.0,118000000.0,500000.0,BENIGN
49491,65,1,1,0,0,0.0,0.0,0.0,30769.23077,BENIGN
80,43273,3,5,26,11601,8.666666667,2320.2,268689.483,184.8727844,DDoS
22,11097485,21,32,2008,2745,95.61904762,85.78125,428.2952399,4.775856872,SSH-Patator
22,74,1,1,0,0,0.0,0.0,0.0,27027.02703,SSH-Patator
21,8719689,9,15,113,188,12.55555556,12.53333333,34.51957977,2.752391742,FTP-Patator
3030,12,1,1,2,6,2.0,6.0,666666.6667,166666.6667,PortScan
21,8988863,9,15,95,188,10.55555556,12.53333333,31.48340341,2.669970607,FTP-Patator
22,74,1,1,0,0,0.0,0.0,0.0,27027.02703,SSH-Patator
443,6222092,6,4,611,168,101.8333333,42.0,125.1990488,1.607176493,BENIGN
80,273540,3,4,26,11607,8.666666667,2901.75,42527.60108,25.59040725,DDoS
80,43108,3,6,26,11601,8.666666667,1933.5,269717.9178,208.777953,DDoS
53,285,2,2,94,230,47.0,115.0,1136842.105,14035.08772,BENIGN
22,12873205,21,32,2008,2745,95.61904762,85.78125,369.2165238,4.117078847,SSH-Patator
21,9891247,9,15,99,188,11.0,12.53333333,29.01555284,2.426387694,FTP-Patator
443,72037,10,6,584,5376,58.4,896.0,82735.26105,222.1080833,BENIGN
61093,85,1,1,6,6,6.0,6.0,141176.4706,23529.41176,BENIGN
53,71746,2,2,72,256,36.0,128.0,4571.683439,55.75223706,BENIGN
21,8844685,9,15,105,188,11.66666667,12.53333333,33.12723969,2.713494036,FTP-Patator
80,727678,3,5,26,11607,8.666666667,2321.4,15986.46654,10.99387366,DDoS
22,11501811,21,31,2008,2745,95.61904762,88.5483871,413.2392716,4.521027167,SSH-Patator
51582,82539252,6,10,11613,68,1935.5,6.8,141.5205459,0.193847165,BENIGN
53,256,2,2,92,220,46.0,110.0,1218750.0,15625.0,BENIGN
1583,55,1,1,2,6,2.0,6.0,145454.5455,36363.63636,PortScan
80,75,2,0,0,0,0.0,0.0,0.0,26666.66667,BENIGN
53,61912,4,2,152,172,38.0,86.0,5233.234268,96.9117457,BENIGN
21,8950918,9,15,100,188,11.11111111,12.53333333,32.17547072,2.681289226,FTP-Patator
21,17,2,0,14,0,7.0,0.0,823529.4118,117647.0588,FTP-Patator
21,8954568,9,15,100,188,11.11111111,12.53333333,32.16235557,2.680196298,FTP-Patator
80,78372304,8,4,56,11601,7.0,2900.25,148.7387687,0.153115315,DDoS
21,9463023,9,15,100,188,11.11111111,12.53333333,30.43424918,2.536187432,FTP-Patator
22,80,1,1,0,0,0.0,0.0,0.0,25000.0,SSH-Patator
22,43,1,1,0,0,0.0,0.0,0.0,46511.62791,SSH-Patator
53,146,2,2,64,96,32.0,48.0,1095890.411,27397.26027,BENIGN
80,7342856,4,0,24,0,6.0,0.0,3.268482999,0.544747166,DDoS
21,9598260,9,15,103,188,11.44444444,12.53333333,30.31799514,2.500453207,FTP-Patator
53,155,2,2,84,116,42.0,58.0,1290322.581,25806.45161,BENIGN
80,119875243,19,16,1425,2943,75.0,183.9375,36.43788234,0.291970211,BENIGN
21,251,2,1,14,0,7.0,0.0,55776.89243,11952.19124,FTP-Patator
21,238,2,1,14,0,7.0,0.0,58823.52941,12605.04202,FTP-Patator
53,220,2,2,86,142,43.0,71.0,1036363.636,18181.81818,BENIGN
22,11682100,19,31,2008,2745,105.6842105,88.5483871,406.86178,4.280052388,SSH-Patator
53,60554,1,1,47,79,47.0,79.0,2080.787396,33.02837137,BENIGN
2105,65,1,1,0,6,0.0,6.0,92307.69231,30769.23077,PortScan
9878,37,1,1,0,6,0.0,6.0,162162.1622,54054.05405,PortScan
80,6048854,4,0,24,0,6.0,0.0,3.967693715,0.661282286,DDoS
53,204,2,2,64,204,32.0,102.0,1313725.49,19607.84314,BENIGN
80,88604984,9,4,62,11607,6.888888889,2901.75,131.6968806,0.146718609,DDoS
21,224,2,1,14,0,7.0,0.0,62500.0,13392.85714,FTP-Patator
53,24265,2,2,70,188,35.0,94.0,10632.59839,164.8464867,BENIGN
22,12296590,20,33,2008,2745,100.4,83.18181818,386.5299241,4.310138014,SSH-Patator
22,12394116,22,33,2008,2745,91.27272727,83.18181818,383.4884231,4.437589579,SSH-Patator
21,9183392,9,15,97,188,10.77777778,12.53333333,31.0342845,2.613413432,FTP-Patator
80,1839066,3,5,26,11607,8.666666667,2321.4,6325.493484,4.350034202,DDoS
1328,17,1,1,2,6,2.0,6.0,470588.2353,117647.0588,PortScan
4449,46,1,1,0,6,0.0,6.0,130434.7826,43478.26087,PortScan
53,23824,1,1,51,113,51.0,113.0,6883.814641,83.94895903,BENIGN
21,8302875,9,15,114,188,12.66666667,12.53333333,36.37294311,2.890565015,FTP-Patator
80,2093132,5,0,30,0,6.0,0.0,14.33258868,2.388764779,DDoS
22,76,1,1,0,0,0.0,0.0,0.0,26315.78947,SSH-Patator
80,85527173,9,5,62,11607,6.888888889,2321.4,136.436171,0.163690667,DDoS
80,77458473,8,4,56,11607,7.0,2901.75,150.5710034,0.154921722,DDoS
443,465,3,1,0,0,0.0,0.0,0.0,8602.150538,BENIGN
8888,125,1,1,0,6,0.0,6.0,48000.0,16000.0,PortScan
21,241,2,1,14,0,7.0,0.0,58091.28631,12448.13278,FTP-Patator
3300,75,1,1,2,6,2.0,6.0,106666.6667,26666.66667,PortScan
443,114765413,30,39,1223,33458,40.76666667,857.8974359,302.1903472,0.601226434,BENIGN
53,240,2,2,64,258,32.0,129.0,1341666.667,16666.66667,BENIGN
22,13293340,19,31,2008,2745,105.6842105,88.5483871,357.5474636,3.761281965,SSH-Patator
53,48224,2,2,70,262,35.0,131.0,6884.538819,82.94625083,BENIGN
425,92,1,1,0,6,0.0,6.0,65217.3913,21739.13043,PortScan
22,74,1,1,0,0,0.0,0.0,0.0,27027.02703,SSH-Patator
22,53,1,1,0,0,0.0,0.0,0.0,37735.84906,SSH-Patator
22,13111954,21,32,2008,2745,95.61904762,85.78125,362.4936451,4.042113021,SSH-Patator
21,9639446,9,15,101,188,11.22222222,12.53333333,29.98097609,2.48976964,FTP-Patator
1098,56,1,1,0,6,0.0,6.0,107142.8571,35714.28571,PortScan
80,9322744,5,0,30,0,6.0,0.0,3.217936693,0.536322782,DDoS
22,11086229,21,32,2008,2745,95.61904762,85.78125,428.7300939,4.780705865,SSH-Patator
22,12082323,20,33,2008,2745,100.4,83.18181818,393.3846165,4.386573675,SSH-Patator
22,80,1,1,0,0,0.0,0.0,0.0,25000.0,SSH-Patator
80,517067,2,5,20,11601,10.0,2320.2,22474.84369,13.53789741,DDoS
3369,39,1,1,0,6,0.0,6.0,153846.1538,51282.05128,PortScan
1580,22,1,1,2,6,2.0,6.0,363636.3636,90909.09091,PortScan
22,53,1,1,0,0,0.0,0.0,0.0,37735.84906,SSH-Patator
80,8064762,4,0,24,0,6.0,0.0,2.97590927,0.495984878,DDoS
41701,7815431,1,6,6,36,6.0,6.0,5.373983853,0.895663976,BENIGN
80,1765280,3,4,26,11601,8.666666667,2900.25,6586.490528,3.965376597,DDoS
53,64371,4,2,156,134,39.0,67.0,4505.1343,93.20967516,BENIGN
443,292,3,0,58,0,19.33333333,0.0,198630.137,10273.9726,BENIGN
53,134438,2,2,152,316,76.0,158.0,3481.158601,29.75349232,BENIGN
1149,48,1,1,0,6,0.0,6.0,125000.0,41666.66667,PortScan
2040,70,1,1,0,6,0.0,6.0,85714.28571,28571.42857,PortScan
22,13193605,23,31,2008,2745,87.30434783,88.5483871,360.2502879,4.092891973,SSH-Patator
22,442,2,1,8,2,4.0,2.0,22624.43439,6787.330317,PortScan
80,1678599,3,5,26,11607,8.666666667,2321.4,6930.18404,4.765879165,DDoS
80,992783,3,4,26,11601,8.666666667,2900.25,11711.52205,7.050886246,DDoS
22,106,1,1,0,0,0.0,0.0,0.0,18867.92453,SSH-Patator
80,669249,3,5,26,11601,8.666666667,2320.2,17373.20489,11.95369735,DDoS
22,13630872,21,32,2008,2745,95.61904762,85.78125,348.6937593,3.888232536,SSH-Patator
5802,9,1,1,0,6,0.0,6.0,666666.6667,222222.2222,PortScan
22,41,1,1,0,0,0.0,0.0,0.0,48780.4878,SSH-Patator
22,107,1,1,0,0,0.0,0.0,0.0,18691.58879,SSH-Patator
80,78531497,8,5,56,11607,7.0,2321.4,148.5136594,0.165538676,DDoS
22,10423379,19,31,2008,2745,105.6842105,88.5483871,455.9941647,4.796908949,SSH-Patator
443,15828454,40,55,2417,97490,60.425,1772.545455,6311.860906,6.001849581,BENIGN
21,3,2,0,14,0,7.0,0.0,4666666.667,666666.6667,FTP-Patator
21,247,2,1,14,0,7.0,0.0,56680.16194,12145.74899,FTP-Patator
1805,32,1,1,2,6,2.0,6.0,250000.0,62500.0,PortScan
6389,8,1,1,0,6,0.0,6.0,750000.0,250000.0,PortScan
22,104,1,1,0,0,0.0,0.0,0.0,19230.76923,SSH-Patator
5414,66,1,1,2,6,2.0,6.0,121212.1212,30303.0303,PortScan
80,80996643,8,4,56,11601,7.0,2900.25,143.9195449,0.148154288,DDoS
22,103,1,1,0,0,0.0,0.0,0.0,19417.47573,SSH-Patator
7025,54,1,1,0,6,0.0,6.0,111111.1111,37037.03704,PortScan
21,8888201,9,15,112,188,12.44444444,12.53333333,33.75261203,2.700208962,FTP-Patator
22,72,1,1,0,0,0.0,0.0,0.0,27777.77778,SSH-Patator
2046,44,1,1,2,6,2.0,6.0,181818.1818,45454.54545,PortScan
2323,70,1,1,2,6,2.0,6.0,114285.7143,28571.42857,PortScan
1138,41,1,1,2,6,2.0,6.0,195121.9512,48780.4878,PortScan
21,8967827,9,15,108,188,12.0,12.53333333,33.00688115,2.676233607,FTP-Patator
80,77000066,8,5,56,11601,7.0,2320.2,151.3894806,0.168831024,DDoS
80,4937882,5,0,30,0,6.0,0.0,6.075479325,1.012579887,DDoS
53,159,2,2,102,134,51.0,67.0,1484276.73,25157.2327,BENIGN
80,3081950,4,0,24,0,6.0,0.0,7.787277535,1.297879589,DDoS
22,12823558,25,32,2008,2745,80.32,85.78125,370.6459627,4.444944219,SSH-Patator
10000,53,1,1,0,6,0.0,6.0,113207.5472,37735.84906,PortScan
22,11584764,21,32,2008,2745,95.61904762,85.78125,410.2802612,4.57497451,SSH-Patator
21,3,2,0,14,0,7.0,0.0,4666666.667,666666.6667,FTP-Patator
22,81,1,1,0,0,0.0,0.0,0.0,24691.35802,SSH-Patator
57628,491,2,0,0,0,0.0,0.0,0.0,4073.319756,BENIGN
53,59994,1,1,52,180,52.0,180.0,3867.053372,33.336667,BENIGN
80,1132759,3,7,26,11607,8.666666667,1658.142857,10269.61604,8.828003132,DDoS
59438,3,2,0,12,0,6.0,0.0,4000000.0,666666.6667,BENIGN
5959,35,1,1,0,6,0.0,6.0,171428.5714,57142.85714,PortScan
21,8924031,9,15,117,188,13.0,12.53333333,34.17738015,2.689367619,FTP-Patator
21,255,2,1,14,0,7.0,0.0,54901.96078,11764.70588,FTP-Patator
80,208958,3,5,26,11607,8.666666667,2321.4,55671.47465,38.28520564,DDoS
80,5216978,3,1,0,0,0.0,0.0,0.0,0.766727404,BENIGN
22,13112699,21,32,2024,2745,96.38095238,85.78125,363.6932412,4.041883368,SSH-Patator
22,142,1,1,6,6,6.0,6.0,84507.04225,14084.50704,BENIGN
53,48549,4,2,148,218,37.0,109.0,7538.775258,123.5864796,BENIGN
21,9317492,9,15,111,188,12.33333333,12.53333333,32.09018049,2.575800441,FTP-Patator
443,24085344,3,5,0,31,0.0,6.2,1.287089775,0.3321522,BENIGN
22,82,1,1,0,0,0.0,0.0,0.0,24390.2439,SSH-Patator
17877,45,1,1,2,6,2.0,6.0,177777.7778,44444.44444,PortScan
80,83924288,8,5,56,11607,7.0,2321.4,138.9704968,0.154901523,DDoS
80,7275769,5,0,30,0,6.0,0.0,4.123275492,0.687212582,DDoS
21,233,2,1,14,0,7.0,0.0,60085.83691,12875.53648,FTP-Patator
21,1,2,0,14,0,7.0,0.0,14000000.0,2000000.0,FTP-Patator
80,80170095,8,5,56,11601,7.0,2320.2,145.4033452,0.162155228,DDoS
21,249,2,1,14,0,7.0,0.0,56224.8996,12048.19277,FTP-Patator
21,9438603,9,15,108,188,12.0,12.53333333,31.36057317,2.542749176,FTP-Patator
80,100201165,8,4,56,11607,7.0,2901.75,116.3958523,0.119759087,DDoS
5405,45,1,1,0,6,0.0,6.0,133333.3333,44444.44444,PortScan
80,91774688,8,4,56,11607,7.0,2901.75,127.0829709,0.130755007,DDoS
80,5575316,3,1,0,0,0.0,0.0,0.0,0.717448123,BENIGN
22,44,1,1,0,0,0.0,0.0,0.0,45454.54545,SSH-Patator
88,35,1,1,2,6,2.0,6.0,228571.4286,57142.85714,PortScan
22,67,1,1,0,0,0.0,0.0,0.0,29850.74627,SSH-Patator
80,865239,2,0,12,0,6.0,0.0,13.86900036,2.31150006,BENIGN
21,9801990,9,15,103,188,11.44444444,12.53333333,29.6878491,2.4484824,FTP-Patator
83,76,1,1,0,6,0.0,6.0,78947.36842,26315.78947,PortScan
80,27778,3,5,26,11607,8.666666667,2321.4,418784.6497,287.997696,DDoS
41621,52,1,1,0,0,0.0,0.0,0.0,38461.53846,BENIGN
80,1515122,4,0,24,0,6.0,0.0,15.84030857,2.640051428,DDoS
80,7057668,4,0,24,0,6.0,0.0,3.400556671,0.566759445,DDoS
22,76,1,1,0,0,0.0,0.0,0.0,26315.78947,SSH-Patator
59023,42,1,1,6,6,6.0,6.0,285714.2857,47619.04762,BENIGN
21,8964905,9,15,112,188,12.44444444,12.53333333,33.46382365,2.677105892,FTP-Patator
443,80402444,19,24,1051,18643,55.31578947,776.7916667,244.942803,0.534809613,BENIGN
80,78339959,8,4,56,11607,7.0,2901.75,148.8767693,0.153178533,DDoS
80,117260124,24,20,1302,6191,54.25,309.55,63.90066584,0.375234125,BENIGN
80,95899200,8,6,56,11601,7.0,1933.5,121.5547158,0.145986619,DDoS
53,166,2,2,98,154,49.0,77.0,1518072.289,24096.38554,BENIGN
53,24389,2,2,64,164,32.0,82.0,9348.476772,164.0083644,BENIGN
22,95,1,1,0,0,0.0,0.0,0.0,21052.63158,SSH-Patator
443,1745208,11,8,535,3400,48.63636364,425.0,2254.745566,10.88695445,BENIGN
21,3,2,0,14,0,7.0,0.0,4666666.667,666666.6667,FTP-Patator
21,215,2,1,14,0,7.0,0.0,65116.27907,13953.48837,FTP-Patator
22,79,1,1,0,0,0.0,0.0,0.0,25316.4557,SSH-Patator
54157,214,1,1,0,0,0.0,0.0,0.0,9345.794393,BENIGN
22,11727818,21,32,2008,2745,95.61904762,85.78125,405.2757299,4.519169721,SSH-Patator
53,31100,2,2,88,164,44.0,82.0,8102.893891,128.6173633,BENIGN
80,22268373,4,0,24,0,6.0,0.0,1.077761721,0.179626953,DDoS
80,6113759,8,5,56,11607,7.0,2321.4,1907.664335,2.126351399,DDoS
57797,44,1,1,2,6,2.0,6.0,181818.1818,45454.54545,PortScan
80,855851,3,5,26,11607,8.666666667,2321.4,13592.31922,9.347421455,DDoS
22,13534057,21,32,2008,2745,95.61904762,85.78125,351.1881175,3.916046755,SSH-Patator
21,198,2,1,14,0,7.0,0.0,70707.07071,15151.51515,FTP-Patator
53,174,2,2,70,192,35.0,96.0,1505747.126,22988.50575,BENIGN
50300,44,1,1,2,6,2.0,6.0,181818.1818,45454.54545,PortScan
21,249,2,1,14,0,7.0,0.0,56224.8996,12048.19277,FTP-Patator
22,11811789,19,31,2008,2745,105.6842105,88.5483871,402.3945907,4.233059023,SSH-Patator
53,23369,1,1,93,175,93.0,175.0,11468.18435,85.58346527,BENIGN
2875,36,1,1,2,6,2.0,6.0,222222.2222,55555.55556,PortScan
22,12831737,21,32,2008,2745,95.61904762,85.78125,370.4097115,4.130383907,SSH-Patator
53,31142,2,2,88,344,44.0,172.0,13871.94143,128.4439021,BENIGN
53,240,2,2,64,258,32.0,129.0,1341666.667,16666.66667,BENIGN
21,9286233,9,15,97,188,10.77777778,12.53333333,30.69059327,2.584471012,FTP-Patator
54423,145,1,1,0,0,0.0,0.0,0.0,13793.10345,BENIGN
21,49,2,0,14,0,7.0,0.0,285714.2857,40816.32653,FTP-Patator
2205,3,2,0,0,0,0.0,0.0,0.0,666666.6667,BENIGN
911,58,1,1,0,6,0.0,6.0,103448.2759,34482.75862,PortScan
21,272,2,1,14,0,7.0,0.0,51470.58824,11029.41176,FTP-Patator
21,229,2,1,14,0,7.0,0.0,61135.37118,13100.43668,FTP-Patator
5815,20,1,1,2,6,2.0,6.0,400000.0,100000.0,PortScan
22,11611928,21,32,2008,2745,95.61904762,85.78125,409.3204849,4.564272186,SSH-Patator
21,9238779,9,15,105,188,11.66666667,12.53333333,31.71414751,2.597745871,FTP-Patator
53,187,2,2,78,358,39.0,179.0,2331550.802,21390.37433,BENIGN
53,210049,4,2,132,156,33.0,78.0,1371.108646,28.56476346,BENIGN
54045,43,1,1,0,6,0.0,6.0,139534.8837,46511.62791,PortScan
80,5069888,4,0,24,0,6.0,0.0,4.733832384,0.788972064,DDoS
22,11764244,21,32,2008,2745,95.61904762,85.78125,404.0208619,4.505176873,SSH-Patator
22,516,3,1,24,0,8.0,0.0,46511.62791,7751.937984,SSH-Patator
53,23474,1,1,45,61,45.0,61.0,4515.634319,85.20064752,BENIGN
443,339434,6,9,742,763,123.6666667,84.77777778,4433.851647,44.19121243,BENIGN
6007,49,1,1,0,6,0.0,6.0,122448.9796,40816.32653,PortScan
21,8935843,9,15,106,188,11.77777778,12.53333333,32.90120473,2.685812631,FTP-Patator
80,1236016,5,0,30,0,6.0,0.0,24.27153047,4.045255078,DDoS
21,7861213,9,15,94,188,10.44444444,12.53333333,35.87232657,3.052963964,FTP-Patator
80,6048927,5,0,30,0,6.0,0.0,4.95955729,0.826592882,DDoS
80,5828860,5,0,30,0,6.0,0.0,5.146804006,0.857800668,DDoS
1782,43,1,1,2,6,2.0,6.0,186046.5116,46511.62791,PortScan
22,77,1,1,0,0,0.0,0.0,0.0,25974.02597,SSH-Patator
80,74885905,8,5,56,11607,7.0,2321.4,155.7435942,0.173597421,DDoS
80,860487,4,0,24,0,6.0,0.0,27.89118255,4.648530425,DDoS
21,3,2,0,14,0,7.0,0.0,4666666.667,666666.6667,FTP-Patator
50389,48,1,1,2,6,2.0,6.0,166666.6667,41666.66667,PortScan
80,9847756,4,0,24,0,6.0,0.0,2.437103438,0.406183906,DDoS
21,8855039,9,15,109,188,12.11111111,12.53333333,33.54022495,2.710321208,FTP-Patator
21,386,2,1,14,0,7.0,0.0,36269.43005,7772.020725,FTP-Patator
53,142611,4,2,132,246,33.0,123.0,2650.566927,42.0724909,BENIGN
22,42,1,1,0,0,0.0,0.0,0.0,47619.04762,SSH-Patator
80,80150564,8,5,56,11607,7.0,2321.4,145.5136361,0.162194741,DDoS
80,613471,3,6,26,11607,8.666666667,1934.5,18962.59155,14.67062013,DDoS
6389,65,1,1,2,6,2.0,6.0,123076.9231,30769.23077,PortScan
443,118034808,13,14,606,5803,46.61538462,414.5,54.29754247,0.228746083,BENIGN
80,10551730,5,0,30,0,6.0,0.0,2.843135675,0.473855946,DDoS
56513,74184379,6,10,11613,68,1935.5,6.8,157.4590252,0.215678829,BENIGN
53,1069537,1,1,53,113,53.0,113.0,155.2073467,1.869968033,BENIGN
53,61028,4,2,120,264,30.0,132.0,6292.193747,98.3155273,BENIGN
22,43,1,1,0,0,0.0,0.0,0.0,46511.62791,SSH-Patator
21,9101383,9,15,102,188,11.33333333,12.53333333,31.86328935,2.636961877,FTP-Patator
21,3,2,0,14,0,7.0,0.0,4666666.667,666666.6667,FTP-Patator
80,115944528,16,14,432,1805,27.0,128.9285714,19.29370914,0.258744423,BENIGN
5001,42,1,1,2,6,2.0,6.0,190476.1905,47619.04762,PortScan
22,100,1,1,0,0,0.0,0.0,0.0,20000.0,SSH-Patator
80,801170,3,5,26,11601,8.666666667,2320.2,14512.52543,9.985396358,DDoS
21,252,2,1,14,0,7.0,0.0,55555.55556,11904.7619,FTP-Patator
80,1226998,3,5,26,11607,8.666666667,2321.4,9480.863049,6.519978028,DDoS
53,61194,2,2,62,240,31.0,120.0,4935.124359,65.36588554,BENIGN
59755,81726,4,1,49,6,12.25,6.0,672.9804469,61.18004062,BENIGN
22,107,1,1,0,0,0.0,0.0,0.0,18691.58879,SSH-Patator
21,9329686,9,15,110,188,12.22222222,12.53333333,31.94105354,2.572433842,FTP-Patator
22,45,1,1,0,0,0.0,0.0,0.0,44444.44444,SSH-Patator
21,3,2,0,14,0,7.0,0.0,4666666.667,666666.6667,FTP-Patator
21,9296939,9,15,123,188,13.66666667,12.53333333,33.45187056,2.581494834,FTP-Patator
1063,44,1,1,2,6,2.0,6.0,181818.1818,45454.54545,PortScan
21,9277312,9,15,102,188,11.33333333,12.53333333,31.25905435,2.586956222,FTP-Patator
80,560355,3,5,26,11607,8.666666667,2321.4,20760.05389,14.2766639,DDoS
80,73896588,8,5,56,11601,7.0,2320.2,157.7474727,0.175921519,DDoS
51493,75,1,1,0,6,0.0,6.0,80000.0,26666.66667,PortScan
22,83,1,1,0,0,0.0,0.0,0.0,24096.38554,SSH-Patator
8291,57,1,1,0,6,0.0,6.0,105263.1579,35087.7193,PortScan
22,13378373,21,32,2008,2745,95.61904762,85.78125,355.2748903,3.961617754,SSH-Patator
22,16,1,1,0,0,0.0,0.0,0.0,125000.0,SSH-Patator
22,14011971,23,31,2008,2745,87.30434783,88.5483871,339.2099513,3.853847542,SSH-Patator
9898,57,1,1,0,6,0.0,6.0,105263.1579,35087.7193,PortScan
2394,18,1,1,0,6,0.0,6.0,333333.3333,111111.1111,PortScan
80,860100,3,4,26,11601,8.666666667,2900.25,13518.19556,8.138588536,DDoS
55002,53,1,1,0,0,0.0,0.0,0.0,37735.84906,BENIGN
22,12752031,27,37,2136,2985,79.11111111,80.67567568,401.583089,5.018808376,SSH-Patator
53,30862,4,2,136,182,34.0,91.0,10303.93364,194.4138423,BENIGN
62478,134719,1,5,6,30,6.0,6.0,267.2228862,44.53714769,BENIGN
38639,86,1,1,0,0,0.0,0.0,0.0,23255.81395,BENIGN
64197,2153,2,1,0,0,0.0,0.0,0.0,1393.404552,BENIGN
80,3006977,5,0,30,0,6.0,0.0,9.976797295,1.662799549,DDoS
80,82084793,8,5,56,11601,7.0,2320.2,142.0116878,0.158372818,DDoS
22,84,1,1,0,0,0.0,0.0,0.0,23809.52381,SSH-Patator
57515,649167,6,2,11607,26,1934.5,13.0,17919.8881,12.32348533,BENIGN
21,8948847,9,15,104,188,11.55555556,12.53333333,32.62990193,2.681909748,FTP-Patator
34190,69,1,1,0,0,0.0,0.0,0.0,28985.50725,BENIGN
10012,62,1,1,0,6,0.0,6.0,96774.19355,32258.06452,PortScan
53,1001,1,1,51,112,51.0,112.0,162837.1628,1998.001998,BENIGN
53,187,2,2,64,162,32.0,81.0,1208556.15,21390.37433,BENIGN
21,9502593,9,15,99,188,11.0,12.53333333,30.20228268,2.525626426,FTP-Patator
1503,44,1,1,2,6,2.0,6.0,181818.1818,45454.54545,PortScan
3003,55,1,1,0,6,0.0,6.0,109090.9091,36363.63636,PortScan
80,6012386,3,1,0,0,0.0,0.0,0.0,0.66529328,BENIGN
2013,45,1,1,0,6,0.0,6.0,133333.3333,44444.44444,PortScan
21,902,2,1,14,0,7.0,0.0,15521.0643,3325.94235,FTP-Patator
53,194,2,2,64,96,32.0,48.0,824742.268,20618.5567,BENIGN
80,5364028,3,1,0,0,0.0,0.0,0.0,0.745708263,BENIGN
500,46,1,1,0,6,0.0,6.0,130434.7826,43478.26087,PortScan
5549,68,1,1,6,6,6.0,6.0,176470.5882,29411.76471,BENIGN
8085,41,1,1,0,6,0.0,6.0,146341.4634,48780.4878,PortScan
21,9291287,9,15,105,188,11.66666667,12.53333333,31.53492083,2.583065188,FTP-Patator
2144,57,1,1,0,6,0.0,6.0,105263.1579,35087.7193,PortScan
53,48374,1,1,48,116,48.0,116.0,3390.250961,41.34452392,BENIGN
80,855074,5,0,30,0,6.0,0.0,35.08468273,5.847447122,DDoS
22,13322526,21,32,2008,2745,95.61904762,85.78125,356.7641752,3.97822455,SSH-Patator
53,60999,1,1,43,101,43.0,101.0,2360.694438,32.78742274,BENIGN
5222,69,1,1,2,6,2.0,6.0,115942.029,28985.50725,PortScan
123,23683,1,1,48,48,48.0,48.0,4053.540514,84.44876071,BENIGN
443,5330641,9,5,373,5198,41.44444444,1039.6,1045.090075,2.626325802,BENIGN
22,11494807,21,32,2008,2745,95.61904762,85.78125,413.491066,4.610777719,SSH-Patator
21,4,2,0,14,0,7.0,0.0,3500000.0,500000.0,FTP-Patator
22,13475807,23,33,2672,2745,116.173913,83.18181818,401.9796365,4.155595283,SSH-Patator
21,8429336,9,15,102,188,11.33333333,12.53333333,34.40365884,2.847199352,FTP-Patator
2020,48,1,1,2,6,2.0,6.0,166666.6667,41666.66667,PortScan
80,8962769,4,0,24,0,6.0,0.0,2.677743898,0.44629065,DDoS
51753,81949348,6,9,11607,62,1934.5,6.888888889,142.3928351,0.183039894,BENIGN
22,12802053,21,32,2008,2745,95.61904762,85.78125,371.268577,4.139960989,SSH-Patator
80,10135733,5,0,30,0,6.0,0.0,2.959825402,0.493304234,DDoS
109,75,1,1,0,6,0.0,6.0,80000.0,26666.66667,PortScan
80,79198942,8,5,56,11601,7.0,2320.2,147.1863096,0.164143607,DDoS
88,16,1,1,0,6,0.0,6.0,375000.0,125000.0,PortScan
80,11481729,4,0,24,0,6.0,0.0,2.090277518,0.348379586,DDoS
2160,39,1,1,2,6,2.0,6.0,205128.2051,51282.05128,PortScan
1057,67,1,1,2,6,2.0,6.0,119402.9851,29850.74627,PortScan
53,230,2,2,78,218,39.0,109.0,1286956.522,17391.30435,BENIGN
21,9902760,9,15,104,188,11.55555556,12.53333333,29.48672895,2.423566763,FTP-Patator
22,11986707,21,32,2008,2745,95.61904762,85.78125,396.5225812,4.421564655,SSH-Patator
9790,51,3,1,43,6,14.33333333,6.0,960784.3137,78431.37255,BENIGN
80,71148319,9,6,62,11601,6.888888889,1933.5,163.925166,0.210827188,DDoS
21,3,2,0,14,0,7.0,0.0,4666666.667,666666.6667,FTP-Patator
16016,55,1,1,2,6,2.0,6.0,145454.5455,36363.63636,PortScan
21,8200186,9,15,117,188,13.0,12.53333333,37.19427828,2.926762881,FTP-Patator
54075,76,1,1,0,0,0.0,0.0,0.0,26315.78947,BENIGN
21,3,2,0,14,0,7.0,0.0,4666666.667,666666.6667,FTP-Patator
22,10539770,21,32,2008,2745,95.61904762,85.78125,450.9586073,5.02857273,SSH-Patator
53,65584,2,2,60,344,30.0,172.0,6160.039034,60.99048548,BENIGN
32780,44,1,1,2,6,2.0,6.0,181818.1818,45454.54545,PortScan
53,145,2,2,66,122,33.0,61.0,1296551.724,27586.2069,BENIGN
21,4,2,0,14,0,7.0,0.0,3500000.0,500000.0,FTP-Patator
21,214,2,1,14,0,7.0,0.0,65420.56075,14018.69159,FTP-Patator
57310,231,3,0,43,0,14.33333333,0.0,186147.1861,12987.01299,BENIGN
22,43,1,1,0,0,0.0,0.0,0.0,46511.62791,SSH-Patator
53,168,2,2,94,196,47.0,98.0,1726190.476,23809.52381,BENIGN
80,112535,3,6,26,11601,8.666666667,1933.5,103318.9674,79.97511885,DDoS
70,74,1,1,2,6,2.0,6.0,108108.1081,27027.02703,PortScan
80,883064,5,0,30,0,6.0,0.0,33.9726226,5.662103766,DDoS
53,61125,2,2,70,204,35.0,102.0,4482.617587,65.4396728,BENIGN
22,76,1,1,0,0,0.0,0.0,0.0,26315.78947,SSH-Patator
22,110,1,1,0,0,0.0,0.0,0.0,18181.81818,SSH-Patator
443,117412550,17,13,1361,7226,80.05882353,555.8461538,73.13528239,0.255509313,BENIGN
80,50792,1,1,0,0,0.0,0.0,0.0,39.37627973,BENIGN
22,75,1,1,0,0,0.0,0.0,0.0,26666.66667,SSH-Patator
21,9414280,9,15,106,188,11.77777778,12.53333333,31.22915401,2.549318695,FTP-Patator
3,71,1,1,2,6,2.0,6.0,112676.0563,28169.01408,PortScan
50341,20993,7,2,11601,26,1657.285714,13.0,553851.2838,428.7143333,BENIGN
80,7688096,4,0,24,0,6.0,0.0,3.121709198,0.520284866,DDoS
53,32146,4,2,128,532,32.0,266.0,20531.32583,186.6484166,BENIGN
22,68,1,1,0,0,0.0,0.0,0.0,29411.76471,SSH-Patator
2008,39,1,1,0,6,0.0,6.0,153846.1538,51282.05128,PortScan
21,4,2,0,14,0,7.0,0.0,3500000.0,500000.0,FTP-Patator
53,201,2,2,94,350,47.0,175.0,2208955.224,19900.49751,BENIGN
2065,44,1,1,0,6,0.0,6.0,136363.6364,45454.54545,PortScan
22,11528333,22,32,2008,2745,91.27272727,85.78125,412.2885763,4.684111745,SSH-Patator
80,1886422,3,6,26,11607,8.666666667,1934.5,6166.70077,4.770936726,DDoS
8085,48,1,1,0,6,0.0,6.0,125000.0,41666.66667,PortScan
58026,4,3,0,43,0,14.33333333,0.0,10800000.0,750000.0,BENIGN
34590,7058901,1,6,6,36,6.0,6.0,5.949934699,0.991655783,BENIGN
6692,72,1,1,2,6,2.0,6.0,111111.1111,27777.77778,PortScan
22,46,1,1,0,0,0.0,0.0,0.0,43478.26087,SSH-Patator
21,216,2,1,14,0,7.0,0.0,64814.81481,13888.88889,FTP-Patator
100,207,1,1,0,6,0.0,6.0,28985.50725,9661.835749,PortScan
80,32087,2,0,12,0,6.0,0.0,373.9832331,62.33053885,BENIGN
22,97,1,1,0,0,0.0,0.0,0.0,20618.5567,SSH-Patator
53,197,2,2,82,114,41.0,57.0,994923.8579,20304.56853,BENIGN
80,37,3,1,18,1375,6.0,1375.0,37600000.0,108108.1081,DDoS
22,12402655,20,33,2008,2745,100.4,83.18181818,383.2243983,4.273278584,SSH-Patator
22,11621815,21,32,2008,2745,95.61904762,85.78125,408.9722647,4.560389234,SSH-Patator
53,31913,2,2,94,256,47.0,128.0,10967.31739,125.3407702,BENIGN
22,11785312,21,32,2008,2745,95.61904762,85.78125,403.2986144,4.497123199,SSH-Patator
33354,44,1,1,0,6,0.0,6.0,136363.6364,45454.54545,PortScan
1073,14,1,1,0,6,0.0,6.0,428571.4286,142857.1429,PortScan
22,12327706,20,33,2008,2745,100.4,83.18181818,385.5542953,4.299258921,SSH-Patator
7274,54,1,1,6,6,6.0,6.0,222222.2222,37037.03704,BENIGN
6789,62,1,1,0,6,0.0,6.0,96774.19355,32258.06452,PortScan
21,9416351,9,15,103,188,11.44444444,12.53333333,30.90369082,2.548758006,FTP-Patator
21,282,2,1,14,0,7.0,0.0,49645.39007,10638.29787,FTP-Patator
21,8587446,9,15,109,188,12.11111111,12.53333333,34.58537032,2.794777399,FTP-Patator
22,43,1,1,0,0,0.0,0.0,0.0,46511.62791,SSH-Patator
21,17,2,0,14,0,7.0,0.0,823529.4118,117647.0588,FTP-Patator
9062,18,1,1,6,6,6.0,6.0,666666.6667,111111.1111,BENIGN
53,157,2,2,74,138,37.0,69.0,1350318.471,25477.70701,BENIGN
54328,44,1,1,0,6,0.0,6.0,136363.6364,45454.54545,PortScan
4126,49,1,1,2,6,2.0,6.0,163265.3061,40816.32653,PortScan
80,1821611,3,4,26,11601,8.666666667,2900.25,6382.811698,3.842752377,DDoS
22,12484210,22,32,2008,2745,91.27272727,85.78125,380.7209267,4.325463926,SSH-Patator
21,264,2,1,14,0,7.0,0.0,53030.30303,11363.63636,FTP-Patator
56893,49,1,2,0,0,0.0,0.0,0.0,61224.4898,BENIGN
21,10137722,9,15,106,188,11.77777778,12.53333333,29.00059796,2.367395752,FTP-Patator
80,629997,3,5,26,11607,8.666666667,2321.4,18465.16729,12.69847317,DDoS
22,10993384,20,33,2008,2745,100.4,83.18181818,432.3509485,4.82108148,SSH-Patator
3322,42,1,1,0,6,0.0,6.0,142857.1429,47619.04762,PortScan
9742,4,2,0,37,0,18.5,0.0,9250000.0,500000.0,BENIGN
22,68,1,1,0,0,0.0,0.0,0.0,29411.76471,SSH-Patator
25,129,1,1,0,6,0.0,6.0,46511.62791,15503.87597,PortScan
24800,54,1,1,2,6,2.0,6.0,148148.1481,37037.03704,PortScan
22,77,1,1,0,0,0.0,0.0,0.0,25974.02597,SSH-Patator
80,2033884,5,0,30,0,6.0,0.0,14.75010374,2.458350624,DDoS
22,13706452,19,31,2008,2745,105.6842105,88.5483871,346.7709951,3.647917054,SSH-Patator
1089,49,1,1,2,6,2.0,6.0,163265.3061,40816.32653,PortScan
21,9352836,9,15,99,188,11.0,12.53333333,30.68587966,2.566066592,FTP-Patator
21,274,2,1,14,0,7.0,0.0,51094.89051,10948.90511,FTP-Patator
22,13726330,21,32,2008,2745,95.61904762,85.78125,346.2688133,3.861192322,SSH-Patator
21,8670649,9,15,107,188,11.88888889,12.53333333,34.02282805,2.767958892,FTP-Patator
54211,5768484,1,6,1375,30,1375.0,5.0,243.5648604,1.213490408,BENIGN
22,80,1,1,0,0,0.0,0.0,0.0,25000.0,SSH-Patator
22,55,1,1,0,0,0.0,0.0,0.0,36363.63636,SSH-Patator
80,602385,3,6,26,11607,8.666666667,1934.5,19311.56984,14.94061107,DDoS
2008,43,1,1,2,6,2.0,6.0,186046.5116,46511.62791,PortScan
80,3321547,5,0,30,0,6.0,0.0,9.031936023,1.50532267,DDoS
16993,47,1,1,2,6,2.0,6.0,170212.766,42553.19149,PortScan
21,9849377,9,15,104,188,11.55555556,12.53333333,29.64654516,2.436702342,FTP-Patator
80,71344584,8,4,56,11601,7.0,2900.25,163.390118,0.168197771,DDoS
22,13228447,19,31,2008,2745,105.6842105,88.5483871,359.3014358,3.779733177,SSH-Patator
80,127781,3,5,26,11607,8.666666667,2321.4,91038.57381,62.60711686,DDoS
80,977347,3,6,26,11601,8.666666667,1933.5,11896.49122,9.208602472,DDoS
22,72,1,1,0,0,0.0,0.0,0.0,27777.77778,SSH-Patator
21,232,2,1,14,0,7.0,0.0,60344.82759,12931.03448,FTP-Patator
22,79,1,1,0,0,0.0,0.0,0.0,25316.4557,SSH-Patator
22,11976540,22,33,2008,2745,91.27272727,83.18181818,396.8591931,4.592311302,SSH-Patator
2800,40,1,1,2,6,2.0,6.0,200000.0,50000.0,PortScan
80,69640,3,6,26,11601,8.666666667,1933.5,166958.6445,129.2360712,DDoS
53,61644,2,2,84,182,42.0,91.0,4315.099604,64.88871585,BENIGN
80,9035756,5,0,30,0,6.0,0.0,3.320142775,0.553357129,DDoS
443,60851723,16,15,2619,9009,163.6875,600.6,191.0874405,0.509435041,BENIGN
22,14106312,21,32,2008,2745,95.61904762,85.78125,336.9413636,3.757183309,SSH-Patator
41958,10028118,1,5,6,30,6.0,6.0,3.589905903,0.59831765,BENIGN
22,10951160,20,33,2008,2745,100.4,83.18181818,434.0179488,4.839669953,SSH-Patator
80,114054,3,6,26,11601,8.666666667,1933.5,101942.9393,78.90999,DDoS
80,34087678,7,7,420,1767,60.0,252.4285714,64.15808082,0.410705593,BENIGN
22,72,1,1,0,0,0.0,0.0,0.0,27777.77778,SSH-Patator
55205,3852,3,0,31,0,10.33333333,0.0,8047.767394,778.8161994,BENIGN
123,36663,1,1,48,48,48.0,48.0,2618.443663,54.55090964,BENIGN
21,8531878,9,15,103,188,11.44444444,12.53333333,34.10737941,2.812979745,FTP-Patator
21,8827737,9,15,99,188,11.0,12.53333333,32.51116339,2.718703559,FTP-Patator
8838,3,2,0,12,0,6.0,0.0,4000000.0,666666.6667,BENIGN
80,637495,3,6,26,11607,8.666666667,1934.5,18247.98626,14.11775779,DDoS
22,76,1,1,0,0,0.0,0.0,0.0,26315.78947,SSH-Patator
58707,95452406,7,9,11607,62,1658.142857,6.888888889,122.2494067,0.167622805,BENIGN
53,23634,1,1,45,77,45.0,77.0,5162.054667,84.623847,BENIGN
21,8603319,9,15,117,188,13.0,12.53333333,35.4514345,2.789621075,FTP-Patator
21,4,2,0,14,0,7.0,0.0,3500000.0,500000.0,FTP-Patator
80,66893,3,4,435,2337,145.0,584.25,41439.31353,104.6447311,BENIGN
443,23317,4,1,0,0,0.0,0.0,0.0,214.4358194,BENIGN
80,82746878,8,5,56,11607,7.0,2321.4,140.9479159,0.157105625,DDoS
21,49,2,0,14,0,7.0,0.0,285714.2857,40816.32653,FTP-Patator
21,9159125,9,15,105,188,11.66666667,12.53333333,31.98995537,2.620337641,FTP-Patator
33839,10756662,1,5,6,30,6.0,6.0,3.34676315,0.557793858,BENIGN
22,46,1,1,0,0,0.0,0.0,0.0,43478.26087,SSH-Patator
22,12859695,20,33,2008,2745,100.4,83.18181818,369.6044113,4.121404124,SSH-Patator
21,8797525,9,15,98,188,10.88888889,12.53333333,32.5091432,2.728039989,FTP-Patator
10009,27,1,1,0,6,0.0,6.0,222222.2222,74074.07407,PortScan
80,6653811,5,0,30,0,6.0,0.0,4.508694341,0.751449057,DDoS
99,49,1,1,0,6,0.0,6.0,122448.9796,40816.32653,PortScan
22,13164723,19,31,2024,2745,106.5263158,88.5483871,362.256008,3.79802902,SSH-Patator
21,221,2,1,14,0,7.0,0.0,63348.41629,13574.66063,FTP-Patator
22,43,1,1,0,0,0.0,0.0,0.0,46511.62791,SSH-Patator
80,5925349,4,0,24,0,6.0,0.0,4.050394331,0.675065722,DDoS
80,8042773,5,0,30,0,6.0,0.0,3.730056785,0.621676131,DDoS
80,41809,3,6,26,11601,8.666666667,1933.5,278098.0172,215.2646559,DDoS
21,8900946,9,15,110,188,12.22222222,12.53333333,33.47958745,2.696342613,FTP-Patator
22,74,1,1,0,0,0.0,0.0,0.0,27027.02703,SSH-Patator
53,62646286,2,2,98,215,49.0,107.5,4.996305767,0.063850553,BENIGN
22,11316988,21,32,2008,2745,95.61904762,85.78125,419.9880746,4.6832249,SSH-Patator
22,54,1,1,0,0,0.0,0.0,0.0,37037.03704,SSH-Patator
53,31097,2,2,88,200,44.0,100.0,9261.343538,128.6297714,BENIGN
80,1731994,3,4,26,11607,8.666666667,2901.75,6716.53597,4.04158444,DDoS
443,5298367,29,43,898,77264,30.96551724,1796.837209,14752.09248,13.58909264,BENIGN
21,222,2,1,14,0,7.0,0.0,63063.06306,13513.51351,FTP-Patator
902,56,1,1,0,6,0.0,6.0,107142.8571,35714.28571,PortScan
10003,50,1,1,0,6,0.0,6.0,120000.0,40000.0,PortScan
80,577587,3,5,26,11607,8.666666667,2321.4,20140.68876,13.85072725,DDoS
21,272,2,1,14,0,7.0,0.0,51470.58824,11029.41176,FTP-Patator
53,173,2,2,78,254,39.0,127.0,1919075.145,23121.38728,BENIGN
80,9010737,5,0,30,0,6.0,0.0,3.329361405,0.554893568,DDoS
53,61000,2,2,72,234,36.0,117.0,5016.393443,65.57377049,BENIGN
21,288,2,1,14,0,7.0,0.0,48611.11111,10416.66667,FTP-Patator
80,102095009,8,6,56,11607,7.0,1934.5,114.2367302,0.137127173,DDoS
53,31208,4,2,180,172,45.0,86.0,11279.15919,192.2583953,BENIGN
56631,20921,6,3,6333,0,1055.5,0.0,302710.1955,430.1897615,BENIGN
22,84,1,1,0,0,0.0,0.0,0.0,23809.52381,SSH-Patator
80,123965,1,1,0,0,0.0,0.0,0.0,16.13358609,BENIGN
5988,49,1,1,0,6,0.0,6.0,122448.9796,40816.32653,PortScan
22,106,1,1,0,0,0.0,0.0,0.0,18867.92453,SSH-Patator
21,8017567,9,15,107,188,11.88888889,12.53333333,36.79420453,2.993426809,FTP-Patator
80,1764949,3,5,26,11601,8.666666667,2320.2,6587.725764,4.532708877,DDoS
53,23637,1,1,47,63,47.0,63.0,4653.720861,84.61310657,BENIGN
22,12617852,21,32,2008,2745,95.61904762,85.78125,376.6885204,4.200397976,SSH-Patator
53,88217017,2,2,121,380,60.5,190.0,5.679176388,0.045342726,BENIGN
443,5682513,8,6,378,4875,47.25,812.5,924.4149551,2.463698719,BENIGN
21,43,2,0,14,0,7.0,0.0,325581.3953,46511.62791,FTP-Patator
80,102301761,8,6,56,11601,7.0,1933.5,113.9472076,0.136850039,DDoS
53,30566,1,1,47,63,47.0,63.0,3598.769875,65.43217955,BENIGN
22,82,1,1,0,0,0.0,0.0,0.0,24390.2439,SSH-Patator
138,23,12,0,2820,0,235.0,0.0,123000000.0,521739.1304,BENIGN
53,241312,2,2,66,176,33.0,88.0,1002.851081,16.57605092,BENIGN
22,12296263,22,32,2008,2745,91.27272727,85.78125,386.5402033,4.391578157,SSH-Patator
21,9887055,9,15,109,188,12.11111111,12.53333333,30.03927863,2.427416455,FTP-Patator
22,84,1,1,0,0,0.0,0.0,0.0,23809.52381,SSH-Patator
22,101,1,1,0,0,0.0,0.0,0.0,19801.9802,SSH-Patator
53,73264148,2,2,91,351,45.5,175.5,6.032964445,0.054596963,BENIGN
80,8047856,5,0,30,0,6.0,0.0,3.727700893,0.621283482,DDoS
222,49,1,1,2,6,2.0,6.0,163265.3061,40816.32653,PortScan
443,118299641,15,11,588,4097,39.2,372.4545455,39.60282517,0.219780887,BENIGN
443,148963,10,5,721,703,72.1,140.6,9559.420796,100.696146,BENIGN
22,11937670,21,32,2008,2745,95.61904762,85.78125,398.1513981,4.43972735,SSH-Patator
52590,3,2,0,0,0,0.0,0.0,0.0,666666.6667,BENIGN
1046,49,1,1,2,6,2.0,6.0,163265.3061,40816.32653,PortScan
1029,44,1,1,0,6,0.0,6.0,136363.6364,45454.54545,PortScan
21,3,2,0,14,0,7.0,0.0,4666666.667,666666.6667,FTP-Patator
80,82269397,8,5,56,11601,7.0,2320.2,141.6930283,0.158017446,DDoS
4848,49,1,1,0,6,0.0,6.0,122448.9796,40816.32653,PortScan
80,1754604,3,5,26,11601,8.666666667,2320.2,6626.56645,4.559433354,DDoS
443,18334213,10,9,1695,4389,169.5,487.6666667,331.8386232,1.036313912,BENIGN
80,94545935,8,5,56,11601,7.0,2320.2,123.2945658,0.137499301,DDoS
60768,3,2,0,31,0,15.5,0.0,10300000.0,666666.6667,BENIGN
80,717770,3,6,26,11607,8.666666667,1934.5,16207.14156,12.53883556,DDoS
54105,64,5,2,407,12,81.4,6.0,6546875.0,109375.0,BENIGN
443,5509581,9,7,346,4504,38.44444444,643.4285714,880.2847258,2.904032085,BENIGN
80,63674,3,5,26,11607,8.666666667,2321.4,182696.2339,125.6399786,DDoS
22,12262144,19,31,2008,2745,105.6842105,88.5483871,387.6157383,4.077590346,SSH-Patator
80,107241,3,6,26,11601,8.666666667,1933.5,108419.3545,83.92312642,DDoS
80,64946,5,0,30,0,6.0,0.0,461.9222123,76.98703538,DDoS
3211,49,1,1,2,6,2.0,6.0,163265.3061,40816.32653,PortScan
21,8502322,9,15,106,188,11.77777778,12.53333333,34.57878918,2.822758301,FTP-Patator
21,310,2,1,14,0,7.0,0.0,45161.29032,9677.419355,FTP-Patator
53,77363,4,2,188,350,47.0,175.0,6954.228766,77.55645464,BENIGN
22,13614252,19,31,2008,2745,105.6842105,88.5483871,349.1194375,3.672621897,SSH-Patator
21,3,2,0,14,0,7.0,0.0,4666666.667,666666.6667,FTP-Patator
22,11608626,24,32,2024,2745,84.33333333,85.78125,410.815199,4.823998981,SSH-Patator
21,9900044,9,15,106,188,11.77777778,12.53333333,29.69683771,2.42423165,FTP-Patator
80,7710018,5,0,30,0,6.0,0.0,3.8910415,0.648506917,DDoS
21,203,2,1,14,0,7.0,0.0,68965.51724,14778.32512,FTP-Patator
80,1734612,3,5,26,11601,8.666666667,2320.2,6702.939908,4.611982391,DDoS
22,12122009,22,32,2008,2745,91.27272727,85.78125,392.0967226,4.454707136,SSH-Patator
22,12044785,21,32,2008,2745,95.61904762,85.78125,394.6106136,4.400244587,SSH-Patator
21,309,2,1,14,0,7.0,0.0,45307.44337,9708.737864,FTP-Patator
443,60775785,17,14,760,5826,44.70588235,416.1428571,108.3655275,0.510071569,BENIGN
53,250,2,2,80,264,40.0,132.0,1376000.0,16000.0,BENIGN
80,698145,3,5,26,11601,8.666666667,2320.2,16654.13345,11.45893761,DDoS
21,4,2,0,14,0,7.0,0.0,3500000.0,500000.0,FTP-Patator
21,8610831,9,15,106,188,11.77777778,12.53333333,34.14304612,2.787187439,FTP-Patator
22,83,1,1,0,0,0.0,0.0,0.0,24096.38554,SSH-Patator
21,246,2,1,14,0,7.0,0.0,56910.56911,12195.12195,FTP-Patator
53,255605,2,2,64,272,32.0,136.0,1314.528276,15.64914614,BENIGN
53,30704,2,2,58,166,29.0,83.0,7295.466389,130.2761855,BENIGN
63369,1987700,1,5,6,30,6.0,6.0,18.11138502,3.01856417,BENIGN
443,119397654,12,17,2231,7628,185.9166667,448.7058824,82.57281169,0.242885844,BENIGN
22,12218212,23,32,2008,2745,87.30434783,85.78125,389.0094557,4.501476976,SSH-Patator
80,1028173,3,6,26,11607,8.666666667,1934.5,11314.24381,8.753390723,DDoS
80,2140335,4,0,24,0,6.0,0.0,11.21319793,1.868866322,DDoS
53,320330,2,2,76,170,38.0,85.0,767.9580433,12.48712265,BENIGN
22,99,1,1,0,0,0.0,0.0,0.0,20202.0202,SSH-Patator
80,2102097,4,0,24,0,6.0,0.0,11.41717057,1.902861761,DDoS
22,13085162,21,32,2008,2745,95.61904762,85.78125,363.2358545,4.050389288,SSH-Patator
21,9789505,9,15,102,188,11.33333333,12.53333333,29.62356115,2.451605061,FTP-Patator
21,8899185,9,15,112,188,12.44444444,12.53333333,33.71095218,2.696876175,FTP-Patator
21,223,2,1,14,0,7.0,0.0,62780.26906,13452.9148,FTP-Patator
443,334716,10,7,548,3910,54.8,558.5714286,13318.75381,50.78932588,BENIGN
714,43,1,1,0,6,0.0,6.0,139534.8837,46511.62791,PortScan
1984,67,1,1,2,6,2.0,6.0,119402.9851,29850.74627,PortScan
21,249,2,1,14,0,7.0,0.0,56224.8996,12048.19277,FTP-Patator
21,8921494,9,15,107,188,11.88888889,12.53333333,33.06621066,2.690132393,FTP-Patator
44677,2,2,0,31,0,15.5,0.0,15500000.0,1000000.0,BENIGN
56492,126,1,1,0,0,0.0,0.0,0.0,15873.01587,BENIGN
25735,48,1,1,0,6,0.0,6.0,125000.0,41666.66667,PortScan
53,168,2,2,46,46,23.0,23.0,547619.0476,23809.52381,BENIGN
32781,48,1,1,2,6,2.0,6.0,166666.6667,41666.66667,PortScan
443,60941834,14,13,1340,3587,95.71428571,275.9230769,80.84758329,0.443045413,BENIGN
52567,86648480,7,9,12982,56,1854.571429,6.222222222,150.4700371,0.184654134,BENIGN
80,647456,3,5,26,11607,8.666666667,2321.4,17967.24411,12.35605199,DDoS
7200,74,1,1,2,6,2.0,6.0,108108.1081,27027.02703,PortScan
22,74,1,1,0,0,0.0,0.0,0.0,27027.02703,SSH-Patator
1783,55,1,1,2,6,2.0,6.0,145454.5455,36363.63636,PortScan
80,3917944,5,0,30,0,6.0,0.0,7.657077283,1.276179547,DDoS
22,74,1,1,0,0,0.0,0.0,0.0,27027.02703,SSH-Patator
21,8594296,9,15,109,188,12.11111111,12.53333333,34.55780439,2.792549849,FTP-Patator
80,1601166,5,0,30,0,6.0,0.0,18.73634589,3.122724315,DDoS
80,54677,4,4,438,860,109.5,215.0,23739.41511,146.3138065,BENIGN
80,1281186,3,4,26,11601,8.666666667,2900.25,9075.185024,5.463687552,DDoS
80,18,2,0,12,0,6.0,0.0,666666.6667,111111.1111,BENIGN
80,7889,2,0,12,0,6.0,0.0,1521.105337,253.5175561,BENIGN
80,1770718,3,6,26,11607,8.666666667,1934.5,6569.651407,5.082683973,DDoS
21,206,2,1,14,0,7.0,0.0,67961.16505,14563.1068,FTP-Patator
53,60304,4,2,176,200,44.0,100.0,6235.075617,99.4958875,BENIGN
22,11050390,21,31,2008,2745,95.61904762,88.5483871,430.1205659,4.705716269,SSH-Patator
21,9262010,9,15,113,188,12.55555556,12.53333333,32.49834539,2.591230197,FTP-Patator
21,212,2,1,14,0,7.0,0.0,66037.73585,14150.9434,FTP-Patator
22,13015300,22,32,2008,2745,91.27272727,85.78125,365.1855893,4.148963143,SSH-Patator
21,3,2,0,14,0,7.0,0.0,4666666.667,666666.6667,FTP-Patator
22,12332627,20,33,2008,2745,100.4,83.18181818,385.4004504,4.297543419,SSH-Patator
80,902023,3,6,26,11607,8.666666667,1934.5,12896.56694,9.977572634,DDoS
1236,42,1,1,2,6,2.0,6.0,190476.1905,47619.04762,PortScan
53,42,1,1,2,6,2.0,6.0,190476.1905,47619.04762,PortScan
22,73,1,1,0,0,0.0,0.0,0.0,27397.26027,SSH-Patator
443,77,2,0,12,0,6.0,0.0,155844.1558,25974.02597,BENIGN
80,32595,3,6,26,11601,8.666666667,1933.5,356711.152,276.1159687,DDoS
22,43,1,1,0,0,0.0,0.0,0.0,46511.62791,SSH-Patator
22,70,1,1,0,0,0.0,0.0,0.0,28571.42857,SSH-Patator
21,48,2,0,14,0,7.0,0.0,291666.6667,41666.66667,FTP-Patator
5328,90,1,1,0,0,0.0,0.0,0.0,22222.22222,BENIGN
56737,32,1,1,0,6,0.0,6.0,187500.0,62500.0,PortScan
80,1064011,5,0,30,0,6.0,0.0,28.19519723,4.699199538,DDoS
53,314,2,2,70,102,35.0,51.0,547770.7006,12738.8535,BENIGN
58801,8113413,1,5,6,30,6.0,6.0,4.437096941,0.739516157,BENIGN
21,9098514,9,15,103,188,11.44444444,12.53333333,31.98324474,2.63779338,FTP-Patator
53,206,2,2,64,204,32.0,102.0,1300970.874,19417.47573,BENIGN
2135,39,1,1,0,6,0.0,6.0,153846.1538,51282.05128,PortScan
21,9093443,9,15,107,188,11.88888889,12.53333333,32.44095773,2.639264358,FTP-Patator
21,1,2,0,14,0,7.0,0.0,14000000.0,2000000.0,FTP-Patator
22,93,1,1,0,0,0.0,0.0,0.0,21505.37634,SSH-Patator
22,32,1,1,0,0,0.0,0.0,0.0,62500.0,SSH-Patator
443,115969140,48,64,14273,6025,297.3541667,94.140625,175.0293225,0.965774171,BENIGN
22,11760925,22,32,2008,2745,91.27272727,85.78125,404.1348788,4.591475585,SSH-Patator
80,3718917,4,0,24,0,6.0,0.0,6.453491702,1.07558195,DDoS
53,192,2,2,88,120,44.0,60.0,1083333.333,20833.33333,BENIGN
9618,74,1,1,0,6,0.0,6.0,81081.08108,27027.02703,PortScan
21,165,2,1,14,0,7.0,0.0,84848.48485,18181.81818,FTP-Patator
80,4853020,4,0,24,0,6.0,0.0,4.945374221,0.824229037,DDoS
80,99104403,8,4,56,11601,7.0,2900.25,117.6234319,0.121084429,DDoS
52476,34,1,1,0,0,0.0,0.0,0.0,58823.52941,BENIGN
21,287,2,1,14,0,7.0,0.0,48780.4878,10452.96167,FTP-Patator
80,281125,3,5,26,11607,8.666666667,2321.4,41380.16896,28.45709204,DDoS
2869,74,1,1,2,6,2.0,6.0,108108.1081,27027.02703,PortScan
5100,74,1,1,2,6,2.0,6.0,108108.1081,27027.02703,PortScan
22,68,1,1,0,0,0.0,0.0,0.0,29411.76471,SSH-Patator
53,23381,1,1,75,203,75.0,203.0,11889.99615,85.53954065,BENIGN
6565,41,1,1,0,6,0.0,6.0,146341.4634,48780.4878,PortScan
19780,58,1,1,0,6,0.0,6.0,103448.2759,34482.75862,PortScan
30000,55,1,1,0,6,0.0,6.0,109090.9091,36363.63636,PortScan
53,244,2,2,68,232,34.0,116.0,1229508.197,16393.44262,BENIGN
53,24567,2,2,62,276,31.0,138.0,13758.29365,162.8200431,BENIGN
80,8866060,8,5,56,11607,7.0,2321.4,1315.465945,1.466265737,DDoS
21,8737868,9,15,103,188,11.44444444,12.53333333,33.30331838,2.746665434,FTP-Patator
22,12191383,23,32,2024,2745,88.0,85.78125,391.1779328,4.511383163,SSH-Patator
80,18456,3,6,26,11601,8.666666667,1933.5,629984.8288,487.6462939,DDoS
443,154480,22,47,871,63088,39.59090909,1342.297872,414027.7059,446.6597618,BENIGN
53,223,2,2,78,110,39.0,55.0,843049.3274,17937.21973,BENIGN
25735,22,1,1,0,6,0.0,6.0,272727.2727,90909.09091,PortScan
21,226,2,1,14,0,7.0,0.0,61946.90265,13274.33628,FTP-Patator
53,71554,1,1,54,153,54.0,153.0,2892.920032,27.95091819,BENIGN
22,11360574,21,31,2008,2745,95.61904762,88.5483871,418.3767475,4.57723351,SSH-Patator
80,1268959,3,4,26,11601,8.666666667,2900.25,9162.62858,5.516332679,DDoS
80,1900988,6,0,36,0,6.0,0.0,18.93752091,3.156253485,DDoS
1063,33,1,1,0,6,0.0,6.0,181818.1818,60606.06061,PortScan
9595,23,1,1,0,6,0.0,6.0,260869.5652,86956.52174,PortScan
587,66,1,1,0,6,0.0,6.0,90909.09091,30303.0303,PortScan
53,50624,1,1,44,204,44.0,204.0,4898.8622,39.50695322,BENIGN
80,990551,3,6,26,11601,8.666666667,1933.5,11737.91153,9.085852218,DDoS
22,69,1,1,0,0,0.0,0.0,0.0,28985.50725,SSH-Patator
80,8695273,7,5,50,11607,7.142857143,2321.4,1340.613457,1.380060178,DDoS
22,13089753,21,31,2008,2745,95.61904762,88.5483871,363.1084559,3.97257305,SSH-Patator
22,73,1,1,0,0,0.0,0.0,0.0,27397.26027,SSH-Patator
5822,17,1,1,2,6,2.0,6.0,470588.2353,117647.0588,PortScan
21,45,2,0,14,0,7.0,0.0,311111.1111,44444.44444,FTP-Patator
21,9547390,9,15,127,188,14.11111111,12.53333333,32.99331021,2.513776016,FTP-Patator
21,276,2,1,14,0,7.0,0.0,50724.63768,10869.56522,FTP-Patator
443,63353504,7,2,187,92,26.71428571,46.0,4.403860598,0.142060019,BENIGN
22,12236059,21,32,2008,2745,95.61904762,85.78125,388.4420629,4.331459991,SSH-Patator
53,30475,1,1,60,126,60.0,126.0,6103.363413,65.62756358,BENIGN
53,200,2,2,70,326,35.0,163.0,1980000.0,20000.0,BENIGN
53,164,2,2,156,252,78.0,126.0,2487804.878,24390.2439,BENIGN
21,8590915,9,15,100,188,11.11111111,12.53333333,33.52378647,2.793648872,FTP-Patator
2393,48,1,1,2,6,2.0,6.0,166666.6667,41666.66667,PortScan
53,173,2,2,74,138,37.0,69.0,1225433.526,23121.38728,BENIGN
80,98073507,9,5,62,11607,6.888888889,2321.4,118.9821834,0.14275007,DDoS
22,12676340,22,32,2008,2745,91.27272727,85.78125,374.9504983,4.259904673,SSH-Patator
80,3227718,3,3,0,0,0.0,0.0,0.0,1.858898454,BENIGN
21,8746635,9,15,110,188,12.22222222,12.53333333,34.0702453,2.743912373,FTP-Patator
17540,2549419,1,5,6,30,6.0,6.0,14.1208644,2.3534774,BENIGN
80,80345124,8,5,56,11607,7.0,2321.4,145.161267,0.161801978,DDoS
80,6092798,5,0,30,0,6.0,0.0,4.923846154,0.820641026,DDoS
80,90813903,8,5,56,11601,7.0,2320.2,128.361403,0.143149888,DDoS
443,1056833,34,68,861,123353,25.32352941,1814.014706,117534.18,96.51477575,BENIGN
21,8342606,9,15,105,188,11.66666667,12.53333333,35.12092025,2.876798928,FTP-Patator
7778,44,1,1,2,6,2.0,6.0,181818.1818,45454.54545,PortScan
54230,4,3,0,53,0,17.66666667,0.0,13300000.0,750000.0,BENIGN
21,281,2,1,14,0,7.0,0.0,49822.06406,10676.15658,FTP-Patator
443,4586661,5,1,135,46,27.0,46.0,39.46225806,1.308141151,BENIGN
53,46619,2,2,86,206,43.0,103.0,6263.540616,85.80192625,BENIGN
53,196,2,2,70,102,35.0,51.0,877551.0204,20408.16327,BENIGN
22,13195754,21,32,2008,2745,95.61904762,85.78125,360.1916192,4.016443471,SSH-Patator
22,12554272,20,33,2008,2745,100.4,83.18181818,378.596226,4.22167052,SSH-Patator
21,214,2,1,14,0,7.0,0.0,65420.56075,14018.69159,FTP-Patator
55600,43,1,1,2,6,2.0,6.0,186046.5116,46511.62791,PortScan
765,63,1,1,2,6,2.0,6.0,126984.127,31746.03175,PortScan
22,72,1,1,0,0,0.0,0.0,0.0,27777.77778,SSH-Patator
50800,21,1,1,2,6,2.0,6.0,380952.381,95238.09524,PortScan
22,47,1,1,0,0,0.0,0.0,0.0,42553.19149,SSH-Patator
22,173,1,1,6,6,6.0,6.0,69364.16185,11560.69364,BENIGN
28174,7511541,1,6,6,36,6.0,6.0,5.59139596,0.931899327,BENIGN
80,10292763,5,0,30,0,6.0,0.0,2.914669268,0.485778211,DDoS
53,561,1,1,46,107,46.0,107.0,272727.2727,3565.062389,BENIGN
52953,71252070,6,9,11607,62,1934.5,6.888888889,163.7706806,0.2105202,BENIGN
5903,25,1,1,2,6,2.0,6.0,320000.0,80000.0,PortScan
22,75,1,1,0,0,0.0,0.0,0.0,26666.66667,SSH-Patator
13456,41,1,1,0,6,0.0,6.0,146341.4634,48780.4878,PortScan
22,6,1,1,6,6,6.0,6.0,2000000.0,333333.3333,BENIGN
80,2215998,5,0,30,0,6.0,0.0,13.53791836,2.256319726,DDoS
53,168759,1,1,54,70,54.0,70.0,734.7756268,11.85121979,BENIGN
53,71853,2,2,74,202,37.0,101.0,3841.175734,55.66921353,BENIGN
53,169,2,2,80,180,40.0,90.0,1538461.538,23668.63905,BENIGN
80,24834145,4,3,0,0,0.0,0.0,0.0,0.281869982,BENIGN
80,47022083,142,219,8212,342029,57.83098592,1561.776256,7448.436514,7.677243903,BENIGN
21,9040603,9,15,107,188,11.88888889,12.53333333,32.63056679,2.654690179,FTP-Patator
80,4048812,5,0,30,0,6.0,0.0,7.409580884,1.234930147,DDoS
22,12605892,21,32,2008,2745,95.61904762,85.78125,377.0459084,4.204383157,SSH-Patator
2179,12,1,1,0,6,0.0,6.0,500000.0,166666.6667,PortScan
22,56,1,1,0,0,0.0,0.0,0.0,35714.28571,SSH-Patator
21,8197510,9,15,112,188,12.44444444,12.53333333,36.59647869,2.927718295,FTP-Patator
22,89,1,1,0,0,0.0,0.0,0.0,22471.91011,SSH-Patator
21,8732258,9,15,101,188,11.22222222,12.53333333,33.09567812,2.748430017,FTP-Patator
714,94,1,1,0,6,0.0,6.0,63829.78723,21276.59574,PortScan
80,1733994,4,0,24,0,6.0,0.0,13.84087834,2.306813057,DDoS
21,220,2,1,14,0,7.0,0.0,63636.36364,13636.36364,FTP-Patator
80,7388004,5,0,30,0,6.0,0.0,4.060636675,0.676772779,DDoS
21,7938873,9,15,108,188,12.0,12.53333333,37.28488918,3.023099123,FTP-Patator
21,8398432,9,15,102,188,11.33333333,12.53333333,34.53025517,2.85767629,FTP-Patator
53,188,2,2,88,120,44.0,60.0,1106382.979,21276.59574,BENIGN
49446,39,1,1,0,0,0.0,0.0,0.0,51282.05128,BENIGN
21,288,2,1,14,0,7.0,0.0,48611.11111,10416.66667,FTP-Patator
21,8856871,9,15,121,188,13.44444444,12.53333333,34.88816762,2.709760592,FTP-Patator
1037,48,1,1,2,6,2.0,6.0,166666.6667,41666.66667,PortScan
80,5211885,4,0,24,0,6.0,0.0,4.604859854,0.767476642,DDoS
22,124,1,1,0,0,0.0,0.0,0.0,16129.03226,SSH-Patator
80,2150988,5,0,30,0,6.0,0.0,13.9470792,2.3245132,DDoS
80,87341,3,7,26,11607,8.666666667,1658.142857,133190.5978,114.4937658,DDoS
53,23696,1,1,46,74,46.0,74.0,5064.145847,84.40243079,BENIGN
21,8783927,9,15,105,188,11.66666667,12.53333333,33.35637921,2.732263144,FTP-Patator
80,1176537,3,5,26,11601,8.666666667,2320.2,9882.392139,6.799616162,DDoS
21,8810193,9,15,114,188,12.66666667,12.53333333,34.27847721,2.724117394,FTP-Patator
1352,71,1,1,0,6,0.0,6.0,84507.04225,28169.01408,PortScan
53,213,2,2,64,204,32.0,102.0,1258215.962,18779.34272,BENIGN
443,63545087,7,2,187,92,26.71428571,46.0,4.390583335,0.14163172,BENIGN
80,11064688,4,0,24,0,6.0,0.0,2.169062517,0.361510419,DDoS
143,80,1,1,2,6,2.0,6.0,100000.0,25000.0,PortScan
80,1982978,5,0,30,0,6.0,0.0,15.12876088,2.521460147,DDoS
49297,82132501,7,9,11613,62,1659.0,6.888888889,142.1483561,0.194807169,BENIGN
45152,101,1,1,0,0,0.0,0.0,0.0,19801.9802,BENIGN
2009,58,1,1,0,6,0.0,6.0,103448.2759,34482.75862,PortScan
4321,30,1,1,2,6,2.0,6.0,266666.6667,66666.66667,PortScan
62078,13,1,1,0,6,0.0,6.0,461538.4615,153846.1538,PortScan
80,1765837,3,5,26,11607,8.666666667,2321.4,6587.810766,4.530429479,DDoS
10617,49,1,1,2,6,2.0,6.0,163265.3061,40816.32653,PortScan
22,11434694,19,31,2008,2745,105.6842105,88.5483871,415.664818,4.372657458,SSH-Patator
21,8934609,9,15,101,188,11.22222222,12.53333333,32.34612729,2.686183581,FTP-Patator
53,42668135,2,2,95,127,47.5,63.5,5.202945945,0.093746774,BENIGN
22,10001244,21,31,2008,2745,95.61904762,88.5483871,475.24088,5.1993532,SSH-Patator
21,9289605,9,15,114,188,12.66666667,12.53333333,32.50945546,2.583532884,FTP-Patator
80,127155,3,6,26,11607,8.666666667,1934.5,91486.76812,70.77975699,DDoS
21,9891826,9,15,97,188,10.77777778,12.53333333,28.81166733,2.42624567,FTP-Patator
1106,74,1,1,2,6,2.0,6.0,108108.1081,27027.02703,PortScan
22,90,1,1,0,0,0.0,0.0,0.0,22222.22222,SSH-Patator
21,10019562,9,15,103,188,11.44444444,12.53333333,29.04318572,2.395314286,FTP-Patator
53,214,2,2,70,102,35.0,51.0,803738.3178,18691.58879,BENIGN
80,1819982,4,0,24,0,6.0,0.0,13.18694361,2.197823935,DDoS
21,9060383,9,15,100,188,11.11111111,12.53333333,31.78673573,2.648894644,FTP-Patator
22,12321113,22,32,2024,2745,92.0,85.78125,387.0591886,4.382720944,SSH-Patator
20221,24,1,1,0,6,0.0,6.0,250000.0,83333.33333,PortScan
63893,8059159,1,5,6,30,6.0,6.0,4.466967335,0.744494556,BENIGN
34188,16365,3,1,38,6,12.66666667,6.0,2688.664833,244.4240758,BENIGN
443,187,1,1,0,0,0.0,0.0,0.0,10695.18717,BENIGN
21,3,2,0,14,0,7.0,0.0,4666666.667,666666.6667,FTP-Patator
80,790026,3,5,26,11607,8.666666667,2321.4,14724.83184,10.12624901,DDoS
1721,47,1,1,0,6,0.0,6.0,127659.5745,42553.19149,PortScan
443,118218823,43,52,7666,55833,178.2790698,1073.711538,537.1310455,0.803594534,BENIGN
21,251,2,1,14,0,7.0,0.0,55776.89243,11952.19124,FTP-Patator
22,10818839,21,32,2008,2745,95.61904762,85.78125,439.326253,4.898862068,SSH-Patator
21,4,2,0,14,0,7.0,0.0,3500000.0,500000.0,FTP-Patator
53762,88128223,7,10,11613,68,1659.0,6.8,132.545507,0.192900746,BENIGN
443,6357597,7,4,617,153,88.14285714,38.25,121.1149433,1.730213475,BENIGN
53,23669,1,1,95,223,95.0,223.0,13435.29511,84.49871139,BENIGN
80,2100940,4,0,24,0,6.0,0.0,11.42345807,1.903909679,DDoS
18040,19,1,1,2,6,2.0,6.0,421052.6316,105263.1579,PortScan
21,49,2,0,14,0,7.0,0.0,285714.2857,40816.32653,FTP-Patator
53,116585,1,1,51,179,51.0,179.0,1972.809538,17.15486555,BENIGN
53,48097,1,1,54,110,54.0,110.0,3409.776078,41.58263509,BENIGN
53,365,2,2,76,484,38.0,242.0,1534246.575,10958.90411,BENIGN
443,4472646,5,1,135,46,27.0,46.0,40.46821501,1.34148779,BENIGN
80,78548174,8,5,56,11607,7.0,2321.4,148.4821277,0.165503529,DDoS
443,197560,44,56,1313,105841,29.84090909,1890.017857,542387.1229,506.1753391,BENIGN
62008,226,1,1,0,0,0.0,0.0,0.0,8849.557522,BENIGN
22,13924546,21,33,2008,2745,95.61904762,83.18181818,341.3396746,3.878043851,SSH-Patator
21,262,2,1,14,0,7.0,0.0,53435.1145,11450.38168,FTP-Patator
53,61017,1,1,54,86,54.0,86.0,2294.442532,32.77775046,BENIGN
1213,45,1,1,0,6,0.0,6.0,133333.3333,44444.44444,PortScan
80,1339279,3,5,26,11607,8.666666667,2321.4,8686.016879,5.97336328,DDoS
53,48652,2,2,70,254,35.0,127.0,6659.541232,82.21655841,BENIGN
56720,4041,2,1,0,0,0.0,0.0,0.0,742.3904974,BENIGN
22,107,1,1,0,0,0.0,0.0,0.0,18691.58879,SSH-Patator
80,31285,3,5,26,11601,8.666666667,2320.2,371647.7545,255.7136008,DDoS
21,8986004,9,15,112,188,12.44444444,12.53333333,33.38525111,2.670820089,FTP-Patator
22,40,1,1,0,0,0.0,0.0,0.0,50000.0,SSH-Patator
22,88,1,1,0,0,0.0,0.0,0.0,22727.27273,SSH-Patator
21,9599499,9,15,112,188,12.44444444,12.53333333,31.25163094,2.500130476,FTP-Patator
443,110007081,16,16,1148,1810,71.75,113.125,26.88917816,0.290890366,BENIGN
21,8870622,9,15,109,188,12.11111111,12.53333333,33.48130492,2.705559993,FTP-Patator
53,305,2,2,76,212,38.0,106.0,944262.2951,13114.7541,BENIGN
15794,4309246,1,5,6,30,6.0,6.0,8.354129702,1.39235495,BENIGN
22,72,1,1,0,0,0.0,0.0,0.0,27777.77778,SSH-Patator
9415,25,1,1,2,6,2.0,6.0,320000.0,80000.0,PortScan
443,251249,10,6,914,607,91.4,101.1666667,6053.755438,63.6818455,BENIGN
53,214,2,2,64,204,32.0,102.0,1252336.449,18691.58879,BENIGN
80,26417,3,5,26,11607,8.666666667,2321.4,440360.374,302.8352955,DDoS
1104,12,1,1,2,6,2.0,6.0,666666.6667,166666.6667,PortScan
1080,18,1,1,2,6,2.0,6.0,444444.4444,111111.1111,PortScan
22,40,1,1,0,0,0.0,0.0,0.0,50000.0,SSH-Patator
7777,43,1,1,0,6,0.0,6.0,139534.8837,46511.62791,PortScan
22,50,1,1,0,0,0.0,0.0,0.0,40000.0,SSH-Patator
22,45,1,1,0,0,0.0,0.0,0.0,44444.44444,SSH-Patator
21,8906756,9,15,107,188,11.88888889,12.53333333,33.12092528,2.694583752,FTP-Patator
53,30461,1,1,52,113,52.0,113.0,5416.762418,65.65772627,BENIGN
524,93,1,1,2,6,2.0,6.0,86021.50538,21505.37634,PortScan
61874,99051082,7,8,11613,56,1659.0,7.0,117.8079004,0.151437013,BENIGN
443,1798721,33,30,805,37942,24.39393939,1264.733333,21541.41748,35.02488713,BENIGN
80,100469624,8,5,56,11607,7.0,2321.4,116.0848377,0.129392343,DDoS
443,721258,9,7,560,5267,62.22222222,752.4285714,8078.939852,22.18346278,BENIGN
21,9653518,9,15,117,188,13.0,12.53333333,31.59469947,2.486140286,FTP-Patator
443,5206198,6,4,611,168,101.8333333,42.0,149.6293456,1.920787492,BENIGN
53,3516298,2,2,121,231,60.5,115.5,100.1052812,1.137560013,BENIGN
1047,53,1,1,2,6,2.0,6.0,150943.3962,37735.84906,PortScan
53,185,2,2,82,254,41.0,127.0,1816216.216,21621.62162,BENIGN
22,67,1,1,0,0,0.0,0.0,0.0,29850.74627,SSH-Patator
22,44,1,1,0,0,0.0,0.0,0.0,45454.54545,SSH-Patator
80,51367,3,5,26,11601,8.666666667,2320.2,226351.5487,155.7420134,DDoS
22,52,1,1,0,0,0.0,0.0,0.0,38461.53846,SSH-Patator
22,60,1,1,0,0,0.0,0.0,0.0,33333.33333,SSH-Patator
21,49,2,0,14,0,7.0,0.0,285714.2857,40816.32653,FTP-Patator
21,1,2,0,14,0,7.0,0.0,14000000.0,2000000.0,FTP-Patator
22,57,1,1,0,0,0.0,0.0,0.0,35087.7193,SSH-Patator
61631,8054570,1,5,6,30,6.0,6.0,4.469512339,0.744918723,BENIGN
80,81718651,8,5,56,11601,7.0,2320.2,142.647974,0.159082411,DDoS
21,9426793,9,15,112,188,12.44444444,12.53333333,31.82418453,2.545934763,FTP-Patator
57956,4,2,0,31,0,15.5,0.0,7750000.0,500000.0,BENIGN
5679,30,1,1,2,6,2.0,6.0,266666.6667,66666.66667,PortScan
80,3106364,3,3,6,6,2.0,2.0,3.8630373,1.93151865,BENIGN
8045,48,1,1,0,6,0.0,6.0,125000.0,41666.66667,PortScan
80,5288678,4,2,0,0,0.0,0.0,0.0,1.134499018,BENIGN
80,11950692,5,0,30,0,6.0,0.0,2.510314884,0.418385814,DDoS
2383,43,1,1,0,6,0.0,6.0,139534.8837,46511.62791,PortScan
21,42,2,0,14,0,7.0,0.0,333333.3333,47619.04762,FTP-Patator
4006,40,1,1,0,6,0.0,6.0,150000.0,50000.0,PortScan
80,1864206,3,6,26,11607,8.666666667,1934.5,6240.190194,4.827792637,DDoS
53,50969,4,2,176,144,44.0,72.0,6278.326041,117.7186133,BENIGN
10629,49,1,1,2,6,2.0,6.0,163265.3061,40816.32653,PortScan
22,13098094,23,31,2008,2745,87.30434783,88.5483871,362.8772247,4.122737247,SSH-Patator
3006,50,1,1,0,6,0.0,6.0,120000.0,40000.0,PortScan
21,9353521,9,15,115,188,12.77777778,12.53333333,32.39421818,2.565878668,FTP-Patator
22,13092234,23,31,2008,2745,87.30434783,88.5483871,363.0396463,4.124582558,SSH-Patator
20221,43,1,1,2,6,2.0,6.0,186046.5116,46511.62791,PortScan
8651,66,1,1,2,6,2.0,6.0,121212.1212,30303.0303,PortScan
21,246,2,1,14,0,7.0,0.0,56910.56911,12195.12195,FTP-Patator
53,152,2,2,46,46,23.0,23.0,605263.1579,26315.78947,BENIGN
41572,4,2,0,31,0,15.5,0.0,7750000.0,500000.0,BENIGN
21,9575585,9,15,117,188,13.0,12.53333333,31.85183986,2.506374284,FTP-Patator
80,1368749,3,4,26,11601,8.666666667,2900.25,8494.618078,5.114158988,DDoS
137,22,13,0,650,0,50.0,0.0,29500000.0,590909.0909,BENIGN
21,208,2,1,14,0,7.0,0.0,67307.69231,14423.07692,FTP-Patator
22,11795891,21,32,2008,2745,95.61904762,85.78125,402.936921,4.493090009,SSH-Patator
5825,93,1,1,0,6,0.0,6.0,64516.12903,21505.37634,PortScan
53,333,2,2,68,190,34.0,95.0,774774.7748,12012.01201,BENIGN
30951,44,1,1,0,6,0.0,6.0,136363.6364,45454.54545,PortScan
21,10224117,9,15,95,188,10.55555556,12.53333333,27.67965194,2.347390978,FTP-Patator
53,180582,2,2,74,276,37.0,138.0,1938.17767,22.15060194,BENIGN
53,265,2,2,64,258,32.0,129.0,1215094.34,15094.33962,BENIGN
80,131,2,0,0,0,0.0,0.0,0.0,15267.17557,BENIGN
80,11927732,5,0,30,0,6.0,0.0,2.515147054,0.419191176,DDoS
53,52520,2,2,180,308,90.0,154.0,9291.698401,76.1614623,BENIGN
8042,70,1,1,0,6,0.0,6.0,85714.28571,28571.42857,PortScan
22,12801491,19,31,2008,2745,105.6842105,88.5483871,371.2848761,3.905795036,SSH-Patator
59803,78495400,6,9,12982,56,2163.666667,6.222222222,166.0989052,0.191094,BENIGN
80,8772780,5,0,30,0,6.0,0.0,3.419668566,0.569944761,DDoS
5810,43,1,1,2,6,2.0,6.0,186046.5116,46511.62791,PortScan
21,8358351,9,15,102,188,11.33333333,12.53333333,34.69583893,2.871379773,FTP-Patator
443,6005972,8,5,377,3123,47.125,624.6,582.7532995,2.164512255,BENIGN
53,24027,1,1,46,124,46.0,124.0,7075.373538,83.23968868,BENIGN
21,309,2,1,14,0,7.0,0.0,45307.44337,9708.737864,FTP-Patator
21,317,2,1,14,0,7.0,0.0,44164.03785,9463.722397,FTP-Patator
54867,90055005,5,9,11613,62,2322.6,6.888888889,129.6429887,0.155460543,BENIGN
80,3498967,4,0,24,0,6.0,0.0,6.859167291,1.143194549,DDoS
80,256612,3,5,26,11601,8.666666667,2320.2,45309.65037,31.17547114,DDoS
1174,84,1,1,2,6,2.0,6.0,95238.09524,23809.52381,PortScan
80,49879,1,1,0,0,0.0,0.0,0.0,40.09703482,BENIGN
80,71100,3,5,26,11607,8.666666667,2321.4,163614.6273,112.5175809,DDoS
1095,49,1,1,2,6,2.0,6.0,163265.3061,40816.32653,PortScan
36518,77,1,1,6,6,6.0,6.0,155844.1558,25974.02597,BENIGN
443,51047,4,0,37,0,9.25,0.0,724.8222227,78.35915921,BENIGN
21,3,2,0,14,0,7.0,0.0,4666666.667,666666.6667,FTP-Patator
555,28,1,1,0,6,0.0,6.0,214285.7143,71428.57143,PortScan
21,279,2,1,14,0,7.0,0.0,50179.21147,10752.68817,FTP-Patator
443,5060741,9,7,377,6007,41.88888889,858.1428571,1261.475345,3.161592344,BENIGN
443,10152053,10,10,836,4890,83.6,489.0,564.0238482,1.970044877,BENIGN
123,67015256,2,2,96,96,48.0,48.0,2.865019273,0.059687902,BENIGN
21,245,2,1,14,0,7.0,0.0,57142.85714,12244.89796,FTP-Patator
21,7989983,9,15,99,188,11.0,12.53333333,35.9199763,3.003761084,FTP-Patator
21,246,2,1,14,0,7.0,0.0,56910.56911,12195.12195,FTP-Patator
22,102,1,1,0,0,0.0,0.0,0.0,19607.84314,SSH-Patator
51963,7513887,1,5,6,30,6.0,6.0,4.791128746,0.798521458,BENIGN
80,748411,3,4,26,11607,8.666666667,2901.75,15543.59837,9.353149539,DDoS
53,30623,1,1,46,127,46.0,127.0,5649.348529,65.31038762,BENIGN
21,262,2,1,14,0,7.0,0.0,53435.1145,11450.38168,FTP-Patator
80,1448462,3,7,26,11601,8.666666667,1657.285714,8027.134989,6.903874592,DDoS
21,259,2,1,14,0,7.0,0.0,54054.05405,11583.01158,FTP-Patator
1002,44,1,1,0,6,0.0,6.0,136363.6364,45454.54545,PortScan
80,9219760,4,0,24,0,6.0,0.0,2.603104636,0.433850773,DDoS
21,235,2,1,14,0,7.0,0.0,59574.46809,12765.95745,FTP-Patator
22,12798179,21,32,2008,2745,95.61904762,85.78125,371.3809597,4.141214152,SSH-Patator
53,39358,1,1,44,102,44.0,102.0,3709.538086,50.81559022,BENIGN
99,42,1,1,0,6,0.0,6.0,142857.1429,47619.04762,PortScan
1311,57,1,1,2,6,2.0,6.0,140350.8772,35087.7193,PortScan
22,58,1,1,0,0,0.0,0.0,0.0,34482.75862,SSH-Patator
53,146,2,2,62,94,31.0,47.0,1068493.151,27397.26027,BENIGN
389,175,2,2,330,330,165.0,165.0,3771428.571,22857.14286,BENIGN
88,455,2,2,356,358,178.0,179.0,1569230.769,8791.208791,BENIGN
53429,70944486,6,10,11613,68,1935.5,6.8,164.6498644,0.225528451,BENIGN
21,8202886,9,15,102,188,11.33333333,12.53333333,35.35341098,2.92579953,FTP-Patator
48027,55,1,1,0,0,0.0,0.0,0.0,36363.63636,BENIGN
21,7451831,9,15,114,188,12.66666667,12.53333333,40.52695237,3.220684956,FTP-Patator
53,47835,4,2,300,314,75.0,157.0,12835.78969,125.4311696,BENIGN
21,9048962,9,15,113,188,12.55555556,12.53333333,33.2634837,2.652237903,FTP-Patator
22,12005679,21,32,2008,2745,95.61904762,85.78125,395.8959756,4.414577468,SSH-Patator
80,2126396,5,3,423,6,84.6,2.0,201.7498152,3.762234316,BENIGN
21,236,2,1,14,0,7.0,0.0,59322.0339,12711.86441,FTP-Patator
22,11783386,19,31,2008,2745,105.6842105,88.5483871,403.3645338,4.243262505,SSH-Patator
7938,43,1,1,0,6,0.0,6.0,139534.8837,46511.62791,PortScan
53,85846,1,1,54,179,54.0,179.0,2714.16257,23.29753279,BENIGN
9535,44,1,1,2,6,2.0,6.0,181818.1818,45454.54545,PortScan
1723,47,1,1,2,6,2.0,6.0,170212.766,42553.19149,PortScan
1058,46,1,1,2,6,2.0,6.0,173913.0435,43478.26087,PortScan
8008,43,1,1,0,6,0.0,6.0,139534.8837,46511.62791,PortScan
1063,44,1,1,0,6,0.0,6.0,136363.6364,45454.54545,PortScan
8083,61,1,1,2,6,2.0,6.0,131147.541,32786.88525,PortScan
21,2,2,0,14,0,7.0,0.0,7000000.0,1000000.0,FTP-Patator
80,8086787,5,0,30,0,6.0,0.0,3.709755185,0.618292531,DDoS
60530,3814905,1,5,6,30,6.0,6.0,9.436670114,1.572778352,BENIGN
22,902,3,2,24,0,8.0,0.0,26607.5388,5543.237251,SSH-Patator
21,281,2,1,14,0,7.0,0.0,49822.06406,10676.15658,FTP-Patator
21,3,2,0,14,0,7.0,0.0,4666666.667,666666.6667,FTP-Patator
22,12466550,19,31,2008,2745,105.6842105,88.5483871,381.2602524,4.010732721,SSH-Patator
21,8712829,9,15,100,188,11.11111111,12.53333333,33.05470588,2.754558824,FTP-Patator
22,11310987,21,32,2008,2745,95.61904762,85.78125,420.2108976,4.685709567,SSH-Patator
21,3,2,0,14,0,7.0,0.0,4666666.667,666666.6667,FTP-Patator
443,4806013,5,2,129,92,25.8,46.0,45.98406205,1.456508753,BENIGN
21,9614799,9,15,112,188,12.44444444,12.53333333,31.20190032,2.496152026,FTP-Patator
21,8367147,9,15,111,188,12.33333333,12.53333333,35.73500023,2.868361223,FTP-Patator
1029,57,1,1,2,6,2.0,6.0,140350.8772,35087.7193,PortScan
80,8554003,4,0,24,0,6.0,0.0,2.805703949,0.467617325,DDoS
21,231,2,1,14,0,7.0,0.0,60606.06061,12987.01299,FTP-Patator
22,14459748,22,32,2008,2745,91.27272727,85.78125,328.7055902,3.734504917,SSH-Patator
22,80,1,1,0,0,0.0,0.0,0.0,25000.0,SSH-Patator
21,9427832,9,15,102,188,11.33333333,12.53333333,30.75998809,2.545654186,FTP-Patator
21,3,2,0,14,0,7.0,0.0,4666666.667,666666.6667,FTP-Patator
49155,51,1,1,2,6,2.0,6.0,156862.7451,39215.68627,PortScan
443,9000116,3,0,0,0,0.0,0.0,0.0,0.333329037,BENIGN
2161,31,1,1,2,6,2.0,6.0,258064.5161,64516.12903,PortScan
80,116341952,16,15,388,3348,24.25,223.2,32.11223411,0.266455904,BENIGN
21,218,2,1,14,0,7.0,0.0,64220.18349,13761.46789,FTP-Patator
3986,23,1,1,2,6,2.0,6.0,347826.087,86956.52174,PortScan
443,5531898,8,6,612,2754,76.5,459.0,608.4710889,2.530776959,BENIGN
50003,35,1,1,2,6,2.0,6.0,228571.4286,57142.85714,PortScan
22,12083833,20,33,2008,2745,100.4,83.18181818,393.335459,4.386025527,SSH-Patator
5405,47,1,1,0,6,0.0,6.0,127659.5745,42553.19149,PortScan
53,114520,2,2,64,254,32.0,127.0,2776.807545,34.92839679,BENIGN
80,437046,3,6,26,11607,8.666666667,1934.5,26617.33547,20.59279801,DDoS
21,8373648,9,15,105,188,11.66666667,12.53333333,34.99072328,2.86613433,FTP-Patator
55180,6674857,6,9,11607,62,1934.5,6.888888889,1748.202246,2.247239154,BENIGN
1035,64,1,1,0,6,0.0,6.0,93750.0,31250.0,PortScan
15660,11,1,1,2,6,2.0,6.0,727272.7273,181818.1818,PortScan
903,77,1,1,2,6,2.0,6.0,103896.1039,25974.02597,PortScan
80,1891502,3,5,26,11607,8.666666667,2321.4,6150.138884,4.229443056,DDoS
80,3933946,4,0,24,0,6.0,0.0,6.100744647,1.016790774,DDoS
80,80940539,8,5,56,11607,7.0,2321.4,144.0934314,0.16061173,DDoS
80,1044171,3,6,26,11601,8.666666667,1933.5,11135.14932,8.619277877,DDoS
80,25309,3,5,26,11601,8.666666667,2320.2,459401.7938,316.0930894,DDoS
80,71690408,9,6,62,11607,6.888888889,1934.5,162.7693345,0.209233012,DDoS
80,5842884,5,0,30,0,6.0,0.0,5.134450727,0.855741788,DDoS
443,6336740,38,43,901,75288,23.71052632,1750.883721,12023.3748,12.78259799,BENIGN
22,44,1,1,0,0,0.0,0.0,0.0,45454.54545,SSH-Patator
22,73,1,1,0,0,0.0,0.0,0.0,27397.26027,SSH-Patator
53,281410,2,2,82,146,41.0,73.0,810.2057496,14.21413596,BENIGN
443,21054248,16,14,1287,14865,80.4375,1061.785714,767.1610974,1.424890597,BENIGN
60824,736,1,1,0,0,0.0,0.0,0.0,2717.391304,BENIGN
53,91580,4,2,124,304,31.0,152.0,4673.5095,65.51648832,BENIGN
21,241,2,1,14,0,7.0,0.0,58091.28631,12448.13278,FTP-Patator
22,72,1,1,0,0,0.0,0.0,0.0,27777.77778,SSH-Patator
80,447038,3,5,26,11601,8.666666667,2320.2,26008.97463,17.8955704,DDoS
50057,9475083,7,9,12976,56,1853.714286,6.222222222,1375.396923,1.688639561,BENIGN
1300,22,1,1,2,6,2.0,6.0,363636.3636,90909.09091,PortScan
21,224,2,1,14,0,7.0,0.0,62500.0,13392.85714,FTP-Patator
80,6443873,6,0,36,0,6.0,0.0,5.586702283,0.931117047,DDoS
22,100,1,1,0,0,0.0,0.0,0.0,20000.0,SSH-Patator
22,11576741,23,32,2008,2745,87.30434783,85.78125,410.5645967,4.750905285,SSH-Patator
8099,86,1,1,2,6,2.0,6.0,93023.25581,23255.81395,PortScan
22,14005429,25,35,2200,2745,88.0,78.42857143,353.0773674,4.284052991,SSH-Patator
53,167279,1,1,41,204,41.0,204.0,1464.61899,11.95607339,BENIGN
80,71730466,8,6,56,11607,7.0,1934.5,162.5947892,0.195175088,DDoS
22,78,1,1,0,0,0.0,0.0,0.0,25641.02564,SSH-Patator
443,433723,13,8,935,3585,71.92307692,448.125,10421.39799,48.41799951,BENIGN
21,8844085,9,15,108,188,12.0,12.53333333,33.46869687,2.713678125,FTP-Patator
21,9057763,9,15,116,188,12.88888889,12.53333333,33.56237075,2.649660849,FTP-Patator
21,8646847,9,15,99,188,11.0,12.53333333,33.19128926,2.775578196,FTP-Patator
80,97000477,8,4,56,11607,7.0,2901.75,120.2365221,0.123710732,DDoS
53,592,1,1,57,116,57.0,116.0,292229.7297,3378.378378,BENIGN
80,47230,3,6,26,11601,8.666666667,1933.5,246178.2765,190.5568495,DDoS
80,3794267,4,0,24,0,6.0,0.0,6.325332403,1.054222067,DDoS
83,55,1,1,0,6,0.0,6.0,109090.9091,36363.63636,PortScan
21,204,2,1,14,0,7.0,0.0,68627.45098,14705.88235,FTP-Patator
22,13963043,21,32,2008,2745,95.61904762,85.78125,340.3985793,3.795734211,SSH-Patator
8500,22,1,1,2,6,2.0,6.0,363636.3636,90909.09091,PortScan
22,12638927,21,31,2008,2745,95.61904762,88.5483871,376.0604045,4.114273308,SSH-Patator
512,39,1,1,0,6,0.0,6.0,153846.1538,51282.05128,PortScan
22,10535054,21,32,2008,2745,95.61904762,85.78125,451.1604782,5.030823762,SSH-Patator
22,101,1,1,0,0,0.0,0.0,0.0,19801.9802,SSH-Patator
22,12201919,21,32,2008,2745,95.61904762,85.78125,389.528893,4.343579071,SSH-Patator
1111,19,1,1,0,6,0.0,6.0,315789.4737,105263.1579,PortScan
22,79,1,1,0,0,0.0,0.0,0.0,25316.4557,SSH-Patator
80,8781144,4,0,24,0,6.0,0.0,2.733129077,0.455521513,DDoS
22,11882117,23,32,2008,2745,87.30434783,85.78125,400.0128933,4.628804783,SSH-Patator
21,8625336,9,15,103,188,11.44444444,12.53333333,33.73781613,2.782500299,FTP-Patator
21,9547550,9,15,111,188,12.33333333,12.53333333,31.31693471,2.51373389,FTP-Patator
443,1963138,3,3,113,0,37.66666667,0.0,57.56090504,3.056331241,BENIGN
21,85,2,0,14,0,7.0,0.0,164705.8824,23529.41176,FTP-Patator
22,12116949,21,32,2008,2745,95.61904762,85.78125,392.2604609,4.374038382,SSH-Patator
22,79,1,1,0,0,0.0,0.0,0.0,25316.4557,SSH-Patator
80,426757,3,4,650,421,216.6666667,105.25,2509.624915,16.40277722,BENIGN
22,13239137,21,32,2008,2745,95.61904762,85.78125,359.0113162,4.003282087,SSH-Patator
80,6056874,4,2,0,0,0.0,0.0,0.0,0.990610008,BENIGN
80,82489541,8,6,56,11601,7.0,1933.5,141.314885,0.169718486,DDoS
80,1828584,3,5,26,11607,8.666666667,2321.4,6361.753138,4.374969922,DDoS
19780,61,1,1,2,6,2.0,6.0,131147.541,32786.88525,PortScan
2382,49,1,1,0,6,0.0,6.0,122448.9796,40816.32653,PortScan
22,41,1,1,0,0,0.0,0.0,0.0,48780.4878,SSH-Patator
22,131,1,1,0,0,0.0,0.0,0.0,15267.17557,SSH-Patator
80,631324,2,5,20,11607,10.0,2321.4,18416.85094,11.08780911,DDoS
58363,3,1,1,0,0,0.0,0.0,0.0,666666.6667,BENIGN
80,21470,3,6,26,11601,8.666666667,1933.5,541546.3437,419.1895668,DDoS
53,30836,1,1,56,56,56.0,56.0,3632.118303,64.85925542,BENIGN
53,40410725,2,2,96,429,48.0,214.5,12.99160062,0.098983624,BENIGN
22,58,1,1,0,0,0.0,0.0,0.0,34482.75862,SSH-Patator
27715,49,1,1,2,6,2.0,6.0,163265.3061,40816.32653,PortScan
59539,750599,6,2,11607,26,1934.5,13.0,15498.2887,10.65815435,BENIGN
80,175076,3,4,26,11601,8.666666667,2900.25,66411.15858,39.98263611,DDoS
21,8766753,9,15,100,188,11.11111111,12.53333333,32.85138751,2.737615626,FTP-Patator
18101,49,1,1,0,6,0.0,6.0,122448.9796,40816.32653,PortScan
443,31224594,34,38,881,41820,25.91176471,1100.526316,1367.543802,2.305874658,BENIGN
80,1421314,3,6,26,11607,8.666666667,1934.5,8184.67981,6.332168683,DDoS
21,10110915,9,15,98,188,10.88888889,12.53333333,28.28626291,2.373672412,FTP-Patator
34573,47,1,1,2,6,2.0,6.0,170212.766,42553.19149,PortScan
53,333,2,2,86,362,43.0,181.0,1345345.345,12012.01201,BENIGN
59832,97625052,7,9,12976,56,1853.714286,6.222222222,133.4903258,0.163892358,BENIGN
21,9139211,9,15,104,188,11.55555556,12.53333333,31.95024166,2.626047259,FTP-Patator
80,5727932,5,0,30,0,6.0,0.0,5.237492345,0.872915391,DDoS
3826,40,1,1,2,6,2.0,6.0,200000.0,50000.0,PortScan
33,67,1,1,2,6,2.0,6.0,119402.9851,29850.74627,PortScan
80,79119543,8,6,56,11607,7.0,1934.5,147.4098504,0.176947433,DDoS
21,9874365,9,15,90,188,10.0,12.53333333,28.15370912,2.43053604,FTP-Patator
53,177,2,2,132,196,66.0,98.0,1853107.345,22598.87006,BENIGN
16113,49,1,1,2,6,2.0,6.0,163265.3061,40816.32653,PortScan
21,8500562,9,15,103,188,11.44444444,12.53333333,34.23303071,2.823342739,FTP-Patator
56759,4900,3,1,50,6,16.66666667,6.0,11428.57143,816.3265306,BENIGN
21,9326542,9,15,115,188,12.77777778,12.53333333,32.48792532,2.573301016,FTP-Patator
21,216,2,1,14,0,7.0,0.0,64814.81481,13888.88889,FTP-Patator
53,61057,4,2,148,262,37.0,131.0,6715.036769,98.26883076,BENIGN
22,12505815,21,32,2008,2745,95.61904762,85.78125,380.0631946,4.238028469,SSH-Patator
80,10100728,5,0,30,0,6.0,0.0,2.970082948,0.495013825,DDoS
1037,44,1,1,2,6,2.0,6.0,181818.1818,45454.54545,PortScan
21,4048471,6,6,34,76,5.666666667,12.66666667,27.17075162,2.964081995,FTP-Patator
1027,44,1,1,0,6,0.0,6.0,136363.6364,45454.54545,PortScan
80,50282,2,0,12,0,6.0,0.0,238.6539915,39.77566525,BENIGN
80,82669611,8,5,56,11601,7.0,2320.2,141.0070745,0.157252464,DDoS
119,42,1,1,2,6,2.0,6.0,190476.1905,47619.04762,PortScan
21,4,2,0,14,0,7.0,0.0,3500000.0,500000.0,FTP-Patator
22,11605552,21,32,2008,2745,95.61904762,85.78125,409.5453624,4.566779762,SSH-Patator
58080,64,1,1,2,6,2.0,6.0,125000.0,31250.0,PortScan
7937,49,1,1,2,6,2.0,6.0,163265.3061,40816.32653,PortScan
53,47390,1,1,55,120,55.0,120.0,3692.762186,42.20299641,BENIGN
1,14,1,1,2,6,2.0,6.0,571428.5714,142857.1429,PortScan
6005,13,1,1,2,6,2.0,6.0,615384.6154,153846.1538,PortScan
1666,45,1,1,0,6,0.0,6.0,133333.3333,44444.44444,PortScan
21,247,2,1,14,0,7.0,0.0,56680.16194,12145.74899,FTP-Patator
14393,8045607,1,5,6,30,6.0,6.0,4.474491483,0.745748581,BENIGN
21,8819589,9,15,107,188,11.88888889,12.53333333,33.44827066,2.72121524,FTP-Patator
49163,17,1,1,2,6,2.0,6.0,470588.2353,117647.0588,PortScan
29882,24176489,1,5,1375,24,1375.0,4.8,57.86613598,0.248174993,BENIGN
80,89900215,9,5,62,11607,6.888888889,2321.4,129.7994671,0.155728215,DDoS
53,766,1,1,53,148,53.0,148.0,262402.0888,2610.966057,BENIGN
80,1579346,3,5,26,11607,8.666666667,2321.4,7365.707071,5.065387825,DDoS
80,80110425,8,5,56,11607,7.0,2321.4,145.5865451,0.162276008,DDoS
22,11253335,19,31,2008,2745,105.6842105,88.5483871,422.3636815,4.443127304,SSH-Patator
443,115795632,24,20,1138,5414,47.41666667,270.7,56.58244518,0.379979791,BENIGN
443,115548128,20,19,1131,3669,56.55,193.1052632,41.54113167,0.337521695,BENIGN
46592,3,2,0,0,0,0.0,0.0,0.0,666666.6667,BENIGN
63994,4070279,1,6,1375,30,1375.0,5.0,345.1851826,1.719783828,BENIGN
21,3,2,0,14,0,7.0,0.0,4666666.667,666666.6667,FTP-Patator
21,283,2,1,14,0,7.0,0.0,49469.96466,10600.70671,FTP-Patator
21,3,2,0,14,0,7.0,0.0,4666666.667,666666.6667,FTP-Patator
21,9214251,9,15,115,188,12.77777778,12.53333333,32.88384482,2.604660976,FTP-Patator
2100,79,1,1,2,6,2.0,6.0,101265.8228,25316.4557,PortScan
22,11194083,21,32,2008,2745,95.61904762,85.78125,424.5993173,4.734644187,SSH-Patator
21,8370214,9,15,103,188,11.44444444,12.53333333,34.76613621,2.867310203,FTP-Patator
5859,40,1,1,2,6,2.0,6.0,200000.0,50000.0,PortScan
80,629138,3,5,26,11607,8.666666667,2321.4,18490.3789,12.71581116,DDoS
27715,69,1,1,0,6,0.0,6.0,86956.52174,28985.50725,PortScan
80,78519738,9,4,62,11601,6.888888889,2900.25,148.5359006,0.165563466,DDoS
7103,37,1,1,0,6,0.0,6.0,162162.1622,54054.05405,PortScan
80,43,2,0,12,0,6.0,0.0,279069.7674,46511.62791,BENIGN
22,12174879,21,32,2008,2745,95.61904762,85.78125,390.3940236,4.353226016,SSH-Patator
21,222,2,1,14,0,7.0,0.0,63063.06306,13513.51351,FTP-Patator
9535,62,1,1,2,6,2.0,6.0,129032.2581,32258.06452,PortScan
80,6209758,4,0,24,0,6.0,0.0,3.864884912,0.644147485,DDoS
16016,56,1,1,2,6,2.0,6.0,142857.1429,35714.28571,PortScan
53,23487,1,1,49,93,49.0,93.0,6045.897731,85.15348916,BENIGN
58234,94692509,6,10,11613,68,1935.5,6.8,123.3571707,0.168967959,BENIGN
21,8979798,9,15,112,188,12.44444444,12.53333333,33.40832388,2.672665911,FTP-Patator
80,12011695,4,0,24,0,6.0,0.0,1.998052731,0.333008789,DDoS
22,13024370,20,33,2008,2745,100.4,83.18181818,364.9312788,4.069294714,SSH-Patator
53,49336,1,1,49,77,49.0,77.0,2553.916005,40.53834928,BENIGN
544,72,1,1,0,6,0.0,6.0,83333.33333,27777.77778,PortScan
80,10167780,4,0,24,0,6.0,0.0,2.360397255,0.393399542,DDoS
2004,43,1,1,2,6,2.0,6.0,186046.5116,46511.62791,PortScan
22,97,1,1,0,0,0.0,0.0,0.0,20618.5567,SSH-Patator
53,120427,1,1,50,66,50.0,66.0,963.2391407,16.60757139,BENIGN
873,36,1,1,2,6,2.0,6.0,222222.2222,55555.55556,PortScan
21,220,2,1,14,0,7.0,0.0,63636.36364,13636.36364,FTP-Patator
443,77041600,17,15,2052,4094,120.7058824,272.9333333,79.77508255,0.415360013,BENIGN
21,1,2,0,14,0,7.0,0.0,14000000.0,2000000.0,FTP-Patator
22,12284573,21,32,2008,2745,95.61904762,85.78125,386.908035,4.314354272,SSH-Patator
22,11734984,21,32,2008,2745,95.61904762,85.78125,405.0282472,4.516410078,SSH-Patator
59241,468,1,1,0,0,0.0,0.0,0.0,4273.504274,BENIGN
1154,47,1,1,0,6,0.0,6.0,127659.5745,42553.19149,PortScan
53,194,2,2,64,96,32.0,48.0,824742.268,20618.5567,BENIGN
3828,62,1,1,0,6,0.0,6.0,96774.19355,32258.06452,PortScan
21,8744189,9,15,104,188,11.55555556,12.53333333,33.39360574,2.744679924,FTP-Patator
80,90696570,9,4,62,11601,6.888888889,2900.25,128.5936172,0.143335079,DDoS
53,94186,1,1,48,113,48.0,113.0,1709.38356,21.23457839,BENIGN
21,8455024,9,15,106,188,11.77777778,12.53333333,34.77222537,2.838549009,FTP-Patator
1099,45,1,1,0,6,0.0,6.0,133333.3333,44444.44444,PortScan
22,11499715,21,32,2008,2745,95.61904762,85.78125,413.3145908,4.608809871,SSH-Patator
22,62,1,1,0,0,0.0,0.0,0.0,32258.06452,SSH-Patator
80,8234878,5,0,30,0,6.0,0.0,3.643041221,0.607173537,DDoS
80,89460081,8,5,56,11601,7.0,2320.2,130.3039285,0.145316211,DDoS
8192,44,1,1,0,6,0.0,6.0,136363.6364,45454.54545,PortScan
1076,53,1,1,0,6,0.0,6.0,113207.5472,37735.84906,PortScan
80,115482482,16,14,586,704,36.625,50.28571429,11.17052541,0.259779661,BENIGN
4662,61,1,1,0,6,0.0,6.0,98360.65574,32786.88525,PortScan
53,48371,1,1,42,58,42.0,58.0,2067.354407,41.34708813,BENIGN
59800,103,1,1,0,0,0.0,0.0,0.0,19417.47573,BENIGN
57079,3,2,0,0,0,0.0,0.0,0.0,666666.6667,BENIGN
22,28,1,1,0,0,0.0,0.0,0.0,71428.57143,SSH-Patator
57204,1,2,0,12,0,6.0,0.0,12000000.0,2000000.0,BENIGN
2068,74,1,1,2,6,2.0,6.0,108108.1081,27027.02703,PortScan
22,11153154,21,32,2008,2745,95.61904762,85.78125,426.1574798,4.752019025,SSH-Patator
443,88210,1,1,0,6,0.0,6.0,68.01949892,22.67316631,BENIGN
443,119541331,92,142,1948,200274,21.17391304,1410.380282,1691.649225,1.957481969,BENIGN
80,4114451,4,0,24,0,6.0,0.0,5.833098997,0.972183166,DDoS
64680,52,1,1,0,6,0.0,6.0,115384.6154,38461.53846,PortScan
9535,56,1,1,2,6,2.0,6.0,142857.1429,35714.28571,PortScan
53,66675,1,1,45,108,45.0,108.0,2294.713161,29.99625047,BENIGN
80,82442836,8,5,56,11601,7.0,2320.2,141.3949418,0.157685017,DDoS
21,8934207,9,15,107,188,11.88888889,12.53333333,33.01915884,2.686304448,FTP-Patator
443,56,1,1,0,6,0.0,6.0,107142.8571,35714.28571,PortScan
21,3,2,0,14,0,7.0,0.0,4666666.667,666666.6667,FTP-Patator
3703,91,1,1,0,6,0.0,6.0,65934.06593,21978.02198,PortScan
80,176251,3,5,26,11607,8.666666667,2321.4,66002.4624,45.38981339,DDoS
21,226,2,1,14,0,7.0,0.0,61946.90265,13274.33628,FTP-Patator
587,58,1,1,2,6,2.0,6.0,137931.0345,34482.75862,PortScan
5679,21,1,1,0,6,0.0,6.0,285714.2857,95238.09524,PortScan
443,5788260,6,4,611,168,101.8333333,42.0,134.5827589,1.727634902,BENIGN
5431,45,1,1,0,6,0.0,6.0,133333.3333,44444.44444,PortScan
5811,44,1,1,2,6,2.0,6.0,181818.1818,45454.54545,PortScan
9968,49,1,1,2,6,2.0,6.0,163265.3061,40816.32653,PortScan
21,9462414,9,15,105,188,11.66666667,12.53333333,30.96461432,2.536350661,FTP-Patator
22,12605521,21,32,2024,2745,96.38095238,85.78125,378.3262905,4.204506898,SSH-Patator
22,83,1,1,0,0,0.0,0.0,0.0,24096.38554,SSH-Patator
21,3,2,0,14,0,7.0,0.0,4666666.667,666666.6667,FTP-Patator
22,84,1,1,0,0,0.0,0.0,0.0,23809.52381,SSH-Patator
53,257,2,2,82,464,41.0,232.0,2124513.619,15564.20233,BENIGN
28201,43,1,1,0,6,0.0,6.0,139534.8837,46511.62791,PortScan
21,9721839,9,15,114,188,12.66666667,12.53333333,31.0640816,2.468668736,FTP-Patator
21,8676548,9,15,101,188,11.22222222,12.53333333,33.3081774,2.766077016,FTP-Patator
444,83,1,1,2,6,2.0,6.0,96385.54217,24096.38554,PortScan
22,13351441,21,32,2008,2745,95.61904762,85.78125,355.9915368,3.969608973,SSH-Patator
443,69,1,1,0,0,0.0,0.0,0.0,28985.50725,BENIGN
80,24512,3,4,26,11601,8.666666667,2900.25,474339.0992,285.5744125,DDoS
22,12122561,21,31,2008,2745,95.61904762,88.5483871,392.0788685,4.289522651,SSH-Patator
53,53825,2,2,76,160,38.0,80.0,4384.579656,74.31490943,BENIGN
53,256,2,2,66,98,33.0,49.0,640625.0,15625.0,BENIGN
24800,68,1,1,0,6,0.0,6.0,88235.29412,29411.76471,PortScan
1580,77,1,1,0,6,0.0,6.0,77922.07792,25974.02597,PortScan
21,216,2,1,14,0,7.0,0.0,64814.81481,13888.88889,FTP-Patator
53,60827,2,2,88,200,44.0,100.0,4734.739507,65.76027093,BENIGN
1186,53,1,1,0,6,0.0,6.0,113207.5472,37735.84906,PortScan
53,143,2,2,78,110,39.0,55.0,1314685.315,27972.02797,BENIGN
80,36823,3,5,26,11601,8.666666667,2320.2,315753.7409,217.2555196,DDoS
53,30912,2,2,62,510,31.0,255.0,18504.14079,129.3995859,BENIGN
7070,44,1,1,2,6,2.0,6.0,181818.1818,45454.54545,PortScan
1106,42,1,1,2,6,2.0,6.0,190476.1905,47619.04762,PortScan
3003,51,1,1,2,6,2.0,6.0,156862.7451,39215.68627,PortScan
22,84,1,1,0,0,0.0,0.0,0.0,23809.52381,SSH-Patator
80,88582319,8,5,56,11601,7.0,2320.2,131.5951099,0.146756149,DDoS
80,587112,3,4,26,11601,8.666666667,2900.25,19803.71718,11.92276772,DDoS
21,9257727,9,15,104,188,11.55555556,12.53333333,31.54121957,2.592429006,FTP-Patator
21,431,2,1,14,0,7.0,0.0,32482.59861,6960.556845,FTP-Patator
22,89,1,1,0,0,0.0,0.0,0.0,22471.91011,SSH-Patator
53,491,1,1,49,96,49.0,96.0,295315.6823,4073.319756,BENIGN
22,76,1,1,0,0,0.0,0.0,0.0,26315.78947,SSH-Patator
80,4765899,5,0,30,0,6.0,0.0,6.294720052,1.049120009,DDoS
53,41185,1,1,50,108,50.0,108.0,3836.348185,48.56136943,BENIGN
80,375965,3,5,26,11607,8.666666667,2321.4,30941.71,21.27857646,DDoS
62078,73,1,1,0,6,0.0,6.0,82191.78082,27397.26027,PortScan
14000,44,1,1,0,6,0.0,6.0,136363.6364,45454.54545,PortScan
22,11636023,21,32,2008,2745,95.61904762,85.78125,408.4728949,4.554820835,SSH-Patator
37642,3,2,0,31,0,15.5,0.0,10300000.0,666666.6667,BENIGN
53,86453,1,1,79,174,79.0,174.0,2926.445583,23.13395718,BENIGN
443,115204622,24,22,1017,10679,42.375,485.4090909,101.5237045,0.399289535,BENIGN
22,68,1,1,0,0,0.0,0.0,0.0,29411.76471,SSH-Patator
80,6759970,4,0,24,0,6.0,0.0,3.550311614,0.591718602,DDoS
22,81,1,1,0,0,0.0,0.0,0.0,24691.35802,SSH-Patator
443,139,2,0,12,0,6.0,0.0,86330.93525,14388.48921,BENIGN
21,217,2,1,14,0,7.0,0.0,64516.12903,13824.88479,FTP-Patator
80,1333049,3,6,26,11607,8.666666667,1934.5,8726.61095,6.751439745,DDoS
80,7844810,5,0,30,0,6.0,0.0,3.824184397,0.637364066,DDoS
53,50922,1,1,44,72,44.0,72.0,2277.993794,39.27575508,BENIGN
22,13013916,24,32,2008,2745,83.66666667,85.78125,365.2244259,4.30308602,SSH-Patator
9765,25,1,1,0,0,0.0,0.0,0.0,80000.0,BENIGN
80,8389778,4,0,24,0,6.0,0.0,2.860623964,0.476770661,DDoS
21,222,2,1,14,0,7.0,0.0,63063.06306,13513.51351,FTP-Patator
53,47923,1,1,50,132,50.0,132.0,3797.758905,41.73361434,BENIGN
80,1062445,3,5,26,11607,8.666666667,2321.4,10949.27267,7.529801543,DDoS
1034,44,1,1,0,6,0.0,6.0,136363.6364,45454.54545,PortScan
1002,54,1,1,0,6,0.0,6.0,111111.1111,37037.03704,PortScan
22,75,1,1,0,0,0.0,0.0,0.0,26666.66667,SSH-Patator
21,8766562,9,15,111,188,12.33333333,12.53333333,34.10687109,2.737675271,FTP-Patator
21,224,2,1,14,0,7.0,0.0,62500.0,13392.85714,FTP-Patator
22,14058399,21,31,2008,2745,95.61904762,88.5483871,338.0897071,3.698856463,SSH-Patator
22,76,1,1,0,0,0.0,0.0,0.0,26315.78947,SSH-Patator
80,6930828,4,0,24,0,6.0,0.0,3.462789727,0.577131621,DDoS
21,9264267,9,15,105,188,11.66666667,12.53333333,31.62689504,2.590598911,FTP-Patator
22,12028885,20,33,2008,2745,100.4,83.18181818,395.1322172,4.406060911,SSH-Patator
443,29549,1,2,0,38,0.0,19.0,1285.999526,101.5262784,BENIGN
80,144124,2,6,20,11601,10.0,1933.5,80631.95582,55.50775721,DDoS
53,432,1,1,51,112,51.0,112.0,377314.8148,4629.62963,BENIGN
49843,51182,6,2,11601,26,1933.5,13.0,227169.7081,156.304951,BENIGN
443,1,1,1,6,6,6.0,6.0,12000000.0,2000000.0,BENIGN
22,12446275,21,32,2008,2745,95.61904762,85.78125,381.8813259,4.258302183,SSH-Patator
22,82,1,1,0,0,0.0,0.0,0.0,24390.2439,SSH-Patator
21,237,2,1,14,0,7.0,0.0,59071.72996,12658.22785,FTP-Patator
443,120013,1,1,0,0,0.0,0.0,0.0,16.66486131,BENIGN
53,39867311,2,2,88,305,44.0,152.5,9.85770021,0.100332827,BENIGN
53,31449,1,1,45,181,45.0,181.0,7186.238036,63.59502687,BENIGN
22,13349414,21,33,2008,2745,95.61904762,83.18181818,356.0455912,4.045121381,SSH-Patator
21,9211764,9,15,97,188,10.77777778,12.53333333,30.93869969,2.605364184,FTP-Patator
80,81740730,8,4,56,11607,7.0,2901.75,142.6828461,0.146805638,DDoS
21,229,2,1,14,0,7.0,0.0,61135.37118,13100.43668,FTP-Patator
21,3,2,0,14,0,7.0,0.0,4666666.667,666666.6667,FTP-Patator
60584,47,1,1,0,0,0.0,0.0,0.0,42553.19149,BENIGN
80,3970963,4,0,24,0,6.0,0.0,6.043873992,1.007312332,DDoS
3580,72,1,1,0,6,0.0,6.0,83333.33333,27777.77778,PortScan
80,3925496,5,0,30,0,6.0,0.0,7.642346343,1.27372439,DDoS
8180,76,1,1,0,6,0.0,6.0,78947.36842,26315.78947,PortScan
53,60591,1,1,49,114,49.0,114.0,2690.168507,33.00820254,BENIGN
53,366423,4,2,136,170,34.0,85.0,835.1004167,16.37451798,BENIGN
1050,44,1,1,2,6,2.0,6.0,181818.1818,45454.54545,PortScan
22,78,1,1,0,0,0.0,0.0,0.0,25641.02564,SSH-Patator
2033,35,1,1,2,6,2.0,6.0,228571.4286,57142.85714,PortScan
54149,33273,8,2,11601,26,1450.125,13.0,349442.4909,300.5439846,BENIGN
53,324,2,2,76,356,38.0,178.0,1333333.333,12345.67901,BENIGN
1075,43,1,1,2,6,2.0,6.0,186046.5116,46511.62791,PortScan
22,11628521,21,32,2008,2745,95.61904762,85.78125,408.7364163,4.557759323,SSH-Patator
21,313,2,1,14,0,7.0,0.0,44728.4345,9584.664537,FTP-Patator
4111,76,1,1,0,6,0.0,6.0,78947.36842,26315.78947,PortScan
22,11748586,19,31,2008,2745,105.6842105,88.5483871,404.5593231,4.255831297,SSH-Patator
21,9454760,9,15,105,188,11.66666667,12.53333333,30.98968139,2.538403936,FTP-Patator
80,1045800,3,4,26,11607,8.666666667,2901.75,11123.54179,6.693440428,DDoS
9672,915,3,0,43,0,14.33333333,0.0,46994.53552,3278.688525,BENIGN
9,49,1,1,2,6,2.0,6.0,163265.3061,40816.32653,PortScan
57753,205385,6,2,11601,26,1933.5,13.0,56610.75541,38.95123792,BENIGN
22,48,1,1,0,0,0.0,0.0,0.0,41666.66667,SSH-Patator
80,534416,3,6,26,11607,8.666666667,1934.5,21767.6866,16.84081315,DDoS
22,109,1,1,0,0,0.0,0.0,0.0,18348.62385,SSH-Patator
53780,71330568,7,10,11613,68,1659.0,6.8,163.7586848,0.238326996,BENIGN
51963,417072,6,2,11601,26,1933.5,13.0,27877.68059,19.18134039,BENIGN
53,23749,2,2,68,198,34.0,99.0,11200.4716,168.4281443,BENIGN
443,118330156,20,22,1112,7333,55.6,333.3181818,71.36811347,0.354939108,BENIGN
22,54,1,1,0,0,0.0,0.0,0.0,37037.03704,SSH-Patator
80,10533899,4,0,24,0,6.0,0.0,2.278358659,0.379726443,DDoS
22,13008229,21,32,2008,2745,95.61904762,85.78125,365.3840965,4.074344017,SSH-Patator
80,5116512,3,1,0,0,0.0,0.0,0.0,0.781782589,BENIGN
700,43,1,1,0,6,0.0,6.0,139534.8837,46511.62791,PortScan
80,705776,3,6,26,11607,8.666666667,1934.5,16482.56671,12.75192129,DDoS
3001,80,1,1,2,6,2.0,6.0,100000.0,25000.0,PortScan
22,12131528,21,32,2008,2745,95.61904762,85.78125,391.789064,4.368781904,SSH-Patator
35506,82,1,2,0,0,0.0,0.0,0.0,36585.36585,BENIGN
80,8067927,5,0,30,0,6.0,0.0,3.718427299,0.619737883,DDoS
80,77029955,8,5,56,11607,7.0,2321.4,151.4086306,0.168765515,DDoS
898,49,1,1,2,6,2.0,6.0,163265.3061,40816.32653,PortScan
443,4,2,0,0,0,0.0,0.0,0.0,500000.0,BENIGN
22,103,1,1,0,0,0.0,0.0,0.0,19417.47573,SSH-Patator
80,889140,3,6,26,11607,8.666666667,1934.5,13083.42893,10.1221405,DDoS
53,61640,1,1,49,49,49.0,49.0,1589.876703,32.44646334,BENIGN
80,16874,3,5,26,11601,8.666666667,2320.2,689048.2399,474.102169,DDoS
1947,63,1,1,0,6,0.0,6.0,95238.09524,31746.03175,PortScan
22,12344208,19,31,2008,2745,105.6842105,88.5483871,385.0388782,4.050482623,SSH-Patator
21,233,2,1,14,0,7.0,0.0,60085.83691,12875.53648,FTP-Patator
53,61526,2,2,60,360,30.0,180.0,6826.382342,65.01316517,BENIGN
22,11853345,20,33,2008,2745,100.4,83.18181818,400.9838573,4.471311685,SSH-Patator
80,2046939,5,0,30,0,6.0,0.0,14.6560303,2.442671716,DDoS
21,205,2,1,14,0,7.0,0.0,68292.68293,14634.14634,FTP-Patator
80,33012,3,4,26,11601,8.666666667,2900.25,352205.2587,212.0441052,DDoS
80,97852061,8,7,56,11601,7.0,1657.285714,119.1288143,0.153292632,DDoS
21,249,2,1,14,0,7.0,0.0,56224.8996,12048.19277,FTP-Patator
53,48965,2,2,78,184,39.0,92.0,5350.760747,81.69100378,BENIGN
9968,11,1,1,0,6,0.0,6.0,545454.5455,181818.1818,PortScan
21,8742714,9,15,101,188,11.22222222,12.53333333,33.05609677,2.745142984,FTP-Patator
80,9038828,5,0,30,0,6.0,0.0,3.319014368,0.553169061,DDoS
22,11731781,21,32,2008,2745,95.61904762,85.78125,405.1388276,4.517643144,SSH-Patator
80,608446,2,4,20,11601,10.0,2900.25,19099.47637,9.861187353,DDoS
22,11879996,21,32,2024,2745,96.38095238,85.78125,401.4311116,4.461280963,SSH-Patator
21,214,2,1,14,0,7.0,0.0,65420.56075,14018.69159,FTP-Patator
21,3,2,0,14,0,7.0,0.0,4666666.667,666666.6667,FTP-Patator
4446,12,1,1,0,6,0.0,6.0,500000.0,166666.6667,PortScan
80,5481994,4,0,24,0,6.0,0.0,4.377969038,0.729661506,DDoS
21,9910609,9,15,101,188,11.22222222,12.53333333,29.16067015,2.421647348,FTP-Patator
80,9836776,4,0,24,0,6.0,0.0,2.43982378,0.406637297,DDoS
21,240,2,1,14,0,7.0,0.0,58333.33333,12500.0,FTP-Patator
21,208,2,1,14,0,7.0,0.0,67307.69231,14423.07692,FTP-Patator
21,7963858,9,15,112,188,12.44444444,12.53333333,37.67018448,3.013614758,FTP-Patator
49157,43,1,1,2,6,2.0,6.0,186046.5116,46511.62791,PortScan
21,9433615,9,15,112,188,12.44444444,12.53333333,31.8011706,2.544093648,FTP-Patator
443,184,4,0,46,0,11.5,0.0,250000.0,21739.13043,BENIGN
53,30776,4,2,124,162,31.0,81.0,9292.95555,194.9571094,BENIGN
53,58038702,2,2,93,169,46.5,84.5,4.514229143,0.068919529,BENIGN
22,110,1,1,0,0,0.0,0.0,0.0,18181.81818,SSH-Patator
21,259,2,1,14,0,7.0,0.0,54054.05405,11583.01158,FTP-Patator
21,8985395,9,15,110,188,12.22222222,12.53333333,33.16493042,2.671001108,FTP-Patator
21,8777525,9,15,118,188,13.11111111,12.53333333,34.86176342,2.734255955,FTP-Patator
80,333131,3,6,26,11601,8.666666667,1933.5,34902.18563,27.01639895,DDoS
80,97722725,8,5,56,11607,7.0,2321.4,119.3478794,0.133029446,DDoS
80,7814813,4,0,24,0,6.0,0.0,3.071090761,0.51184846,DDoS
21,28,2,0,14,0,7.0,0.0,500000.0,71428.57143,FTP-Patator
80,654619,3,6,26,11607,8.666666667,1934.5,17770.64216,13.74845521,DDoS
21,8868056,9,15,100,188,11.11111111,12.53333333,32.47611427,2.706342856,FTP-Patator
80,63618,3,5,26,11607,8.666666667,2321.4,182857.053,125.7505737,DDoS
53,168336,1,1,41,139,41.0,139.0,1069.289991,11.8809999,BENIGN
80,9708724,4,0,24,0,6.0,0.0,2.47200353,0.412000588,DDoS
55402,4866268,1,6,1375,30,1375.0,5.0,288.7222816,1.438474001,BENIGN
53,92877,1,1,57,158,57.0,158.0,2314.889585,21.53385661,BENIGN
53,122609,1,1,44,186,44.0,186.0,1875.881868,16.31201625,BENIGN
53,324,2,2,58,166,29.0,83.0,691358.0247,12345.67901,BENIGN
80,35614,3,5,26,11601,8.666666667,2320.2,326472.7354,224.6307632,DDoS
80,115798617,16,14,296,384,18.5,27.42857143,5.872263569,0.259070452,BENIGN
80,37107,5,0,30,0,6.0,0.0,808.4727949,134.7454658,DDoS
22,79,1,1,0,0,0.0,0.0,0.0,25316.4557,SSH-Patator
22,11880315,22,32,2008,2745,91.27272727,85.78125,400.0735671,4.545334025,SSH-Patator
80,5681895,5,0,30,0,6.0,0.0,5.279928615,0.879988103,DDoS
80,72996,3,4,26,11601,8.666666667,2900.25,159282.7004,95.89566552,DDoS
53,59685,1,1,52,115,52.0,115.0,2798.022954,33.50925693,BENIGN
161,58,1,1,2,6,2.0,6.0,137931.0345,34482.75862,PortScan
53,30718,1,1,46,90,46.0,90.0,4427.371574,65.1084055,BENIGN
3703,44,1,1,2,6,2.0,6.0,181818.1818,45454.54545,PortScan
17,18,1,1,2,6,2.0,6.0,444444.4444,111111.1111,PortScan
1032,36,1,1,2,6,2.0,6.0,222222.2222,55555.55556,PortScan
80,987399,3,5,26,11601,8.666666667,2320.2,11775.38158,8.102094493,DDoS
21,3,2,0,14,0,7.0,0.0,4666666.667,666666.6667,FTP-Patator
80,96705385,8,6,56,11601,7.0,1933.5,120.5413742,0.144769601,DDoS
135,35,1,1,0,6,0.0,6.0,171428.5714,57142.85714,PortScan
22,42,2,1,0,0,0.0,0.0,0.0,71428.57143,SSH-Patator
61478,3774563,1,6,1375,30,1375.0,5.0,372.2285202,1.854519318,BENIGN
21,3,2,0,14,0,7.0,0.0,4666666.667,666666.6667,FTP-Patator
22,12278882,21,32,2008,2745,95.61904762,85.78125,387.0873586,4.316353883,SSH-Patator
54096,8,1,1,0,0,0.0,0.0,0.0,250000.0,BENIGN
9917,49,1,1,0,6,0.0,6.0,122448.9796,40816.32653,PortScan
80,93817,3,5,26,11607,8.666666667,2321.4,123996.717,85.272392,DDoS
53,221858,2,2,90,314,45.0,157.0,1820.984594,18.02955043,BENIGN
80,1506940,4,0,24,0,6.0,0.0,15.92631425,2.654385709,DDoS
53,252,2,2,46,46,23.0,23.0,365079.3651,15873.01587,BENIGN
80,113663847,13,11,0,0,0.0,0.0,0.0,0.211148933,BENIGN
40193,75,1,1,0,6,0.0,6.0,80000.0,26666.66667,PortScan
80,72030665,9,5,62,11601,6.888888889,2320.2,161.9171501,0.194361665,DDoS
53,205,2,2,64,204,32.0,102.0,1307317.073,19512.19512,BENIGN
80,35962,2,4,20,11601,10.0,2900.25,323146.6548,166.8427785,DDoS
21,9094452,9,15,98,188,10.88888889,12.53333333,31.44774419,2.63897154,FTP-Patator
80,137012,5,0,30,0,6.0,0.0,218.9589233,36.49315388,DDoS
22,61,1,1,0,0,0.0,0.0,0.0,32786.88525,SSH-Patator
55136,4016401,1,5,6,30,6.0,6.0,8.963248441,1.49387474,BENIGN
80,1595089,5,0,30,0,6.0,0.0,18.80772797,3.134621328,DDoS
22,69,1,1,0,0,0.0,0.0,0.0,28985.50725,SSH-Patator
21,9903643,9,15,103,188,11.44444444,12.53333333,29.383127,2.42335068,FTP-Patator
22,73,1,1,0,0,0.0,0.0,0.0,27397.26027,SSH-Patator
21,4475174,9,8,31,96,3.444444444,12.0,28.37878482,3.798734977,FTP-Patator
53,56775,1,1,57,96,57.0,96.0,2694.848085,35.22677235,BENIGN
21,224,2,1,14,0,7.0,0.0,62500.0,13392.85714,FTP-Patator
22,94,1,1,0,0,0.0,0.0,0.0,21276.59574,SSH-Patator
22,110,1,1,0,0,0.0,0.0,0.0,18181.81818,SSH-Patator
787,46,1,1,0,6,0.0,6.0,130434.7826,43478.26087,PortScan
32779,73,1,1,0,6,0.0,6.0,82191.78082,27397.26027,PortScan
53,206,2,2,70,166,35.0,83.0,1145631.068,19417.47573,BENIGN
22,87,1,1,0,0,0.0,0.0,0.0,22988.50575,SSH-Patator
80,8076283,8,4,56,11607,7.0,2901.75,1444.104918,1.485832034,DDoS
21,8612630,9,15,104,188,11.55555556,12.53333333,33.90369724,2.786605253,FTP-Patator
21,7993257,9,15,103,188,11.44444444,12.53333333,36.40568544,3.002530758,FTP-Patator
80,36512,1,1,0,0,0.0,0.0,0.0,54.77651183,BENIGN
5998,33,1,1,2,6,2.0,6.0,242424.2424,60606.06061,PortScan
80,249857,3,6,26,11607,8.666666667,1934.5,46558.63154,36.02060379,DDoS
443,6239710,8,4,599,152,74.875,38.0,120.3581577,1.923166301,BENIGN
22,63,1,1,0,0,0.0,0.0,0.0,31746.03175,SSH-Patator
21,1,2,0,14,0,7.0,0.0,14000000.0,2000000.0,FTP-Patator
53,192,2,2,94,222,47.0,111.0,1645833.333,20833.33333,BENIGN
8193,44,1,1,2,6,2.0,6.0,181818.1818,45454.54545,PortScan
80,15157,1,1,6,6,6.0,6.0,791.7133997,131.9522333,BENIGN
80,1810967,3,5,26,11601,8.666666667,2320.2,6420.32682,4.417529419,DDoS
21,8730111,9,15,109,188,12.11111111,12.53333333,34.020186,2.749105939,FTP-Patator
9,43,1,1,0,6,0.0,6.0,139534.8837,46511.62791,PortScan
80,11131713,5,6,1838,2378,367.6,396.3333333,378.7377558,0.988167769,BENIGN
22,13437339,22,33,2008,2745,91.27272727,83.18181818,353.7158659,4.093072297,SSH-Patator
53,213,2,2,58,166,29.0,83.0,1051643.192,18779.34272,BENIGN
22,127,1,1,0,0,0.0,0.0,0.0,15748.0315,SSH-Patator
25,102,1,1,2,6,2.0,6.0,78431.37255,19607.84314,PortScan
9101,9,1,1,2,6,2.0,6.0,888888.8889,222222.2222,PortScan
53,87108,2,2,78,274,39.0,137.0,4040.960647,45.92000735,BENIGN
80,4182928,4,0,24,0,6.0,0.0,5.737607724,0.956267954,DDoS
80,37829,2,4,20,11601,10.0,2900.25,307198.1813,158.608475,DDoS
1053,43,1,1,0,6,0.0,6.0,139534.8837,46511.62791,PortScan
21,8914232,9,15,98,188,10.88888889,12.53333333,32.08352666,2.692323915,FTP-Patator
80,1754190,3,6,26,11601,8.666666667,1933.5,6628.130362,5.130573085,DDoS
22,12280071,21,32,2008,2745,95.61904762,85.78125,387.0498794,4.315935958,SSH-Patator
22,11047765,21,32,2008,2745,95.61904762,85.78125,430.2227645,4.797350414,SSH-Patator
80,78423,3,5,1680,309,560.0,61.8,25362.45744,102.0108897,BENIGN
55907,91622160,6,9,11613,62,1935.5,6.888888889,127.4255049,0.163715852,BENIGN
443,117219058,14,12,918,5366,65.57142857,447.1666667,53.60903003,0.221806935,BENIGN
7512,53,1,1,0,6,0.0,6.0,113207.5472,37735.84906,PortScan
80,621777,3,4,26,11607,8.666666667,2901.75,18709.28002,11.25805554,DDoS
53,61143,1,1,55,120,55.0,120.0,2862.142845,32.71020395,BENIGN
21,1,2,0,14,0,7.0,0.0,14000000.0,2000000.0,FTP-Patator
80,23169,1,1,0,0,0.0,0.0,0.0,86.32224093,BENIGN
80,52005,3,4,439,860,146.3333333,215.0,24978.36746,134.6024421,BENIGN
1501,43,1,1,0,6,0.0,6.0,139534.8837,46511.62791,PortScan
22,10742695,23,32,2008,2745,87.30434783,85.78125,442.4401884,5.119758124,SSH-Patator
80,80688224,9,6,62,11601,6.888888889,1933.5,144.5440167,0.185900733,DDoS
21,9820310,9,15,105,188,11.66666667,12.53333333,29.83612534,2.443914703,FTP-Patator
80,666478,3,5,26,11607,8.666666667,2321.4,17454.43961,12.00339696,DDoS
443,142443,47,55,1325,101497,28.19148936,1845.4,721846.6334,716.075904,BENIGN
21,9479698,9,15,113,188,12.55555556,12.53333333,31.75206636,2.531726222,FTP-Patator
80,97047,3,6,18,11595,6.0,1932.5,119663.6681,92.73856997,PortScan
80,9915762,4,0,24,0,6.0,0.0,2.420388872,0.403398145,DDoS
80,10688155,5,0,30,0,6.0,0.0,2.806845522,0.467807587,DDoS
2111,46,1,1,2,6,2.0,6.0,173913.0435,43478.26087,PortScan
53,190,2,2,74,286,37.0,143.0,1894736.842,21052.63158,BENIGN
443,116023044,21,18,1634,5754,77.80952381,319.6666667,63.67700541,0.336140121,BENIGN
22,48,1,1,0,0,0.0,0.0,0.0,41666.66667,SSH-Patator
3077,23,1,1,0,6,0.0,6.0,260869.5652,86956.52174,PortScan
54014,1,2,0,0,0,0.0,0.0,0.0,2000000.0,BENIGN
53,274,2,2,66,534,33.0,267.0,2189781.022,14598.54015,BENIGN
21,8659024,9,15,112,188,12.44444444,12.53333333,34.645937,2.77167496,FTP-Patator
443,5144804,8,6,366,3710,45.75,618.3333333,792.2556428,2.7211921,BENIGN
1011,48,1,1,0,6,0.0,6.0,125000.0,41666.66667,PortScan
80,4540307,5,0,30,0,6.0,0.0,6.60748271,1.101247118,DDoS
32778,58,1,1,2,6,2.0,6.0,137931.0345,34482.75862,PortScan
1071,87,1,1,0,6,0.0,6.0,68965.51724,22988.50575,PortScan
32785,44,1,1,0,6,0.0,6.0,136363.6364,45454.54545,PortScan
21,8710953,9,15,106,188,11.77777778,12.53333333,33.75061259,2.755152048,FTP-Patator
21,9701073,9,15,99,188,11.0,12.53333333,29.58435629,2.473953139,FTP-Patator
53,180,2,2,68,132,34.0,66.0,1111111.111,22222.22222,BENIGN
22,74,1,1,0,0,0.0,0.0,0.0,27027.02703,SSH-Patator
22,44,1,1,0,0,0.0,0.0,0.0,45454.54545,SSH-Patator
21,273,2,1,14,0,7.0,0.0,51282.05128,10989.01099,FTP-Patator
80,5999876,5,0,30,0,6.0,0.0,5.000103335,0.833350556,DDoS
53,137,2,2,90,122,45.0,61.0,1547445.255,29197.08029,BENIGN
22,74,1,1,0,0,0.0,0.0,0.0,27027.02703,SSH-Patator
22,13041726,21,32,2008,2745,95.61904762,85.78125,364.4456263,4.063879275,SSH-Patator
80,26887,3,6,26,11601,8.666666667,1933.5,432439.4689,334.7342582,DDoS
21,8984915,9,15,101,188,11.22222222,12.53333333,32.16502326,2.6711438,FTP-Patator
25734,96,1,1,0,6,0.0,6.0,62500.0,20833.33333,PortScan
80,391364,3,5,26,11601,8.666666667,2320.2,29708.91549,20.44132828,DDoS
3517,43,1,1,0,6,0.0,6.0,139534.8837,46511.62791,PortScan
80,61572,3,0,0,0,0.0,0.0,0.0,48.72344572,BENIGN
80,8034797,4,0,24,0,6.0,0.0,2.987007637,0.497834606,DDoS
22,79,1,1,0,0,0.0,0.0,0.0,25316.4557,SSH-Patator
22,129,1,1,0,0,0.0,0.0,0.0,15503.87597,SSH-Patator
53,30677,1,1,44,112,44.0,112.0,5085.243016,65.19542328,BENIGN
21,9422920,9,15,105,188,11.66666667,12.53333333,31.09439537,2.546981191,FTP-Patator
7938,28,1,1,0,6,0.0,6.0,214285.7143,71428.57143,PortScan
2042,54,1,1,2,6,2.0,6.0,148148.1481,37037.03704,PortScan
80,5238898,5,0,30,0,6.0,0.0,5.726395131,0.954399189,DDoS
80,56138,5,0,30,0,6.0,0.0,534.3973779,89.06622965,DDoS
21,9222069,9,15,114,188,12.66666667,12.53333333,32.74753203,2.602452877,FTP-Patator
21,232,2,1,14,0,7.0,0.0,60344.82759,12931.03448,FTP-Patator
53,70753814,2,2,105,266,52.5,133.0,5.243533585,0.056534055,BENIGN
53,53381,1,1,51,99,51.0,99.0,2809.988573,37.4665143,BENIGN
22,68,1,1,0,0,0.0,0.0,0.0,29411.76471,SSH-Patator
3367,91,1,1,2,6,2.0,6.0,87912.08791,21978.02198,PortScan
3389,64,1,1,2,6,2.0,6.0,125000.0,31250.0,PortScan
21,9020279,9,15,107,188,11.88888889,12.53333333,32.7040882,2.660671582,FTP-Patator
53,181,2,2,90,222,45.0,111.0,1723756.906,22099.44751,BENIGN
443,933462,54,75,935,157825,17.31481481,2104.333333,170076.5537,138.1952345,BENIGN
8290,82,1,1,0,6,0.0,6.0,73170.73171,24390.2439,PortScan
7778,63,1,1,2,6,2.0,6.0,126984.127,31746.03175,PortScan
21,9810438,9,15,108,188,12.0,12.53333333,30.17194543,2.446373954,FTP-Patator
80,1119972,4,0,24,0,6.0,0.0,21.42910716,3.571517859,DDoS
80,1284104,3,4,26,11607,8.666666667,2901.75,9059.235078,5.45127186,DDoS
53,120609,2,2,78,110,39.0,55.0,1558.75598,33.16502085,BENIGN
2323,62,1,1,0,6,0.0,6.0,96774.19355,32258.06452,PortScan
53,66301,2,2,76,238,38.0,119.0,4735.976833,60.33091507,BENIGN
3814,51,1,1,2,6,2.0,6.0,156862.7451,39215.68627,PortScan
21,8875001,9,15,110,188,12.22222222,12.53333333,33.57746101,2.704225047,FTP-Patator
21,269,2,1,14,0,7.0,0.0,52044.60967,11152.41636,FTP-Patator
80,801425,3,5,26,11607,8.666666667,2321.4,14515.39445,9.982219172,DDoS
21,9197959,9,15,101,188,11.22222222,12.53333333,31.42001394,2.609274514,FTP-Patator
53,70739,1,1,57,73,57.0,73.0,1837.741557,28.27294703,BENIGN
21,240,2,1,14,0,7.0,0.0,58333.33333,12500.0,FTP-Patator
44443,29,1,1,2,6,2.0,6.0,275862.069,68965.51724,PortScan
5357,16,1,1,2,6,2.0,6.0,500000.0,125000.0,PortScan
21,8715194,9,15,107,188,11.88888889,12.53333333,33.84893096,2.753811332,FTP-Patator
80,115643918,37,26,5806,10360,156.9189189,398.4615385,139.7911821,0.544775731,BENIGN
53,49012,2,2,78,110,39.0,55.0,3835.795315,81.61266629,BENIGN
55272,197,2,0,12,0,6.0,0.0,60913.70558,10152.28426,BENIGN
80,96947485,8,4,56,11607,7.0,2901.75,120.302244,0.123778353,DDoS
62065,3874239,1,5,6,30,6.0,6.0,9.292147439,1.54869124,BENIGN
80,11533844,4,0,24,0,6.0,0.0,2.080832722,0.346805454,DDoS
80,115599039,18,15,588,768,32.66666667,51.2,11.73020132,0.285469501,BENIGN
22,94,1,1,0,0,0.0,0.0,0.0,21276.59574,SSH-Patator
80,7977033,8,6,56,11601,7.0,1933.5,1461.320268,1.755038496,DDoS
80,8155804,4,0,24,0,6.0,0.0,2.942689648,0.490448275,DDoS
54501,72676496,7,9,11613,62,1659.0,6.888888889,160.643408,0.220153707,BENIGN
53,197,2,2,70,358,35.0,179.0,2172588.832,20304.56853,BENIGN
22,12317009,20,33,2008,2745,100.4,83.18181818,385.8891392,4.302992715,SSH-Patator
21,230,2,1,14,0,7.0,0.0,60869.56522,13043.47826,FTP-Patator
3606,20,3,0,31,0,10.33333333,0.0,1550000.0,150000.0,BENIGN
21,3,2,0,14,0,7.0,0.0,4666666.667,666666.6667,FTP-Patator
4005,49,1,1,2,6,2.0,6.0,163265.3061,40816.32653,PortScan
53,48981,4,2,140,134,35.0,67.0,5594.005839,122.4964782,BENIGN
21,9146874,9,15,110,188,12.22222222,12.53333333,32.57943643,2.623847229,FTP-Patator
21,8830544,9,15,103,188,11.44444444,12.53333333,32.95380217,2.717839354,FTP-Patator
80,99917420,8,5,56,11601,7.0,2320.2,116.6663431,0.130107443,DDoS
1029,71,1,1,0,6,0.0,6.0,84507.04225,28169.01408,PortScan
21,3,2,0,14,0,7.0,0.0,4666666.667,666666.6667,FTP-Patator
443,118543133,56,49,2728,63369,48.71428571,1293.244898,557.5776372,0.885753543,BENIGN
53,61108,4,2,168,310,42.0,155.0,7822.216404,98.18681678,BENIGN
8652,44,1,1,2,6,2.0,6.0,181818.1818,45454.54545,PortScan
80,108668,3,2,548,368,182.6666667,184.0,8429.344425,46.01170538,BENIGN
22,78,1,1,0,0,0.0,0.0,0.0,25641.02564,SSH-Patator
80,1844820,3,7,26,11607,8.666666667,1658.142857,6305.764248,5.420583038,DDoS
53,80066,2,2,66,98,33.0,49.0,2048.310144,49.958784,BENIGN
443,118144173,30,29,3472,5483,115.7333333,189.0689655,75.79722108,0.499389843,BENIGN
21,243,2,1,14,0,7.0,0.0,57613.16872,12345.67901,FTP-Patator
53,150,2,2,74,234,37.0,117.0,2053333.333,26666.66667,BENIGN
50831,9202939,1,5,6,30,6.0,6.0,3.91179383,0.651965638,BENIGN
443,8500961,12,10,563,3900,46.91666667,390.0,524.9994677,2.587942704,BENIGN
80,53204,3,6,26,11601,8.666666667,1933.5,218536.2003,169.1602135,DDoS
53,25692,2,2,84,246,42.0,123.0,12844.4652,155.6904873,BENIGN
80,10109758,5,0,30,0,6.0,0.0,2.967430081,0.49457168,DDoS
13456,94,1,1,2,6,2.0,6.0,85106.38298,21276.59574,PortScan
21,9143747,9,15,100,188,11.11111111,12.53333333,31.49693446,2.624744539,FTP-Patator
21,208,2,1,14,0,7.0,0.0,67307.69231,14423.07692,FTP-Patator
22,14129727,21,32,2008,2745,95.61904762,85.78125,336.383003,3.750957113,SSH-Patator
22,28,1,1,0,0,0.0,0.0,0.0,71428.57143,SSH-Patator
21,4,2,0,14,0,7.0,0.0,3500000.0,500000.0,FTP-Patator
53,616,1,1,81,163,81.0,163.0,396103.8961,3246.753247,BENIGN
80,7493792,4,0,24,0,6.0,0.0,3.202650941,0.533775157,DDoS
80,2070742,5,0,30,0,6.0,0.0,14.4875605,2.414593416,DDoS
22,59,1,1,0,0,0.0,0.0,0.0,33898.30508,SSH-Patator
22,12533829,21,32,2008,2745,95.61904762,85.78125,379.2137263,4.228556174,SSH-Patator
80,960679,3,5,26,11607,8.666666667,2321.4,12109.14364,8.327443402,DDoS
21,8529452,9,15,107,188,11.88888889,12.53333333,34.58604375,2.81377983,FTP-Patator
80,58489,3,6,26,11601,8.666666667,1933.5,198789.516,153.8750876,DDoS
80,2642006,5,0,30,0,6.0,0.0,11.35500828,1.89250138,DDoS
22,64,1,1,0,0,0.0,0.0,0.0,31250.0,SSH-Patator
53,275,2,2,102,438,51.0,219.0,1963636.364,14545.45455,BENIGN
80,10244667,4,0,24,0,6.0,0.0,2.342682295,0.390447049,DDoS
22,10865255,22,32,2008,2745,91.27272727,85.78125,437.4494662,4.969970792,SSH-Patator
80,1844068,3,4,26,11601,8.666666667,2900.25,6305.082025,3.795955464,DDoS
80,135493,3,5,26,11601,8.666666667,2320.2,85812.5512,59.04364063,DDoS
15660,44,1,1,2,6,2.0,6.0,181818.1818,45454.54545,PortScan
1108,32,1,1,0,6,0.0,6.0,187500.0,62500.0,PortScan
80,60183,3,5,433,2281,144.3333333,456.2,45095.79117,132.9279032,BENIGN
80,9345322,5,0,30,0,6.0,0.0,3.210162261,0.535027043,DDoS
22,12568244,21,31,2008,2745,95.61904762,88.5483871,378.1753441,4.137411718,SSH-Patator
1524,38,1,1,0,6,0.0,6.0,157894.7368,52631.57895,PortScan
22,98,1,1,0,0,0.0,0.0,0.0,20408.16327,SSH-Patator
80,87524428,8,5,56,11607,7.0,2321.4,133.254227,0.148529962,DDoS
8994,15,1,1,2,6,2.0,6.0,533333.3333,133333.3333,PortScan
21,9170083,9,15,118,188,13.11111111,12.53333333,33.36938172,2.617206409,FTP-Patator
7402,27,1,1,0,6,0.0,6.0,222222.2222,74074.07407,PortScan
21,9010302,9,15,110,188,12.22222222,12.53333333,33.07325326,2.663617712,FTP-Patator
22,12278430,21,32,2008,2745,95.61904762,85.78125,387.1016083,4.316512779,SSH-Patator
5033,16,1,1,2,6,2.0,6.0,500000.0,125000.0,PortScan
22,20,1,1,0,0,0.0,0.0,0.0,100000.0,SSH-Patator
15035,10844657,1,6,6,36,6.0,6.0,3.87287491,0.645479152,BENIGN
783,72,1,1,2,6,2.0,6.0,111111.1111,27777.77778,PortScan
443,91317,6,10,860,620,143.3333333,62.0,16207.27794,175.2138156,BENIGN
55055,80,1,1,2,6,2.0,6.0,100000.0,25000.0,PortScan
80,102012368,8,6,56,11601,7.0,1933.5,114.2704579,0.137238261,DDoS
15003,44,1,1,0,6,0.0,6.0,136363.6364,45454.54545,PortScan
22,12558467,22,33,2008,2745,91.27272727,83.18181818,378.4697607,4.37951543,SSH-Patator
80,40955,3,6,26,11601,8.666666667,1933.5,283896.9601,219.7533879,DDoS
21,9198971,9,15,98,188,10.88888889,12.53333333,31.09043392,2.608987462,FTP-Patator
22,10634656,21,32,2008,2745,95.61904762,85.78125,446.9350019,4.983706102,SSH-Patator
22,48,1,1,0,0,0.0,0.0,0.0,41666.66667,SSH-Patator
21,256,2,1,14,0,7.0,0.0,54687.5,11718.75,FTP-Patator
53,30525,2,2,70,102,35.0,51.0,5634.725635,131.040131,BENIGN
21,205,2,1,14,0,7.0,0.0,68292.68293,14634.14634,FTP-Patator
21,4,2,0,14,0,7.0,0.0,3500000.0,500000.0,FTP-Patator
22,90,1,1,0,0,0.0,0.0,0.0,22222.22222,SSH-Patator
53,192,2,2,90,152,45.0,76.0,1260416.667,20833.33333,BENIGN
443,161815,31,46,871,64661,28.09677419,1405.673913,404980.9968,475.8520533,BENIGN
80,1797045,3,6,26,11601,8.666666667,1933.5,6470.066136,5.008221831,DDoS
22,80,1,1,0,0,0.0,0.0,0.0,25000.0,SSH-Patator
21,9215075,9,15,112,188,12.44444444,12.53333333,32.55535088,2.60442807,FTP-Patator
4,98,1,1,2,6,2.0,6.0,81632.65306,20408.16327,PortScan
22,56,1,1,0,0,0.0,0.0,0.0,35714.28571,SSH-Patator
137,31,13,0,650,0,50.0,0.0,21000000.0,419354.8387,BENIGN
2049,32,1,1,2,6,2.0,6.0,250000.0,62500.0,PortScan
22,11663140,22,33,2008,2745,91.27272727,83.18181818,407.5231884,4.715711206,SSH-Patator
21,2,2,1,14,0,7.0,0.0,7000000.0,1500000.0,FTP-Patator
22,11930364,20,33,2008,2745,100.4,83.18181818,398.3952208,4.442446182,SSH-Patator
1556,1,1,1,0,6,0.0,6.0,6000000.0,2000000.0,PortScan
80,20690,2,0,12,0,6.0,0.0,579.9903335,96.66505558,BENIGN
443,60880322,13,13,827,1338,63.61538462,102.9230769,35.56157275,0.427067386,BENIGN
21,8935621,9,15,111,188,12.33333333,12.53333333,33.46158034,2.685879359,FTP-Patator
60805,80302859,7,9,11613,62,1659.0,6.888888889,145.3871026,0.199245708,BENIGN
3971,49,1,1,2,6,2.0,6.0,163265.3061,40816.32653,PortScan
53,53522,1,1,64,117,64.0,117.0,3381.786929,37.36781137,BENIGN
22,12394028,21,33,2008,2745,95.61904762,83.18181818,383.4911459,4.356937067,SSH-Patator
22,83,1,1,0,0,0.0,0.0,0.0,24096.38554,SSH-Patator
80,1654997,4,0,24,0,6.0,0.0,14.50153686,2.41692281,DDoS
56810,87,1,1,0,0,0.0,0.0,0.0,22988.50575,BENIGN
21,9674538,9,15,101,188,11.22222222,12.53333333,29.87222749,2.480738615,FTP-Patator
53,229571,1,1,44,148,44.0,148.0,836.3425694,8.711901765,BENIGN
80,192058,3,5,26,11607,8.666666667,2321.4,60570.24441,41.65408366,DDoS
21,9300900,9,15,101,188,11.22222222,12.53333333,31.07226182,2.580395446,FTP-Patator
425,51,1,1,0,6,0.0,6.0,117647.0588,39215.68627,PortScan
21,238,2,1,14,0,7.0,0.0,58823.52941,12605.04202,FTP-Patator
80,8133532,4,0,24,0,6.0,0.0,2.950747596,0.491791266,DDoS
80,1429659,3,5,26,11601,8.666666667,2320.2,8132.708569,5.595739963,DDoS
21,8879171,9,15,106,188,11.77777778,12.53333333,33.11119923,2.702955039,FTP-Patator
80,81,2,0,12,0,6.0,0.0,148148.1481,24691.35802,BENIGN
80,4214895,5,0,30,0,6.0,0.0,7.11761503,1.186269172,DDoS
80,8261031,7,5,50,11607,7.142857143,2321.4,1411.082951,1.452603192,DDoS
60564,110,1,1,6,6,6.0,6.0,109090.9091,18181.81818,BENIGN
10617,44,1,1,2,6,2.0,6.0,181818.1818,45454.54545,PortScan
10243,17,1,1,0,6,0.0,6.0,352941.1765,117647.0588,PortScan
53,50225,2,2,84,192,42.0,96.0,5495.271279,79.64161274,BENIGN
1169,57,1,1,0,6,0.0,6.0,105263.1579,35087.7193,PortScan
443,420601,9,5,1221,3882,135.6666667,776.4,12132.63877,33.28570308,BENIGN
80,5279402,5,0,30,0,6.0,0.0,5.682461764,0.947076961,DDoS
22,14061837,21,32,2008,2745,95.61904762,85.78125,338.007047,3.769066588,SSH-Patator
3071,49,1,1,0,6,0.0,6.0,122448.9796,40816.32653,PortScan
311,82,1,1,2,6,2.0,6.0,97560.97561,24390.2439,PortScan
21,285,2,1,14,0,7.0,0.0,49122.80702,10526.31579,FTP-Patator
1782,72,1,1,0,6,0.0,6.0,83333.33333,27777.77778,PortScan
8994,68,1,1,2,6,2.0,6.0,117647.0588,29411.76471,PortScan
53,23582,1,1,54,113,54.0,113.0,7081.672462,84.81044865,BENIGN
21,9767624,9,15,94,188,10.44444444,12.53333333,28.8708902,2.457097038,FTP-Patator
22,10289050,21,32,2008,2745,95.61904762,85.78125,461.9474101,5.151107245,SSH-Patator
80,372599,3,5,26,11607,8.666666667,2321.4,31221.23248,21.47080373,DDoS
53,23366,1,1,45,61,45.0,61.0,4536.506034,85.59445348,BENIGN
80,8475062,6,0,36,0,6.0,0.0,4.247756536,0.707959423,DDoS
22,13904957,21,32,2008,2745,95.61904762,85.78125,341.8205464,3.811590356,SSH-Patator
80,1826612,3,4,26,11607,8.666666667,2901.75,6368.621251,3.832231476,DDoS
22,13452304,21,32,2008,2745,95.61904762,85.78125,353.3223751,3.939845546,SSH-Patator
22,75,1,1,0,0,0.0,0.0,0.0,26666.66667,SSH-Patator
1137,43,1,1,0,6,0.0,6.0,139534.8837,46511.62791,PortScan
50636,44,1,1,0,6,0.0,6.0,136363.6364,45454.54545,PortScan
11967,26,1,1,0,6,0.0,6.0,230769.2308,76923.07692,PortScan
443,1731792,8,8,724,5085,90.5,635.625,3354.328926,9.23898482,BENIGN
22,11262823,21,32,2008,2745,95.61904762,85.78125,422.0078749,4.705747396,SSH-Patator
80,73127366,9,6,62,11607,6.888888889,1934.5,159.5709054,0.205121568,DDoS
80,8761858,4,0,24,0,6.0,0.0,2.739145053,0.456524176,DDoS
9009,49,1,1,2,6,2.0,6.0,163265.3061,40816.32653,PortScan
21,10132700,9,15,104,188,11.55555556,12.53333333,28.81759057,2.368569088,FTP-Patator
22,12822185,19,31,2008,2745,105.6842105,88.5483871,370.6856515,3.899491389,SSH-Patator
22,11871033,22,32,2008,2745,91.27272727,85.78125,400.3863859,4.548888037,SSH-Patator
80,100864987,8,5,56,11607,7.0,2321.4,115.6298171,0.12888516,DDoS
443,118483582,24,21,5322,2463,221.75,117.2857143,65.7053059,0.379799456,BENIGN
80,100740321,8,4,56,11607,7.0,2901.75,115.7729088,0.119118143,DDoS
21,217,2,1,14,0,7.0,0.0,64516.12903,13824.88479,FTP-Patator
22939,59,1,1,0,6,0.0,6.0,101694.9153,33898.30508,PortScan
21,9254316,9,15,105,188,11.66666667,12.53333333,31.66090287,2.593384535,FTP-Patator
80,23063376,5,0,30,0,6.0,0.0,1.3007636,0.216793933,DDoS
9081,44,1,1,2,6,2.0,6.0,181818.1818,45454.54545,PortScan
80,30170,3,5,26,11607,8.666666667,2321.4,385581.7037,265.1640703,DDoS
21,4,2,0,14,0,7.0,0.0,3500000.0,500000.0,FTP-Patator
9998,69,1,1,0,6,0.0,6.0,86956.52174,28985.50725,PortScan
80,81987517,8,4,56,11601,7.0,2900.25,142.1801809,0.146363745,DDoS
55139,32,1,1,6,6,6.0,6.0,375000.0,62500.0,BENIGN
53,166,2,2,76,154,38.0,77.0,1385542.169,24096.38554,BENIGN
22,96,1,1,0,0,0.0,0.0,0.0,20833.33333,SSH-Patator
53,214,2,2,64,120,32.0,60.0,859813.0841,18691.58879,BENIGN
53,215,2,2,88,210,44.0,105.0,1386046.512,18604.65116,BENIGN
22,10990278,21,32,2008,2745,95.61904762,85.78125,432.4731367,4.822443982,SSH-Patator
80,82496,3,6,26,11601,8.666666667,1933.5,140940.1668,109.0961986,DDoS
22,10944022,21,33,2008,2745,95.61904762,83.18181818,434.3010275,4.934200607,SSH-Patator
80,2477007,4,0,24,0,6.0,0.0,9.689112707,1.614852118,DDoS
80,10982880,5,0,30,0,6.0,0.0,2.731523972,0.455253995,DDoS
80,8561260,6,0,36,0,6.0,0.0,4.204988518,0.70083142,DDoS
22,11350348,21,32,2008,2745,95.61904762,85.78125,418.7536805,4.669460355,SSH-Patator
443,115337464,20,15,1078,2503,53.9,166.8666667,31.04802096,0.30345734,BENIGN
8021,14,1,1,0,6,0.0,6.0,428571.4286,142857.1429,PortScan
21,217,2,1,14,0,7.0,0.0,64516.12903,13824.88479,FTP-Patator
22,11342833,19,31,2008,2745,105.6842105,88.5483871,419.0311186,4.408069836,SSH-Patator
21,239,2,1,14,0,7.0,0.0,58577.40586,12552.30126,FTP-Patator
22,69,1,1,0,0,0.0,0.0,0.0,28985.50725,SSH-Patator
56519,87324,5,2,11601,26,2320.2,13.0,133147.8173,80.16123861,BENIGN
55492,4,2,0,31,0,15.5,0.0,7750000.0,500000.0,BENIGN
22,13278112,22,32,2008,2745,91.27272727,85.78125,357.9575169,4.066843238,SSH-Patator
3001,37,1,1,2,6,2.0,6.0,216216.2162,54054.05405,PortScan
1199,49,1,1,2,6,2.0,6.0,163265.3061,40816.32653,PortScan
21,268,2,1,14,0,7.0,0.0,52238.80597,11194.02985,FTP-Patator
80,22669,3,5,26,11607,8.666666667,2321.4,513167.7621,352.904848,DDoS
80,88595134,8,6,56,11607,7.0,1934.5,131.6437989,0.158022223,DDoS
22,81,1,1,0,0,0.0,0.0,0.0,24691.35802,SSH-Patator
62241,10044751,1,6,6,36,6.0,6.0,4.181288317,0.696881386,BENIGN
80,1321174,3,4,26,11601,8.666666667,2900.25,8800.506216,5.298318011,DDoS
21,4,2,0,14,0,7.0,0.0,3500000.0,500000.0,FTP-Patator
53,8041238,10,2,450,90,45.0,45.0,67.15383875,1.492307528,BENIGN
1087,80,1,1,0,6,0.0,6.0,75000.0,25000.0,PortScan
22,13679726,19,31,2008,2745,105.6842105,88.5483871,347.4484796,3.655043968,SSH-Patator
80,1798999,3,5,26,11607,8.666666667,2321.4,6466.3738,4.446917425,DDoS
21,8905969,9,15,105,188,11.66666667,12.53333333,32.89928362,2.694821866,FTP-Patator
80,3022356,4,0,24,0,6.0,0.0,7.940824972,1.323470829,DDoS
80,11550465,5,0,30,0,6.0,0.0,2.597298031,0.432883005,DDoS
21,238,2,1,14,0,7.0,0.0,58823.52941,12605.04202,FTP-Patator
648,41,1,1,2,6,2.0,6.0,195121.9512,48780.4878,PortScan
53,263,2,2,54,86,27.0,43.0,532319.3916,15209.12548,BENIGN
53,164,2,2,54,86,27.0,43.0,853658.5366,24390.2439,BENIGN
22,13132831,20,33,2008,2745,100.4,83.18181818,361.9173962,4.035687355,SSH-Patator
80,104269,3,7,26,11601,8.666666667,1657.285714,111509.6529,95.90578216,DDoS
21,229,2,1,14,0,7.0,0.0,61135.37118,13100.43668,FTP-Patator
21,8386675,9,15,108,188,12.0,12.53333333,35.29408258,2.861682371,FTP-Patator
80,80587386,8,6,56,11607,7.0,1934.5,144.7248829,0.173724459,DDoS
22,65,1,1,0,0,0.0,0.0,0.0,30769.23077,SSH-Patator
53,169,2,2,46,46,23.0,23.0,544378.6982,23668.63905,BENIGN
22,12836305,21,32,2008,2745,95.61904762,85.78125,370.2778954,4.128914045,SSH-Patator
21,3,2,0,14,0,7.0,0.0,4666666.667,666666.6667,FTP-Patator
1033,43,1,1,2,6,2.0,6.0,186046.5116,46511.62791,PortScan
80,73349483,8,5,56,11607,7.0,2321.4,159.0058924,0.177233696,DDoS
59706,66,1,1,0,0,0.0,0.0,0.0,30303.0303,BENIGN
8022,92,1,1,0,6,0.0,6.0,65217.3913,21739.13043,PortScan
21,9362548,9,15,108,188,12.0,12.53333333,31.61532523,2.563404748,FTP-Patator
80,1766590,3,5,26,11607,8.666666667,2321.4,6585.002745,4.528498407,DDoS
22,12344555,21,32,2008,2745,95.61904762,85.78125,385.0280549,4.293390892,SSH-Patator
53,173293,1,1,44,236,44.0,236.0,1615.76059,11.54114707,BENIGN
60979,9415958,1,6,6,36,6.0,6.0,4.460512674,0.743418779,BENIGN
80,876888,3,5,26,11601,8.666666667,2320.2,13259.39002,9.123171944,DDoS
2998,53,1,1,0,6,0.0,6.0,113207.5472,37735.84906,PortScan
22,10532815,21,32,2008,2745,95.61904762,85.78125,451.256383,5.031893183,SSH-Patator
53483,70940910,7,9,11607,62,1658.142857,6.888888889,164.4890092,0.225539819,BENIGN
80,7761802,5,0,30,0,6.0,0.0,3.865081846,0.644180308,DDoS
21,259,2,1,14,0,7.0,0.0,54054.05405,11583.01158,FTP-Patator
80,645596,3,4,26,11607,8.666666667,2901.75,18019.00879,10.84269419,DDoS
53,53147,1,1,47,63,47.0,63.0,2069.731123,37.63147497,BENIGN
21,9779290,9,15,105,188,11.66666667,12.53333333,29.96127531,2.454165895,FTP-Patator
80,89422344,8,5,56,11601,7.0,2320.2,130.3589179,0.145377536,DDoS
21,223,2,1,14,0,7.0,0.0,62780.26906,13452.9148,FTP-Patator
80,758773,3,4,26,11601,8.666666667,2900.25,15323.42347,9.225420514,DDoS
80,3819281,3,4,425,2265,141.6666667,566.25,704.3210489,1.832805703,BENIGN
53,165288,1,1,45,170,45.0,170.0,1300.759886,12.10009196,BENIGN
21,261,2,1,14,0,7.0,0.0,53639.84674,11494.25287,FTP-Patator
21,9190515,9,15,104,188,11.55555556,12.53333333,31.77188656,2.611387936,FTP-Patator
0,117845238,292,0,0,0,0.0,0.0,0.0,2.477826045,BENIGN
22,49,1,1,0,0,0.0,0.0,0.0,40816.32653,SSH-Patator
32776,44,1,1,0,6,0.0,6.0,136363.6364,45454.54545,PortScan
53,211,2,2,60,264,30.0,132.0,1535545.024,18957.34597,BENIGN
53,48137,1,1,47,63,47.0,63.0,2285.144483,41.54808152,BENIGN
53,23962,2,2,66,276,33.0,138.0,14272.59828,166.930974,BENIGN
80,43127,3,4,26,11601,8.666666667,2900.25,269599.0911,162.3113131,DDoS
80,867956,3,5,26,11607,8.666666667,2321.4,13402.75313,9.217057086,DDoS
21,48,2,0,14,0,7.0,0.0,291666.6667,41666.66667,FTP-Patator
407,66,1,1,2,6,2.0,6.0,121212.1212,30303.0303,PortScan
22,169,1,1,0,0,0.0,0.0,0.0,11834.31953,BENIGN
21,8918591,9,15,104,188,11.55555556,12.53333333,32.7405977,2.69100803,FTP-Patator
21,8713152,9,15,106,188,11.77777778,12.53333333,33.74209471,2.754456711,FTP-Patator
80,8138037,4,0,24,0,6.0,0.0,2.949114141,0.491519024,DDoS
21,10103653,9,15,104,188,11.55555556,12.53333333,28.90043829,2.375378489,FTP-Patator
53,171,2,2,46,46,23.0,23.0,538011.6959,23391.81287,BENIGN
21,211,2,1,14,0,7.0,0.0,66350.7109,14218.00948,FTP-Patator
53,230,2,2,132,388,66.0,194.0,2260869.565,17391.30435,BENIGN
22,55,1,1,0,0,0.0,0.0,0.0,36363.63636,SSH-Patator
51438,438080,5,2,11601,26,2320.2,13.0,26540.81446,15.97881665,BENIGN
21,9164981,9,15,110,188,12.22222222,12.53333333,32.51507013,2.618663367,FTP-Patator
7106,44,1,1,2,6,2.0,6.0,181818.1818,45454.54545,PortScan
80,7003403,4,0,24,0,6.0,0.0,3.426905463,0.57115091,DDoS
62891,81839944,6,9,12982,56,2163.666667,6.222222222,159.3109595,0.183284583,BENIGN
53,115816257,3,3,150,354,50.0,118.0,4.351720674,0.051806199,BENIGN
21,213,2,1,14,0,7.0,0.0,65727.69953,14084.50704,FTP-Patator
80,127,2,0,12,0,6.0,0.0,94488.18898,15748.0315,BENIGN
80,23645,1,1,0,0,0.0,0.0,0.0,84.58447875,BENIGN
80,985458,3,4,431,2267,143.6666667,566.75,2737.813281,7.103296132,BENIGN
80,2264128,5,0,30,0,6.0,0.0,13.25013427,2.208355711,DDoS
80,2012546,5,0,30,0,6.0,0.0,14.90649158,2.484415263,DDoS
524,44,1,1,2,6,2.0,6.0,181818.1818,45454.54545,PortScan
53,76140,1,1,44,140,44.0,140.0,2416.600998,26.26740215,BENIGN
22,40626,2,0,0,0,0.0,0.0,0.0,49.22955743,SSH-Patator
10002,49,1,1,0,6,0.0,6.0,122448.9796,40816.32653,PortScan
80,35243,3,4,26,11601,8.666666667,2900.25,329909.4856,198.6210028,DDoS
80,9266972,4,0,24,0,6.0,0.0,2.589842723,0.431640454,DDoS
21,212,2,1,14,0,7.0,0.0,66037.73585,14150.9434,FTP-Patator
1026,54,1,1,0,6,0.0,6.0,111111.1111,37037.03704,PortScan
80,1051000,4,0,24,0,6.0,0.0,22.83539486,3.805899144,DDoS
27000,58,1,1,2,6,2.0,6.0,137931.0345,34482.75862,PortScan
22,13793489,23,32,2008,2745,87.30434783,85.78125,344.582868,3.987388543,SSH-Patator
53,248,2,2,102,438,51.0,219.0,2177419.355,16129.03226,BENIGN
58460,3,2,0,0,0,0.0,0.0,0.0,666666.6667,BENIGN
2047,27,1,1,2,6,2.0,6.0,296296.2963,74074.07407,PortScan
80,81,2,0,12,0,6.0,0.0,148148.1481,24691.35802,BENIGN
22,75,1,1,0,0,0.0,0.0,0.0,26666.66667,SSH-Patator
80,78530318,8,4,56,11601,7.0,2900.25,148.4394855,0.152807225,DDoS
2160,74,1,1,2,6,2.0,6.0,108108.1081,27027.02703,PortScan
22,11948623,19,31,2008,2745,105.6842105,88.5483871,397.7864228,4.184582608,SSH-Patator
53,171,2,2,66,386,33.0,193.0,2643274.854,23391.81287,BENIGN
80,10942551,4,0,24,0,6.0,0.0,2.193272848,0.365545475,DDoS
41601,11810476,1,5,6,30,6.0,6.0,3.048141328,0.508023555,BENIGN
21,9348824,9,15,101,188,11.22222222,12.53333333,30.912979,2.567167806,FTP-Patator
22,84,1,1,0,0,0.0,0.0,0.0,23809.52381,SSH-Patator
21,9255928,9,15,112,188,12.44444444,12.53333333,32.41166094,2.592932875,FTP-Patator
1244,44,1,1,0,6,0.0,6.0,136363.6364,45454.54545,PortScan
53,354078,1,1,47,106,47.0,106.0,432.1081796,5.648472935,BENIGN
80,13473,2,0,12,0,6.0,0.0,890.6702293,148.4450382,BENIGN
21,9097833,9,15,99,188,11.0,12.53333333,31.54597364,2.637990827,FTP-Patator
53,191,2,2,70,166,35.0,83.0,1235602.094,20942.40838,BENIGN
21,3,2,0,14,0,7.0,0.0,4666666.667,666666.6667,FTP-Patator
22,1112,2,2,0,0,0.0,0.0,0.0,3597.122302,SSH-Patator
53,30270,1,1,56,72,56.0,72.0,4228.609184,66.0720185,BENIGN
2179,80,1,1,2,6,2.0,6.0,100000.0,25000.0,PortScan
22,12634361,21,32,2008,2745,95.61904762,85.78125,376.196311,4.194909422,SSH-Patator
80,97868604,8,6,56,11607,7.0,1934.5,119.1699843,0.143048939,DDoS
80,9933713,5,0,30,0,6.0,0.0,3.020018799,0.503336466,DDoS
58355,983505,7,2,11607,26,1658.142857,13.0,11828.10459,9.150944835,BENIGN
443,34900,1,1,6,6,6.0,6.0,343.8395415,57.30659026,BENIGN
22,11757563,19,31,2008,2745,105.6842105,88.5483871,404.2504386,4.252581934,SSH-Patator
53,24177,2,2,60,264,30.0,132.0,13401.1664,165.4464987,BENIGN
55005,90147027,6,9,12976,56,2162.666667,6.222222222,144.5638357,0.166394839,BENIGN
2040,48,1,1,2,6,2.0,6.0,166666.6667,41666.66667,PortScan
443,5458090,9,7,378,5046,42.0,720.8571429,993.7542254,2.931428393,BENIGN
80,73711431,8,5,56,11601,7.0,2320.2,158.1437213,0.176363419,DDoS
22,134,1,1,0,0,0.0,0.0,0.0,14925.37313,SSH-Patator
21,8700630,9,15,108,188,12.0,12.53333333,34.02052495,2.758420942,FTP-Patator
22,79,1,1,0,0,0.0,0.0,0.0,25316.4557,SSH-Patator
80,1152797,3,4,26,11607,8.666666667,2901.75,10091.10884,6.072187905,DDoS
80,16961629,19,20,1971,27608,103.7368421,1380.4,1743.877313,2.299307454,BENIGN
53,30703,2,2,86,148,43.0,74.0,7621.405074,130.2804286,BENIGN
22,70,1,1,0,0,0.0,0.0,0.0,28571.42857,SSH-Patator
21,8821456,9,15,108,188,12.0,12.53333333,33.55455154,2.720639314,FTP-Patator
22,11924955,23,32,2008,2745,87.30434783,85.78125,398.5759275,4.612176734,SSH-Patator
80,1261935,3,6,26,11601,8.666666667,1933.5,9213.628277,7.131904575,DDoS
22,11914515,23,32,2008,2745,87.30434783,85.78125,398.9251766,4.616218117,SSH-Patator
22,45,1,1,0,0,0.0,0.0,0.0,44444.44444,SSH-Patator
18988,55,1,1,0,6,0.0,6.0,109090.9091,36363.63636,PortScan
21,259,2,1,14,0,7.0,0.0,54054.05405,11583.01158,FTP-Patator
55600,64,1,1,0,6,0.0,6.0,93750.0,31250.0,PortScan
80,10045772,4,0,24,0,6.0,0.0,2.389064773,0.398177462,DDoS
123,61134,1,1,48,48,48.0,48.0,1570.320934,32.71501947,BENIGN
22,13518120,21,32,2008,2745,95.61904762,85.78125,351.6021459,3.920663524,SSH-Patator
22,12234525,21,32,2008,2745,95.61904762,85.78125,388.4907669,4.332003081,SSH-Patator
21,3,2,0,14,0,7.0,0.0,4666666.667,666666.6667,FTP-Patator
21,8942158,9,15,102,188,11.33333333,12.53333333,32.43065041,2.683915896,FTP-Patator
21,225,2,1,14,0,7.0,0.0,62222.22222,13333.33333,FTP-Patator
22,11729320,23,31,2008,2745,87.30434783,88.5483871,405.2238322,4.603847452,SSH-Patator
56106,2061449,1,5,6,30,6.0,6.0,17.4634444,2.910574067,BENIGN
22,11790833,21,32,2008,2745,95.61904762,85.78125,403.1097718,4.495017443,SSH-Patator
22,82,1,1,0,0,0.0,0.0,0.0,24390.2439,SSH-Patator
22,12171133,19,31,2008,2745,105.6842105,88.5483871,390.5141781,4.108080981,SSH-Patator
5666,54,1,1,0,6,0.0,6.0,111111.1111,37037.03704,PortScan
53,179,2,2,74,154,37.0,77.0,1273743.017,22346.36872,BENIGN
53,46474,1,1,53,166,53.0,166.0,4712.312261,43.03481517,BENIGN
9220,45,1,1,0,6,0.0,6.0,133333.3333,44444.44444,PortScan
53784,67,1,1,0,0,0.0,0.0,0.0,29850.74627,BENIGN
2718,48,1,1,0,6,0.0,6.0,125000.0,41666.66667,PortScan
21,245,2,1,14,0,7.0,0.0,57142.85714,12244.89796,FTP-Patator
53,3368575,2,2,93,174,46.5,87.0,79.26200248,1.18744573,BENIGN
21,192,2,2,14,0,7.0,0.0,72916.66667,20833.33333,FTP-Patator
2288,43,1,1,0,6,0.0,6.0,139534.8837,46511.62791,PortScan
80,859447,4,0,24,0,6.0,0.0,27.92493313,4.654155521,DDoS
53,204,2,2,88,188,44.0,94.0,1352941.176,19607.84314,BENIGN
587,20,1,1,2,6,2.0,6.0,400000.0,100000.0,PortScan
80,1250562,3,6,26,11607,8.666666667,1934.5,9302.217723,7.196764335,DDoS
21,8618212,9,15,107,188,11.88888889,12.53333333,34.22983793,2.784800374,FTP-Patator
21,9428343,9,15,105,188,11.66666667,12.53333333,31.07651047,2.545516216,FTP-Patator
53,221286,1,1,73,125,73.0,125.0,894.7696646,9.03807742,BENIGN
21,9406060,9,15,104,188,11.55555556,12.53333333,31.04381643,2.551546556,FTP-Patator
22,12885513,20,33,2008,2745,100.4,83.18181818,368.8638551,4.113146291,SSH-Patator
80,222238,3,5,26,11601,8.666666667,2320.2,52317.78544,35.99744418,DDoS
443,11657889,14,14,997,7908,71.21428571,564.8571429,763.860421,2.401807051,BENIGN
80,523178,3,5,26,11607,8.666666667,2321.4,22235.26219,15.29116285,DDoS
80,6018677,4,0,24,0,6.0,0.0,3.987587305,0.664597884,DDoS
53,61129,2,2,76,76,38.0,38.0,2486.544848,65.43539073,BENIGN
80,810361,3,4,26,11601,8.666666667,2900.25,14347.92642,8.638125477,DDoS
21,223,2,1,14,0,7.0,0.0,62780.26906,13452.9148,FTP-Patator
22,12173185,22,32,2008,2745,91.27272727,85.78125,390.4483502,4.435979573,SSH-Patator
50625,1,2,0,0,0,0.0,0.0,0.0,2000000.0,BENIGN
5950,57,1,1,2,6,2.0,6.0,140350.8772,35087.7193,PortScan
443,62976077,7,2,169,92,24.14285714,46.0,4.144430908,0.142911411,BENIGN
53,23540,2,2,68,158,34.0,79.0,9600.679694,169.9235344,BENIGN
443,4,2,0,53,0,26.5,0.0,13300000.0,500000.0,BENIGN
21,8524779,9,15,103,188,11.44444444,12.53333333,34.13578229,2.815322251,FTP-Patator
21,48,2,0,14,0,7.0,0.0,291666.6667,41666.66667,FTP-Patator
80,7983803,4,0,24,0,6.0,0.0,3.006086197,0.501014366,DDoS
22,12064740,21,31,2008,2745,95.61904762,88.5483871,393.9579303,4.310080449,SSH-Patator
53,154,2,2,76,132,38.0,66.0,1350649.351,25974.02597,BENIGN
42045,7114116,1,5,6,30,6.0,6.0,5.060361681,0.843393613,BENIGN
80,2037950,5,0,30,0,6.0,0.0,14.72067519,2.453445865,DDoS
21,8125529,9,15,102,188,11.33333333,12.53333333,35.689984,2.953653848,FTP-Patator
21,16,2,0,14,0,7.0,0.0,875000.0,125000.0,FTP-Patator
80,6351026,6,6,852,1084,142.0,180.6666667,304.8326365,1.889458491,BENIGN
80,10407781,5,0,30,0,6.0,0.0,2.882458807,0.480409801,DDoS
53,60014,2,2,64,256,32.0,128.0,5332.089179,66.65111474,BENIGN
21,3,2,0,14,0,7.0,0.0,4666666.667,666666.6667,FTP-Patator
4998,49,1,1,0,6,0.0,6.0,122448.9796,40816.32653,PortScan
5911,44,1,1,0,6,0.0,6.0,136363.6364,45454.54545,PortScan
61226,91181,6,3,11607,26,1934.5,8.666666667,127581.404,98.70477402,BENIGN
21,238,2,1,14,0,7.0,0.0,58823.52941,12605.04202,FTP-Patator
80,754283,3,5,26,11607,8.666666667,2321.4,15422.59338,10.60609877,DDoS
21,8276727,9,15,101,188,11.22222222,12.53333333,34.91718405,2.899696945,FTP-Patator
22,12117967,20,33,2008,2745,100.4,83.18181818,392.2275081,4.37367093,SSH-Patator
53,48240,1,1,58,107,58.0,107.0,3420.39801,41.45936982,BENIGN
21,9398549,9,15,106,188,11.77777778,12.53333333,31.2814244,2.553585665,FTP-Patator
80,1256983,5,0,30,0,6.0,0.0,23.86667123,3.977778538,DDoS
443,115235259,20,16,1341,1092,67.05,68.25,21.11332956,0.312404383,BENIGN
21,8276575,9,15,110,188,12.22222222,12.53333333,36.00523163,2.899750199,FTP-Patator
80,51158,3,4,26,11607,8.666666667,2901.75,227393.565,136.8309942,DDoS
53,180,2,2,102,134,51.0,67.0,1311111.111,22222.22222,BENIGN
53,211,2,2,48,112,24.0,56.0,758293.8389,18957.34597,BENIGN
22,11693529,21,32,2008,2745,95.61904762,85.78125,406.4641222,4.532421308,SSH-Patator
22,100,1,1,0,0,0.0,0.0,0.0,20000.0,SSH-Patator
22,79,1,1,0,0,0.0,0.0,0.0,25316.4557,SSH-Patator
21,8986511,9,15,100,188,11.11111111,12.53333333,32.04803288,2.670669407,FTP-Patator
80,12163706,5,0,30,0,6.0,0.0,2.466353593,0.411058932,DDoS
80,71744267,8,6,56,11601,7.0,1933.5,162.4798815,0.195137543,DDoS
443,142461,53,61,1349,110185,25.45283019,1806.311475,782909.0067,800.2190073,BENIGN
22,77,1,1,0,0,0.0,0.0,0.0,25974.02597,SSH-Patator
80,1262399,3,5,26,11601,8.666666667,2320.2,9210.24177,6.337140635,DDoS
21,243,2,1,14,0,7.0,0.0,57613.16872,12345.67901,FTP-Patator
9,51,1,1,0,6,0.0,6.0,117647.0588,39215.68627,PortScan
53,218,2,2,64,120,32.0,60.0,844036.6972,18348.62385,BENIGN
53,98685818,2,2,118,268,59.0,134.0,3.911402954,0.040532673,BENIGN
9001,43,1,1,2,6,2.0,6.0,186046.5116,46511.62791,PortScan
80,944054,3,5,26,11601,8.666666667,2320.2,12316.03277,8.474091524,DDoS
21,10280241,9,15,97,188,10.77777778,12.53333333,27.72308548,2.334575619,FTP-Patator
443,5625360,10,7,355,4810,35.5,687.1428571,918.1634598,3.022028812,BENIGN
80,574178,3,6,26,11607,8.666666667,1934.5,20260.26772,15.67458175,DDoS
21,9157093,9,15,104,188,11.55555556,12.53333333,31.88784912,2.620919106,FTP-Patator
80,80117401,8,6,56,11601,7.0,1933.5,145.4989784,0.174743562,DDoS
80,117816556,20,16,1292,2238,64.6,139.875,29.96183321,0.305559772,BENIGN
22,13658531,21,32,2008,2745,95.61904762,85.78125,347.9876423,3.88035873,SSH-Patator
22,11777823,22,32,2008,2745,91.27272727,85.78125,403.5550543,4.584888056,SSH-Patator
80,77161,4,5,1690,309,422.5,61.8,25906.87005,116.6392348,BENIGN
53,162,2,2,80,112,40.0,56.0,1185185.185,24691.35802,BENIGN
21,257,2,1,14,0,7.0,0.0,54474.70817,11673.15175,FTP-Patator
56737,74,1,1,0,6,0.0,6.0,81081.08108,27027.02703,PortScan
50710,64234,1,6,1375,30,1375.0,5.0,21873.15129,108.9765545,BENIGN
53,232758,2,2,80,284,40.0,142.0,1563.856022,17.18523101,BENIGN
55965,68,1,1,0,0,0.0,0.0,0.0,29411.76471,BENIGN
21,8255803,9,15,108,188,12.0,12.53333333,35.8535687,2.90704611,FTP-Patator
53,199,2,2,84,204,42.0,102.0,1447236.181,20100.50251,BENIGN
53,191,2,2,88,344,44.0,172.0,2261780.105,20942.40838,BENIGN
80,50,2,0,12,0,6.0,0.0,240000.0,40000.0,BENIGN
80,6083515,4,0,24,0,6.0,0.0,3.945087667,0.657514611,DDoS
53,173,2,2,46,46,23.0,23.0,531791.9075,23121.38728,BENIGN
53,40563,4,4,172,396,43.0,99.0,14002.90906,197.2240712,BENIGN
80,615089,3,4,26,11601,8.666666667,2900.25,18902.95551,11.38046689,DDoS
443,158839,25,43,871,64624,34.84,1502.883721,412335.7614,428.1064474,BENIGN
53,244,2,2,64,204,32.0,102.0,1098360.656,16393.44262,BENIGN
21,9026670,9,15,105,188,11.66666667,12.53333333,32.45936763,2.658787792,FTP-Patator
80,41,2,1,12,6,6.0,6.0,439024.3902,73170.73171,DDoS
1024,44,1,1,0,6,0.0,6.0,136363.6364,45454.54545,PortScan
21,205,2,1,14,0,7.0,0.0,68292.68293,14634.14634,FTP-Patator
22,11777314,22,32,2008,2745,91.27272727,85.78125,403.5724954,4.585086209,SSH-Patator
80,5450884,3,1,12,0,4.0,0.0,2.201477779,0.733825926,BENIGN
1198,10,1,1,2,6,2.0,6.0,800000.0,200000.0,PortScan
53,84570,2,2,60,264,30.0,132.0,3831.145796,47.29809625,BENIGN
22,77,1,1,0,0,0.0,0.0,0.0,25974.02597,SSH-Patator
21,48,2,0,14,0,7.0,0.0,291666.6667,41666.66667,FTP-Patator
1300,40,1,1,0,6,0.0,6.0,150000.0,50000.0,PortScan
5952,49,1,1,2,6,2.0,6.0,163265.3061,40816.32653,PortScan
21,267,2,2,14,0,7.0,0.0,52434.45693,14981.27341,FTP-Patator
21,228,2,1,14,0,7.0,0.0,61403.50877,13157.89474,FTP-Patator
22,19481960,31,40,2440,3001,78.70967742,75.025,279.2840145,3.644397176,SSH-Patator
1086,88,1,1,2,6,2.0,6.0,90909.09091,22727.27273,PortScan
21,1,1,1,14,0,14.0,0.0,14000000.0,2000000.0,FTP-Patator
21,8848474,9,15,107,188,11.88888889,12.53333333,33.33908197,2.712332093,FTP-Patator
21,212,2,1,14,0,7.0,0.0,66037.73585,14150.9434,FTP-Patator
21,225,2,0,14,0,7.0,0.0,62222.22222,8888.888889,FTP-Patator
443,10112055,11,9,3636,5857,330.5454545,650.7777778,938.7804952,1.977837344,BENIGN
21,4,2,0,14,0,7.0,0.0,3500000.0,500000.0,FTP-Patator
80,81744925,8,4,56,11601,7.0,2900.25,142.6021248,0.146798104,DDoS
21,281,2,1,14,0,7.0,0.0,49822.06406,10676.15658,FTP-Patator
443,425,3,0,43,0,14.33333333,0.0,101176.4706,7058.823529,BENIGN
80,8032160,8,4,56,11607,7.0,2901.75,1452.037808,1.493994144,DDoS
21,257,2,1,14,0,7.0,0.0,54474.70817,11673.15175,FTP-Patator
22,107,1,1,0,0,0.0,0.0,0.0,18691.58879,SSH-Patator
53,152,2,2,60,116,30.0,58.0,1157894.737,26315.78947,BENIGN
21,3,2,0,14,0,7.0,0.0,4666666.667,666666.6667,FTP-Patator
22,12647131,21,32,2008,2745,95.61904762,85.78125,375.8164599,4.190673758,SSH-Patator
80,7165823,5,0,30,0,6.0,0.0,4.186539355,0.697756559,DDoS
2702,49,1,1,2,6,2.0,6.0,163265.3061,40816.32653,PortScan
80,5236899,4,0,24,0,6.0,0.0,4.582864783,0.763810797,DDoS
21,9638712,9,15,118,188,13.11111111,12.53333333,31.7469803,2.489959239,FTP-Patator
53,206,2,2,78,252,39.0,126.0,1601941.748,19417.47573,BENIGN
22,11836562,21,32,2008,2745,95.61904762,85.78125,401.5524102,4.477651534,SSH-Patator
57356,2246,3,1,31,0,10.33333333,0.0,13802.31523,1780.9439,BENIGN
22,42,1,1,0,0,0.0,0.0,0.0,47619.04762,SSH-Patator
80,985740,3,5,26,11607,8.666666667,2321.4,11801.28634,8.115730314,DDoS
22,79,1,1,0,0,0.0,0.0,0.0,25316.4557,SSH-Patator
80,1306897,3,4,26,11601,8.666666667,2900.25,8896.646025,5.35619869,DDoS
80,3261522,4,0,24,0,6.0,0.0,7.358527706,1.226421284,DDoS
21,240,2,1,14,0,7.0,0.0,58333.33333,12500.0,FTP-Patator
53,123,2,2,88,188,44.0,94.0,2243902.439,32520.3252,BENIGN
53,243,2,2,84,310,42.0,155.0,1621399.177,16460.90535,BENIGN
21,9374177,9,15,107,188,11.88888889,12.53333333,31.46942926,2.560224754,FTP-Patator
443,83233,3,1,43,6,14.33333333,6.0,588.7088054,48.05786167,BENIGN
22,11914368,19,31,2008,2745,105.6842105,88.5483871,398.9300985,4.196613702,SSH-Patator
3551,11,1,1,0,6,0.0,6.0,545454.5455,181818.1818,PortScan
80,5632377,4,0,24,0,6.0,0.0,4.261078404,0.710179734,DDoS
53,220,2,2,68,236,34.0,118.0,1381818.182,18181.81818,BENIGN
22,11832937,21,32,2008,2745,95.61904762,85.78125,401.6754251,4.479023255,SSH-Patator
80,654665,3,6,26,11607,8.666666667,1934.5,17769.39351,13.74748917,DDoS
9523,5,3,0,18,0,6.0,0.0,3600000.0,600000.0,BENIGN
21,8601971,9,15,99,188,11.0,12.53333333,33.36444636,2.790058232,FTP-Patator
22,100,1,1,0,0,0.0,0.0,0.0,20000.0,SSH-Patator
22,94,1,1,0,0,0.0,0.0,0.0,21276.59574,SSH-Patator
53,206,2,2,84,116,42.0,58.0,970873.7864,19417.47573,BENIGN
443,118183393,16,15,854,6905,53.375,460.3333333,65.65220208,0.262304197,BENIGN
21,9012528,9,15,103,188,11.44444444,12.53333333,32.2883879,2.662959827,FTP-Patator
22,105,1,1,0,0,0.0,0.0,0.0,19047.61905,SSH-Patator
22,13371382,21,31,2008,2745,95.61904762,88.5483871,355.4606397,3.888902434,SSH-Patator
49153,49,1,1,0,6,0.0,6.0,122448.9796,40816.32653,PortScan
2179,51,1,1,0,6,0.0,6.0,117647.0588,39215.68627,PortScan
22,85,1,1,0,0,0.0,0.0,0.0,23529.41176,SSH-Patator
22,78,1,1,0,0,0.0,0.0,0.0,25641.02564,SSH-Patator
22,12969066,21,32,2008,2745,95.61904762,85.78125,366.4874556,4.086647412,SSH-Patator
80,88693352,8,6,56,11601,7.0,1933.5,131.4303692,0.157847231,DDoS
21,8835083,9,15,100,188,11.11111111,12.53333333,32.59731686,2.716443071,FTP-Patator
16018,49,1,1,2,6,2.0,6.0,163265.3061,40816.32653,PortScan
22,12574630,21,32,2008,2745,95.61904762,85.78125,377.9832886,4.214835745,SSH-Patator
22,13344180,21,32,2008,2745,95.61904762,85.78125,356.1852433,3.971768966,SSH-Patator
80,11084799,5,0,30,0,6.0,0.0,2.70640902,0.45106817,DDoS
80,624298,3,6,26,11601,8.666666667,1933.5,18624.11861,14.41619227,DDoS
1272,26,1,1,2,6,2.0,6.0,307692.3077,76923.07692,PortScan
80,784308,3,6,26,11607,8.666666667,1934.5,14832.18327,11.47508377,DDoS
22,38,1,1,0,0,0.0,0.0,0.0,52631.57895,SSH-Patator
1183,43,1,1,2,6,2.0,6.0,186046.5116,46511.62791,PortScan
22,80,1,1,0,0,0.0,0.0,0.0,25000.0,SSH-Patator
80,5531230,6,6,1269,1011,211.5,168.5,412.2048803,2.16949937,BENIGN
1163,35,1,1,0,6,0.0,6.0,171428.5714,57142.85714,PortScan
21,8871010,9,15,103,188,11.44444444,12.53333333,32.8034801,2.705441658,FTP-Patator
53,71845,1,1,58,248,58.0,248.0,4259.169044,27.83770617,BENIGN
22,96,1,1,0,0,0.0,0.0,0.0,20833.33333,SSH-Patator
21,3,2,0,14,0,7.0,0.0,4666666.667,666666.6667,FTP-Patator
1113,21,1,1,0,6,0.0,6.0,285714.2857,95238.09524,PortScan
22015,10039111,1,6,6,36,6.0,6.0,4.183637376,0.697272896,BENIGN
21,247,2,1,14,0,7.0,0.0,56680.16194,12145.74899,FTP-Patator
1049,46,1,1,2,6,2.0,6.0,173913.0435,43478.26087,PortScan
22,11659241,22,33,2008,2745,91.27272727,83.18181818,407.6594694,4.717288201,SSH-Patator
22,104,1,1,0,0,0.0,0.0,0.0,19230.76923,SSH-Patator
80,6313943,5,0,30,0,6.0,0.0,4.751389108,0.791898185,DDoS
22,12530637,22,33,2008,2745,91.27272727,83.18181818,379.3103256,4.389242143,SSH-Patator
21,239,2,1,14,0,7.0,0.0,58577.40586,12552.30126,FTP-Patator
21,9506892,9,15,101,188,11.22222222,12.53333333,30.39899896,2.524484343,FTP-Patator
1999,44,1,1,0,6,0.0,6.0,136363.6364,45454.54545,PortScan
3283,89,1,1,0,6,0.0,6.0,67415.73034,22471.91011,PortScan
22,12068143,21,32,2008,2745,95.61904762,85.78125,393.8468412,4.391727874,SSH-Patator
22,94,1,1,0,0,0.0,0.0,0.0,21276.59574,SSH-Patator
22,11773913,19,32,2008,2745,105.6842105,85.78125,403.6890709,4.33161006,SSH-Patator
22,1027,3,1,0,0,0.0,0.0,0.0,3894.839338,PortScan
3268,10,1,4,0,0,0.0,0.0,0.0,500000.0,BENIGN
53,31038,1,1,48,108,48.0,108.0,5026.097042,64.43714157,BENIGN
22,22,1,1,0,0,0.0,0.0,0.0,90909.09091,SSH-Patator
80,10109655,5,0,30,0,6.0,0.0,2.967460314,0.494576719,DDoS
22,12680420,24,32,2008,2745,83.66666667,85.78125,374.8298558,4.416257506,SSH-Patator
20031,54,1,1,0,6,0.0,6.0,111111.1111,37037.03704,PortScan
80,3078251,4,4,1381,1443,345.25,360.75,917.4040713,2.598878389,BENIGN
80,76316289,8,6,56,11607,7.0,1934.5,152.8245169,0.183447075,DDoS
21,9535967,9,15,98,188,10.88888889,12.53333333,29.99171453,2.516787233,FTP-Patator
56958,247,1,1,0,0,0.0,0.0,0.0,8097.165992,BENIGN
22,76,1,1,0,0,0.0,0.0,0.0,26315.78947,SSH-Patator
21,4,2,0,14,0,7.0,0.0,3500000.0,500000.0,FTP-Patator
22,11874246,21,32,2008,2745,95.61904762,85.78125,400.2780471,4.4634413,SSH-Patator
80,115302959,16,14,456,979,28.5,69.92857143,12.44547419,0.260184129,BENIGN
22,192,1,1,0,0,0.0,0.0,0.0,10416.66667,SSH-Patator
21,266,2,1,14,0,7.0,0.0,52631.57895,11278.19549,FTP-Patator
80,1287278,3,6,26,11607,8.666666667,1934.5,9036.898013,6.991496786,DDoS
2381,77,1,1,0,6,0.0,6.0,77922.07792,25974.02597,PortScan
60853,98384338,7,9,11613,62,1659.0,6.888888889,118.6672619,0.162627511,BENIGN
53,24710,2,2,76,238,38.0,119.0,12707.40591,161.8777823,BENIGN
137,3,2,0,124,0,62.0,0.0,41300000.0,666666.6667,BENIGN
9407,239,2,1,37,6,18.5,6.0,179916.318,12552.30126,BENIGN
340,62,1,1,2,6,2.0,6.0,129032.2581,32258.06452,PortScan
7921,43,1,1,2,6,2.0,6.0,186046.5116,46511.62791,PortScan
21,8705757,9,15,101,188,11.22222222,12.53333333,33.19642393,2.756796451,FTP-Patator
21,8710693,9,15,93,188,10.33333333,12.53333333,32.25920142,2.755234285,FTP-Patator
53,185,2,2,60,264,30.0,132.0,1751351.351,21621.62162,BENIGN
22,97,1,1,0,0,0.0,0.0,0.0,20618.5567,SSH-Patator
83,80,1,1,2,6,2.0,6.0,100000.0,25000.0,PortScan
80,5586127,3,1,0,0,0.0,0.0,0.0,0.716059624,BENIGN
80,115711251,17,17,407,5718,23.94117647,336.3529412,52.933487,0.293834867,BENIGN
22,22,1,1,0,0,0.0,0.0,0.0,90909.09091,SSH-Patator
555,88,1,1,2,6,2.0,6.0,90909.09091,22727.27273,PortScan
80,498836,3,6,26,11601,8.666666667,1933.5,23308.26163,18.04200178,DDoS
2144,17,1,1,2,6,2.0,6.0,470588.2353,117647.0588,PortScan
21,9696733,9,15,102,188,11.33333333,12.53333333,29.90698001,2.475060415,FTP-Patator
22,83,1,1,0,0,0.0,0.0,0.0,24096.38554,SSH-Patator
22,52,1,1,0,0,0.0,0.0,0.0,38461.53846,SSH-Patator
3828,28,1,1,0,6,0.0,6.0,214285.7143,71428.57143,PortScan
80,6032820,5,0,30,0,6.0,0.0,4.972798791,0.828799798,DDoS
53,232,2,2,78,110,39.0,55.0,810344.8276,17241.37931,BENIGN
22,82,1,1,0,0,0.0,0.0,0.0,24390.2439,SSH-Patator
80,11327690,5,0,30,0,6.0,0.0,2.64837756,0.44139626,DDoS
21,8960688,9,15,106,188,11.77777778,12.53333333,32.80998066,2.678365768,FTP-Patator
22,75,1,1,0,0,0.0,0.0,0.0,26666.66667,SSH-Patator
53,48223,1,1,41,97,41.0,97.0,2861.704996,41.47398544,BENIGN
1718,43,1,1,2,6,2.0,6.0,186046.5116,46511.62791,PortScan
16993,67,1,1,2,6,2.0,6.0,119402.9851,29850.74627,PortScan
8800,49,1,1,2,6,2.0,6.0,163265.3061,40816.32653,PortScan
55231,4,2,0,12,0,6.0,0.0,3000000.0,500000.0,BENIGN
443,60835714,13,12,684,665,52.61538462,55.41666667,22.17447468,0.410942822,BENIGN
54001,22,1,1,6,6,6.0,6.0,545454.5455,90909.09091,BENIGN
56562,1306,2,0,12,0,6.0,0.0,9188.361409,1531.393568,BENIGN
443,209048,11,7,533,4124,48.45454545,589.1428571,22277.18036,86.10462669,BENIGN
80,6143507,8,4,56,11601,7.0,2900.25,1897.45043,1.953281733,DDoS
80,395152,3,5,26,11607,8.666666667,2321.4,29439.30437,20.24537393,DDoS
443,79894180,14,17,3350,4449,239.2857143,261.7058824,97.61662239,0.388013245,BENIGN
5730,58,1,1,2,6,2.0,6.0,137931.0345,34482.75862,PortScan
22,11876445,21,32,2008,2745,95.61904762,85.78125,400.2039331,4.462614865,SSH-Patator
80,3134315,4,0,24,0,6.0,0.0,7.657175491,1.276195915,DDoS
80,603592,3,4,436,872,145.3333333,218.0,2167.026733,11.59723787,BENIGN
22,12413637,21,32,2056,2745,97.9047619,85.78125,386.7520856,4.269498133,SSH-Patator
22,76,1,1,0,0,0.0,0.0,0.0,26315.78947,SSH-Patator
80,7669811,5,0,30,0,6.0,0.0,3.911439278,0.651906546,DDoS
80,4091891,4,0,24,0,6.0,0.0,5.865258874,0.977543146,DDoS
80,4369905,4,0,24,0,6.0,0.0,5.49211024,0.915351707,DDoS
123,16584,1,1,48,48,48.0,48.0,5788.712012,120.5981669,BENIGN
80,72560437,9,5,62,11607,6.888888889,2321.4,160.8176643,0.192942609,DDoS
80,4588876,5,0,30,0,6.0,0.0,6.537548628,1.089591438,DDoS
80,7337820,5,0,30,0,6.0,0.0,4.088407729,0.681401288,DDoS
22,89,1,1,0,0,0.0,0.0,0.0,22471.91011,SSH-Patator
38261,2184208,1,6,6,36,6.0,6.0,19.2289379,3.204822984,BENIGN
4567,47,1,1,0,6,0.0,6.0,127659.5745,42553.19149,PortScan
22,77,1,1,0,0,0.0,0.0,0.0,25974.02597,SSH-Patator
80,786335,3,5,26,11607,8.666666667,2321.4,14793.94914,10.17378089,DDoS
1141,30,1,1,0,6,0.0,6.0,200000.0,66666.66667,PortScan
22,11823588,21,32,2008,2745,95.61904762,85.78125,401.9930329,4.482564853,SSH-Patator
21,8505028,9,15,102,188,11.33333333,12.53333333,34.0974774,2.821860198,FTP-Patator
22,36,1,1,0,0,0.0,0.0,0.0,55555.55556,SSH-Patator
21,3,2,0,14,0,7.0,0.0,4666666.667,666666.6667,FTP-Patator
21,8659046,9,15,99,188,11.0,12.53333333,33.14452885,2.771667918,FTP-Patator
22,12005679,22,33,2008,2745,91.27272727,83.18181818,395.8959756,4.581165297,SSH-Patator
3269,66,1,1,2,6,2.0,6.0,121212.1212,30303.0303,PortScan
443,118040382,17,17,838,13139,49.29411765,772.8823529,118.4086307,0.288037021,BENIGN
22,11367509,22,32,2008,2745,91.27272727,85.78125,418.1215075,4.750381108,SSH-Patator
22,12052409,20,33,2008,2745,100.4,83.18181818,394.3609946,4.397461122,SSH-Patator
443,173,2,0,12,0,6.0,0.0,69364.16185,11560.69364,BENIGN
427,143,1,1,0,6,0.0,6.0,41958.04196,13986.01399,PortScan
21,211,2,1,14,0,7.0,0.0,66350.7109,14218.00948,FTP-Patator
21,9750821,9,15,103,188,11.44444444,12.53333333,29.84364086,2.461331205,FTP-Patator
80,115397432,16,14,588,704,36.75,50.28571429,11.1960897,0.259971123,BENIGN
22,12473400,22,33,2008,2745,91.27272727,83.18181818,381.0508763,4.409383167,SSH-Patator
1100,45,1,1,0,6,0.0,6.0,133333.3333,44444.44444,PortScan
21,3,2,0,14,0,7.0,0.0,4666666.667,666666.6667,FTP-Patator
21571,117624607,2,2,2,12,1.0,6.0,0.119022714,0.03400649,PortScan
22,75,1,1,0,0,0.0,0.0,0.0,26666.66667,SSH-Patator
53,185,2,2,74,154,37.0,77.0,1232432.432,21621.62162,BENIGN
22,1904571,13,11,1128,2009,86.76923077,182.6363636,1647.09008,12.60126296,SSH-Patator
443,10195566,8,9,771,4713,96.375,523.6666667,537.8808788,1.667391492,BENIGN
3784,55,1,1,0,6,0.0,6.0,109090.9091,36363.63636,PortScan
60897,1273325,1,6,6,36,6.0,6.0,32.98450906,5.497418177,BENIGN
22,10942052,19,31,2008,2745,105.6842105,88.5483871,434.3792188,4.569526813,SSH-Patator
4550,54,1,1,2,6,2.0,6.0,148148.1481,37037.03704,PortScan
58672,56,2,1,0,0,0.0,0.0,0.0,53571.42857,BENIGN
80,175681,3,6,26,11607,8.666666667,1934.5,66216.60851,51.22921659,DDoS
80,12056657,4,0,24,0,6.0,0.0,1.990601541,0.331766923,DDoS
1782,44,1,1,2,6,2.0,6.0,181818.1818,45454.54545,PortScan
21,9898712,9,15,101,188,11.22222222,12.53333333,29.19571758,2.424557862,FTP-Patator
21,219,2,1,14,0,7.0,0.0,63926.94064,13698.63014,FTP-Patator
443,6057710,5,1,135,46,27.0,46.0,29.87927781,0.990473298,BENIGN
80,8052853,4,0,24,0,6.0,0.0,2.980310208,0.496718368,DDoS
8194,67,1,1,2,6,2.0,6.0,119402.9851,29850.74627,PortScan
2100,41,1,1,2,6,2.0,6.0,195121.9512,48780.4878,PortScan
443,394476,10,5,1300,655,130.0,131.0,4955.941553,38.025127,BENIGN
53,24334,1,1,48,112,48.0,112.0,6575.162324,82.18952905,BENIGN
22,12093971,21,32,2008,2745,95.61904762,85.78125,393.0057381,4.382348858,SSH-Patator
57664,4,3,0,31,0,10.33333333,0.0,7750000.0,750000.0,BENIGN
21,225,2,1,14,0,7.0,0.0,62222.22222,13333.33333,FTP-Patator
443,191,3,1,0,0,0.0,0.0,0.0,20942.40838,BENIGN
21,8999054,9,15,109,188,12.11111111,12.53333333,33.00346903,2.666946992,FTP-Patator
443,189,2,0,12,0,6.0,0.0,63492.06349,10582.01058,BENIGN
22,95,1,1,0,0,0.0,0.0,0.0,21052.63158,SSH-Patator
80,3808888,4,0,24,0,6.0,0.0,6.301051646,1.050175274,DDoS
2717,71,1,1,2,6,2.0,6.0,112676.0563,28169.01408,PortScan
80,5328272,3,1,12,0,4.0,0.0,2.252137278,0.750712426,BENIGN
80,5870953,4,0,24,0,6.0,0.0,4.087922353,0.681320392,DDoS
21,219,2,1,14,0,7.0,0.0,63926.94064,13698.63014,FTP-Patator
22,13300164,21,32,2008,2745,95.61904762,85.78125,357.3640145,3.984913269,SSH-Patator
53,30486,1,1,53,107,53.0,107.0,5248.3107,65.60388375,BENIGN
443,116495895,45,41,1127,45915,25.04444444,1119.878049,403.80822,0.738223437,BENIGN
80,103057,4,0,24,0,6.0,0.0,232.8808329,38.81347216,DDoS
80,1763478,3,4,26,11601,8.666666667,2900.25,6593.220896,3.969428595,DDoS
80,1216181,3,6,26,11607,8.666666667,1934.5,9565.188076,7.400214277,DDoS
80,9308761,4,0,24,0,6.0,0.0,2.578216371,0.429702728,DDoS
22,50,1,1,0,0,0.0,0.0,0.0,40000.0,SSH-Patator
2910,55,1,1,2,6,2.0,6.0,145454.5455,36363.63636,PortScan
80,75049659,12,13,351,3506,29.25,269.6923077,51.39263857,0.333112773,BENIGN
22,13164342,22,33,2008,2745,91.27272727,83.18181818,361.0510879,4.177952837,SSH-Patator
53,723,1,1,72,129,72.0,129.0,278008.2988,2766.251729,BENIGN
21,9711548,9,15,104,188,11.55555556,12.53333333,30.0672972,2.471284701,FTP-Patator
53,47342,1,1,46,62,46.0,62.0,2281.272443,42.24578598,BENIGN
22,72,1,1,0,0,0.0,0.0,0.0,27777.77778,SSH-Patator
61711,5848670,1,6,6,36,6.0,6.0,7.18111981,1.196853302,BENIGN
22,43,1,1,0,0,0.0,0.0,0.0,46511.62791,SSH-Patator
22,11793124,22,32,2008,2745,91.27272727,85.78125,403.0314614,4.578939389,SSH-Patator
22,87,1,1,0,0,0.0,0.0,0.0,22988.50575,SSH-Patator
3971,41,1,1,0,6,0.0,6.0,146341.4634,48780.4878,PortScan
8008,43,1,1,0,6,0.0,6.0,139534.8837,46511.62791,PortScan
80,30077803,6,6,515,585,85.83333333,97.5,36.57182009,0.39896531,BENIGN
21,247,2,1,14,0,7.0,0.0,56680.16194,12145.74899,FTP-Patator
22,44,1,1,0,0,0.0,0.0,0.0,45454.54545,SSH-Patator
80,8056747,4,0,24,0,6.0,0.0,2.97886976,0.496478293,DDoS
21,9486124,9,15,106,188,11.77777778,12.53333333,30.99263725,2.530011204,FTP-Patator
55388,3,2,0,0,0,0.0,0.0,0.0,666666.6667,BENIGN
21,9129216,9,15,114,188,12.66666667,12.53333333,33.08060626,2.628922352,FTP-Patator
53,187,2,2,66,164,33.0,82.0,1229946.524,21390.37433,BENIGN
5962,43,1,1,0,6,0.0,6.0,139534.8837,46511.62791,PortScan
80,9389777,5,0,30,0,6.0,0.0,3.194964055,0.532494009,DDoS
443,25210,1,1,6,6,6.0,6.0,476.0015867,79.33359778,BENIGN
80,156713,3,5,26,11601,8.666666667,2320.2,74192.95145,51.0487324,DDoS
80,86604,1,1,6,6,6.0,6.0,138.5617293,23.09362154,BENIGN
2033,69,1,1,2,6,2.0,6.0,115942.029,28985.50725,PortScan
21,3,2,0,14,0,7.0,0.0,4666666.667,666666.6667,FTP-Patator
80,12162671,5,0,30,0,6.0,0.0,2.466563471,0.411093912,DDoS
25,75,1,1,0,6,0.0,6.0,80000.0,26666.66667,PortScan
22,11810985,19,31,2008,2745,105.6842105,88.5483871,402.4219826,4.233347176,SSH-Patator
443,32363,2,1,12,6,6.0,6.0,556.1907116,92.69845194,BENIGN
80,749550,3,5,26,11607,8.666666667,2321.4,15519.97865,10.67307051,DDoS
51138,57,1,1,0,0,0.0,0.0,0.0,35087.7193,BENIGN
80,197456,3,5,26,11607,8.666666667,2321.4,58914.39105,40.51535532,DDoS
4045,42,1,1,2,6,2.0,6.0,190476.1905,47619.04762,PortScan
53,96060,1,1,49,344,49.0,344.0,4091.193004,20.82032063,BENIGN
21,9052209,9,15,109,188,12.11111111,12.53333333,32.8096711,2.651286553,FTP-Patator
53,167,2,2,104,136,52.0,68.0,1437125.749,23952.09581,BENIGN
21,9853585,9,15,107,188,11.88888889,12.53333333,29.93834224,2.435661741,FTP-Patator
53,24174,2,2,70,178,35.0,89.0,10258.9559,165.4670307,BENIGN
22,11502932,19,31,2008,2745,105.6842105,88.5483871,413.199,4.346717863,SSH-Patator
64798,8249364,1,5,6,30,6.0,6.0,4.363972786,0.727328798,BENIGN
21,247,2,1,14,0,7.0,0.0,56680.16194,12145.74899,FTP-Patator
21,248,2,1,14,0,7.0,0.0,56451.6129,12096.77419,FTP-Patator
22,12052153,21,32,2008,2745,95.61904762,85.78125,394.3693712,4.397554528,SSH-Patator
21,253,2,1,14,0,7.0,0.0,55335.96838,11857.70751,FTP-Patator
80,2728958,4,0,24,0,6.0,0.0,8.794565545,1.465760924,DDoS
22,12130896,21,32,2008,2745,95.61904762,85.78125,391.8094756,4.369009511,SSH-Patator
22,13620031,19,31,2008,2745,105.6842105,88.5483871,348.9713056,3.671063597,SSH-Patator
21,4,2,0,14,0,7.0,0.0,3500000.0,500000.0,FTP-Patator
80,33851,2,0,12,0,6.0,0.0,354.4946974,59.08244956,BENIGN
53,157,2,2,46,46,23.0,23.0,585987.2611,25477.70701,BENIGN
80,19887001,5,5,448,1780,89.6,356.0,112.0329807,0.502841027,BENIGN
49348,11996924,1,7,6,42,6.0,6.0,4.001025596,0.666837599,BENIGN
1034,86,1,1,0,6,0.0,6.0,69767.44186,23255.81395,PortScan
22,11055161,21,32,2008,2745,95.61904762,85.78125,429.9349417,4.794140945,SSH-Patator
80,55890146,7,6,42,0,6.0,0.0,0.751474151,0.232599142,BENIGN
22,28,1,1,0,0,0.0,0.0,0.0,71428.57143,SSH-Patator
1074,20,1,1,2,6,2.0,6.0,400000.0,100000.0,PortScan
1104,44,1,1,2,6,2.0,6.0,181818.1818,45454.54545,PortScan
22,77,1,1,0,0,0.0,0.0,0.0,25974.02597,SSH-Patator
53,30850,2,2,88,200,44.0,100.0,9335.494327,129.6596434,BENIGN
22,107,1,1,0,0,0.0,0.0,0.0,18691.58879,SSH-Patator
53,208,2,2,64,196,32.0,98.0,1250000.0,19230.76923,BENIGN
21,8785118,9,15,104,188,11.55555556,12.53333333,33.23802822,2.73189273,FTP-Patator
1080,21,1,1,0,6,0.0,6.0,285714.2857,95238.09524,PortScan
21,3,2,0,14,0,7.0,0.0,4666666.667,666666.6667,FTP-Patator
21,9140837,9,15,114,188,12.66666667,12.53333333,33.03854997,2.62558013,FTP-Patator
22,78,1,1,0,0,0.0,0.0,0.0,25641.02564,SSH-Patator
53,199,2,2,90,206,45.0,103.0,1487437.186,20100.50251,BENIGN
70,55,1,1,0,6,0.0,6.0,109090.9091,36363.63636,PortScan
21,200,2,1,14,0,7.0,0.0,70000.0,15000.0,FTP-Patator
80,33804,3,4,26,11601,8.666666667,2900.25,343953.3783,207.0760857,DDoS
80,67732,3,5,26,11607,8.666666667,2321.4,171750.4282,118.1125613,DDoS
1287,51,1,1,0,6,0.0,6.0,117647.0588,39215.68627,PortScan
80,18773,5,0,0,0,0.0,0.0,0.0,266.3399563,PortScan
38541,3088989,1,6,6,36,6.0,6.0,13.59668163,2.266113605,BENIGN
21,42,2,0,14,0,7.0,0.0,333333.3333,47619.04762,FTP-Patator
80,1798902,3,5,26,11607,8.666666667,2321.4,6466.722478,4.44715721,DDoS
22,77,1,1,0,0,0.0,0.0,0.0,25974.02597,SSH-Patator
53,162685,1,1,42,152,42.0,152.0,1192.488551,12.29369641,BENIGN
80,3894366,4,0,24,0,6.0,0.0,6.162748956,1.027124826,DDoS
80,1010528,3,4,26,11607,8.666666667,2901.75,11511.80373,6.927071788,DDoS
7,24,1,1,0,6,0.0,6.0,250000.0,83333.33333,PortScan
21,9138501,9,15,104,188,11.55555556,12.53333333,31.95272398,2.626251286,FTP-Patator
22,11365018,21,32,2008,2745,95.61904762,85.78125,418.213152,4.663433001,SSH-Patator
25735,41,1,1,0,6,0.0,6.0,146341.4634,48780.4878,PortScan
53,4098656,2,2,106,154,53.0,77.0,63.43542859,0.975929671,BENIGN
80,60149296,5,4,215,1694,43.0,423.5,31.73769482,0.149627686,BENIGN
80,1362709,3,4,26,11601,8.666666667,2900.25,8532.269179,5.136826718,DDoS
80,115333873,16,14,1538,1272,96.125,90.85714286,24.36404785,0.26011439,BENIGN
53,23383,1,1,40,72,40.0,72.0,4789.804559,85.53222427,BENIGN
22,11823877,23,33,2008,2745,87.30434783,83.18181818,401.9832074,4.736179174,SSH-Patator
443,31440101,13,7,1454,3843,111.8461538,549.0,168.4791025,0.636130272,BENIGN
443,308485,12,8,572,7032,47.66666667,879.0,24649.49673,64.83297405,BENIGN
22,11900797,19,31,2008,2745,105.6842105,88.5483871,399.385016,4.201399284,SSH-Patator
53,78756,1,1,43,59,43.0,59.0,1295.139418,25.39489055,BENIGN
12000,18,1,1,0,6,0.0,6.0,333333.3333,111111.1111,PortScan
1082,46,1,1,2,6,2.0,6.0,173913.0435,43478.26087,PortScan
22,11439059,21,32,2008,2745,95.61904762,85.78125,415.5062055,4.633248242,SSH-Patator
22,14201661,21,32,2008,2745,95.61904762,85.78125,334.6791618,3.731957832,SSH-Patator
56320,531,2,0,12,0,6.0,0.0,22598.87006,3766.478343,BENIGN
443,61499362,14,13,1019,3418,72.78571429,262.9230769,72.14708992,0.439028945,BENIGN
80,531378,3,6,26,11607,8.666666667,1934.5,21892.13705,16.93709563,DDoS
80,85056,3,5,26,11601,8.666666667,2320.2,136698.1753,94.05568096,DDoS
443,118644205,20,22,2615,6008,130.75,273.0909091,72.67948738,0.353999591,BENIGN
22,116,1,1,0,0,0.0,0.0,0.0,17241.37931,SSH-Patator
2909,56,1,1,0,6,0.0,6.0,107142.8571,35714.28571,PortScan
443,153642,21,27,871,42347,41.47619048,1568.407407,281290.2722,312.4145741,BENIGN
53,61295,2,2,74,270,37.0,135.0,5612.203279,65.25817767,BENIGN
21,8800318,9,15,102,188,11.33333333,12.53333333,32.95335464,2.727174177,FTP-Patator
9849,8,1,1,6,6,6.0,6.0,1500000.0,250000.0,BENIGN
80,73722168,7,6,50,11601,7.142857143,1933.5,158.0393024,0.176337733,DDoS
22,11782716,19,31,2024,2745,106.5263158,88.5483871,404.7453915,4.24350379,SSH-Patator
21,257,2,1,14,0,7.0,0.0,54474.70817,11673.15175,FTP-Patator
80,140,2,0,0,0,0.0,0.0,0.0,14285.71429,BENIGN
25735,49,1,1,0,6,0.0,6.0,122448.9796,40816.32653,PortScan
53,92834,2,2,82,406,41.0,203.0,5256.694745,43.08766185,BENIGN
80,10194560,4,0,24,0,6.0,0.0,2.354196748,0.392366125,DDoS
22,68,1,1,0,0,0.0,0.0,0.0,29411.76471,SSH-Patator
80,6130840,5,0,30,0,6.0,0.0,4.893293578,0.81554893,DDoS
27353,46,1,1,2,6,2.0,6.0,173913.0435,43478.26087,PortScan
7106,49,1,1,0,6,0.0,6.0,122448.9796,40816.32653,PortScan
443,4,1,1,6,6,6.0,6.0,3000000.0,500000.0,BENIGN
80,1014294,3,6,26,11607,8.666666667,1934.5,11469.06124,8.873166952,DDoS
61716,6073369,1,5,6,30,6.0,6.0,5.92751733,0.987919555,BENIGN
49339,4,2,0,124,0,62.0,0.0,31000000.0,500000.0,BENIGN
1054,71,1,1,0,6,0.0,6.0,84507.04225,28169.01408,PortScan
22,1275,2,2,0,0,0.0,0.0,0.0,3137.254902,SSH-Patator
80,799420,4,0,24,0,6.0,0.0,30.02176578,5.00362763,DDoS
443,116849363,22,20,918,4447,41.72727273,222.35,45.91381469,0.359437133,BENIGN
22,13784097,23,32,2008,2745,87.30434783,85.78125,344.8176547,3.990105409,SSH-Patator
21,8885329,9,15,109,188,12.11111111,12.53333333,33.42588665,2.701081749,FTP-Patator
80,32090,1,2,0,0,0.0,0.0,0.0,93.48706762,BENIGN
53,226,2,2,86,182,43.0,91.0,1185840.708,17699.11504,BENIGN
22,50,1,1,0,0,0.0,0.0,0.0,40000.0,SSH-Patator
80,10256710,4,0,24,0,6.0,0.0,2.339931615,0.389988603,DDoS
22,69,1,1,0,0,0.0,0.0,0.0,28985.50725,SSH-Patator
53,224,2,2,136,392,68.0,196.0,2357142.857,17857.14286,BENIGN
80,5529184,6,6,2085,3207,347.5,534.5,957.1032543,2.170302164,BENIGN
5544,66,1,1,0,6,0.0,6.0,90909.09091,30303.0303,PortScan
50196,3328157,1,6,1375,30,1375.0,5.0,422.1555654,2.103266162,BENIGN
80,9114459,7,5,50,11607,7.142857143,2321.4,1278.956875,1.316589388,DDoS
21,8756381,9,15,109,188,12.11111111,12.53333333,33.91812211,2.740858352,FTP-Patator
80,116287,3,6,26,11607,8.666666667,1934.5,100036.9775,77.39472168,DDoS
22,11623001,21,32,2008,2745,95.61904762,85.78125,408.9305335,4.559923896,SSH-Patator
22,46,1,1,0,0,0.0,0.0,0.0,43478.26087,SSH-Patator
11967,44,1,1,0,6,0.0,6.0,136363.6364,45454.54545,PortScan
80,1332993,5,0,30,0,6.0,0.0,22.50574459,3.750957432,DDoS
22,83,1,1,0,0,0.0,0.0,0.0,24096.38554,SSH-Patator
21,7964753,9,15,108,188,12.0,12.53333333,37.16373879,3.013276118,FTP-Patator
21,31,2,0,14,0,7.0,0.0,451612.9032,64516.12903,FTP-Patator
1022,104,1,1,0,6,0.0,6.0,57692.30769,19230.76923,PortScan
21,208,2,1,14,0,7.0,0.0,67307.69231,14423.07692,FTP-Patator
39534,219,3,1,31,6,10.33333333,6.0,168949.7717,18264.84018,BENIGN
21,270,2,1,14,0,7.0,0.0,51851.85185,11111.11111,FTP-Patator
1029,80,1,1,0,6,0.0,6.0,75000.0,25000.0,PortScan
21,289,2,1,14,0,7.0,0.0,48442.90657,10380.62284,FTP-Patator
19315,45,1,1,0,6,0.0,6.0,133333.3333,44444.44444,PortScan
59132,98,1,1,0,0,0.0,0.0,0.0,20408.16327,BENIGN
53,205,2,2,84,310,42.0,155.0,1921951.22,19512.19512,BENIGN
21,10019122,9,15,104,188,11.55555556,12.53333333,29.14427033,2.395419479,FTP-Patator
22,14053469,28,39,2824,5673,100.8571429,145.4615385,604.6194004,4.767506158,SSH-Patator
37278,3969259,1,5,1375,24,1375.0,4.8,352.4587335,1.511617156,BENIGN
1216,59,1,1,0,6,0.0,6.0,101694.9153,33898.30508,PortScan
443,70533,2,1,0,0,0.0,0.0,0.0,42.53328229,BENIGN
80,13634546,105,178,2007,338842,19.11428571,1903.606742,24998.92552,20.75609998,BENIGN
22,13892929,21,32,2024,2745,96.38095238,85.78125,343.2681474,3.814890294,SSH-Patator
80,5761863,4,0,24,0,6.0,0.0,4.165319446,0.694219908,DDoS
80,8031833,5,0,30,0,6.0,0.0,3.735137421,0.622522904,DDoS
80,60014,3,4,26,11601,8.666666667,2900.25,193738.1278,116.6394508,DDoS
56756,13,1,1,0,0,0.0,0.0,0.0,153846.1538,BENIGN
9666,45,1,1,2,6,2.0,6.0,177777.7778,44444.44444,PortScan
1073,55,1,1,2,6,2.0,6.0,145454.5455,36363.63636,PortScan
80,77023507,8,5,56,11607,7.0,2321.4,151.4213057,0.168779643,DDoS
53,157,2,2,76,132,38.0,66.0,1324840.764,25477.70701,BENIGN
5802,48,1,1,0,6,0.0,6.0,125000.0,41666.66667,PortScan
21,309,2,1,14,0,7.0,0.0,45307.44337,9708.737864,FTP-Patator
100,50,1,1,2,6,2.0,6.0,160000.0,40000.0,PortScan
8090,37,1,1,0,6,0.0,6.0,162162.1622,54054.05405,PortScan
80,200256,3,6,26,11601,8.666666667,1933.5,58060.68233,44.94247363,DDoS
80,693751,3,6,26,11607,8.666666667,1934.5,16768.26412,12.97295427,DDoS
53,30332,4,4,176,352,44.0,88.0,17407.35857,263.747857,BENIGN
21,9143201,9,15,110,188,12.22222222,12.53333333,32.59252422,2.624901279,FTP-Patator
61455,67,1,1,0,0,0.0,0.0,0.0,29850.74627,BENIGN
80,87902401,18,16,1765,2115,98.05555556,132.1875,44.13986371,0.38679262,BENIGN
53,240,2,2,62,318,31.0,159.0,1583333.333,16666.66667,BENIGN
53,214,2,2,64,258,32.0,129.0,1504672.897,18691.58879,BENIGN
21,9114155,9,15,114,188,12.66666667,12.53333333,33.13527145,2.633266606,FTP-Patator
53,220,2,2,64,204,32.0,102.0,1218181.818,18181.81818,BENIGN
21,4,2,0,14,0,7.0,0.0,3500000.0,500000.0,FTP-Patator
80,1388373,5,0,30,0,6.0,0.0,21.60802609,3.601337681,DDoS
53,30877,2,2,62,94,31.0,47.0,5052.304304,129.5462642,BENIGN
22,99,1,1,0,0,0.0,0.0,0.0,20202.0202,SSH-Patator
22,80,1,1,0,0,0.0,0.0,0.0,25000.0,SSH-Patator
6101,26,1,1,2,6,2.0,6.0,307692.3077,76923.07692,PortScan
21,219,2,1,14,0,7.0,0.0,63926.94064,13698.63014,FTP-Patator
21,228,2,1,14,0,7.0,0.0,61403.50877,13157.89474,FTP-Patator
4662,16,1,1,2,6,2.0,6.0,500000.0,125000.0,PortScan
873,38,1,1,0,6,0.0,6.0,157894.7368,52631.57895,PortScan
2068,51,1,1,0,6,0.0,6.0,117647.0588,39215.68627,PortScan
53,24068,2,2,72,104,36.0,52.0,7312.61426,166.1957786,BENIGN
80,9440854,7,7,50,11601,7.142857143,1657.285714,1234.104457,1.482916694,DDoS
9929,52,1,1,0,6,0.0,6.0,115384.6154,38461.53846,PortScan
80,445291,3,5,26,11607,8.666666667,2321.4,26124.48938,17.96577968,DDoS
53,48691,4,2,144,194,36.0,97.0,6941.734612,123.2260582,BENIGN
27356,54,1,1,0,6,0.0,6.0,111111.1111,37037.03704,PortScan
26214,42,1,1,2,6,2.0,6.0,190476.1905,47619.04762,PortScan
21,3,2,0,14,0,7.0,0.0,4666666.667,666666.6667,FTP-Patator
22,68,1,1,0,0,0.0,0.0,0.0,29411.76471,SSH-Patator
21,8737347,9,15,111,188,12.33333333,12.53333333,34.22091397,2.746829215,FTP-Patator
901,75,1,1,2,6,2.0,6.0,106666.6667,26666.66667,PortScan
5080,77,1,1,2,6,2.0,6.0,103896.1039,25974.02597,PortScan
22,12143545,21,32,2008,2745,95.61904762,85.78125,391.4013577,4.364458649,SSH-Patator
22,12782633,21,31,2008,2745,95.61904762,88.5483871,371.8326263,4.068019476,SSH-Patator
714,50,1,1,2,6,2.0,6.0,160000.0,40000.0,PortScan
8083,55,1,1,0,6,0.0,6.0,109090.9091,36363.63636,PortScan
21,9163481,9,15,105,188,11.66666667,12.53333333,31.97474846,2.619092024,FTP-Patator
21,8767606,9,15,109,188,12.11111111,12.53333333,33.87469738,2.737349283,FTP-Patator
22,676,2,2,0,0,0.0,0.0,0.0,5917.159763,SSH-Patator
80,6085902,5,0,30,0,6.0,0.0,4.929425416,0.821570903,DDoS
80,5391350,3,1,12,0,4.0,0.0,2.225787604,0.741929201,BENIGN
80,5420932,3,1,12,0,4.0,0.0,2.213641492,0.737880497,BENIGN
80,6089886,5,0,30,0,6.0,0.0,4.926200589,0.821033431,DDoS
211,47,1,1,0,6,0.0,6.0,127659.5745,42553.19149,PortScan
80,59481,3,4,419,2265,139.6666667,566.25,45123.65293,117.6846388,BENIGN
21,9475409,9,15,108,188,12.0,12.53333333,31.23875708,2.532872196,FTP-Patator
22,87,1,1,0,0,0.0,0.0,0.0,22988.50575,SSH-Patator
22,13428357,22,33,2008,2745,91.27272727,83.18181818,353.9524605,4.095810083,SSH-Patator
6001,50,1,1,2,6,2.0,6.0,160000.0,40000.0,PortScan
22,12870678,21,32,2008,2745,95.61904762,85.78125,369.2890149,4.117887185,SSH-Patator
65389,41,1,1,0,6,0.0,6.0,146341.4634,48780.4878,PortScan
21,1,2,0,14,0,7.0,0.0,14000000.0,2000000.0,FTP-Patator
21,45,2,0,14,0,7.0,0.0,311111.1111,44444.44444,FTP-Patator
22,42,1,1,0,0,0.0,0.0,0.0,47619.04762,SSH-Patator
60211,557,2,0,12,0,6.0,0.0,21543.98564,3590.664273,BENIGN
21,42,2,0,14,0,7.0,0.0,333333.3333,47619.04762,FTP-Patator
54758,3,2,0,12,0,6.0,0.0,4000000.0,666666.6667,BENIGN
80,97912702,8,5,56,11607,7.0,2321.4,119.1163124,0.132771333,DDoS
21,1,2,0,14,0,7.0,0.0,14000000.0,2000000.0,FTP-Patator
53,251,2,2,68,164,34.0,82.0,924302.7888,15936.25498,BENIGN
22,11919379,21,32,2008,2745,95.61904762,85.78125,398.7623852,4.446540378,SSH-Patator
80,6015835,5,0,30,0,6.0,0.0,4.986838901,0.831139817,DDoS
1069,46,1,1,2,6,2.0,6.0,173913.0435,43478.26087,PortScan
22,13110704,21,32,2008,2745,95.61904762,85.78125,362.528206,4.042498404,SSH-Patator
53,139,2,2,84,116,42.0,58.0,1438848.921,28776.97842,BENIGN
27968,6444860,1,6,6,36,6.0,6.0,6.516821157,1.086136859,BENIGN
80,1137197,3,5,26,11601,8.666666667,2320.2,10224.26194,7.034840929,DDoS
21,50,3,0,0,0,0.0,0.0,0.0,60000.0,BENIGN
53,39798,1,1,46,62,46.0,62.0,2713.704206,50.2537816,BENIGN
6566,92,1,1,0,6,0.0,6.0,65217.3913,21739.13043,PortScan
53,236,2,2,76,180,38.0,90.0,1084745.763,16949.15254,BENIGN
80,535816,3,5,26,11607,8.666666667,2321.4,21710.81117,14.93049853,DDoS
21,4,2,0,14,0,7.0,0.0,3500000.0,500000.0,FTP-Patator
80,172,2,0,12,0,6.0,0.0,69767.44186,11627.90698,BENIGN
22,59,1,1,0,0,0.0,0.0,0.0,33898.30508,SSH-Patator
22,13415925,21,32,2008,2745,95.61904762,85.78125,354.280454,3.950528942,SSH-Patator
21,8582114,9,15,101,188,11.22222222,12.53333333,33.67468668,2.796513773,FTP-Patator
21,48,2,0,14,0,7.0,0.0,291666.6667,41666.66667,FTP-Patator
21,251,2,1,14,0,7.0,0.0,55776.89243,11952.19124,FTP-Patator
54090,8811885,1,5,6,30,6.0,6.0,4.085391491,0.680898582,BENIGN
53,50801,2,2,64,196,32.0,98.0,5118.009488,78.73860751,BENIGN
22,77,1,1,0,0,0.0,0.0,0.0,25974.02597,SSH-Patator
1163,44,1,1,0,6,0.0,6.0,136363.6364,45454.54545,PortScan
51102,8919534,1,5,6,30,6.0,6.0,4.036085293,0.672680882,BENIGN
990,51,1,1,2,6,2.0,6.0,156862.7451,39215.68627,PortScan
22,85,1,1,0,0,0.0,0.0,0.0,23529.41176,SSH-Patator
22,80,1,1,0,0,0.0,0.0,0.0,25000.0,SSH-Patator
22,82,1,1,0,0,0.0,0.0,0.0,24390.2439,SSH-Patator
21,230,2,1,14,0,7.0,0.0,60869.56522,13043.47826,FTP-Patator
80,1209089,5,0,30,0,6.0,0.0,24.81206925,4.135344875,DDoS
22,12066764,22,32,2008,2745,91.27272727,85.78125,393.8918504,4.475102024,SSH-Patator
21,9324183,9,15,102,188,11.33333333,12.53333333,31.10192067,2.573952056,FTP-Patator
80,5334882,4,0,24,0,6.0,0.0,4.498693692,0.749782282,DDoS
80,669454,3,4,26,11607,8.666666667,2901.75,17376.8474,10.45628228,DDoS
21,213,2,1,14,0,7.0,0.0,65727.69953,14084.50704,FTP-Patator
48080,57,1,1,0,6,0.0,6.0,105263.1579,35087.7193,PortScan
80,9614761,4,0,24,0,6.0,0.0,2.496161891,0.416026982,DDoS
21,8612201,9,15,110,188,12.22222222,12.53333333,34.60207211,2.786744062,FTP-Patator
21,245,2,1,14,0,7.0,0.0,57142.85714,12244.89796,FTP-Patator
80,1782428,3,5,26,11601,8.666666667,2320.2,6523.124637,4.488259834,DDoS
80,9828740,5,0,30,0,6.0,0.0,3.052273231,0.508712205,DDoS
80,539190,2,6,20,11607,10.0,1934.5,21563.82722,14.83707042,DDoS
21,9267506,9,15,99,188,11.0,12.53333333,30.96841804,2.589693495,FTP-Patator
15002,32,1,1,2,6,2.0,6.0,250000.0,62500.0,PortScan
443,60906318,14,16,1135,4292,81.07142857,268.25,89.1040565,0.492559737,BENIGN
53,83505,1,1,54,153,54.0,153.0,2478.893479,23.95066164,BENIGN
22,12815691,21,32,2008,2745,95.61904762,85.78125,370.8734863,4.135555391,SSH-Patator
45204,84,1,1,0,0,0.0,0.0,0.0,23809.52381,BENIGN
22,51,1,1,0,0,0.0,0.0,0.0,39215.68627,SSH-Patator
80,4043883,5,0,30,0,6.0,0.0,7.41861226,1.236435377,DDoS
22,103,1,1,0,0,0.0,0.0,0.0,19417.47573,SSH-Patator
21,222,2,1,14,0,7.0,0.0,63063.06306,13513.51351,FTP-Patator
21,8433060,9,15,103,188,11.44444444,12.53333333,34.50704726,2.845942042,FTP-Patator
57915,58,1,3,6,18,6.0,6.0,413793.1034,68965.51724,BENIGN
22,11159227,21,32,2008,2745,95.61904762,85.78125,425.9255592,4.749432913,SSH-Patator
53,143,2,2,88,120,44.0,60.0,1454545.455,27972.02797,BENIGN
9944,59,1,1,0,6,0.0,6.0,101694.9153,33898.30508,PortScan
21,255,2,1,14,0,7.0,0.0,54901.96078,11764.70588,FTP-Patator
21,8824944,9,15,105,188,11.66666667,12.53333333,33.20134383,2.719563999,FTP-Patator
22,11749463,21,32,2008,2745,95.61904762,85.78125,404.5291261,4.510844453,SSH-Patator
443,55,2,0,12,0,6.0,0.0,218181.8182,36363.63636,BENIGN
32781,94,1,1,0,6,0.0,6.0,63829.78723,21276.59574,PortScan
22,12097571,20,33,2008,2745,100.4,83.18181818,392.8887873,4.381044757,SSH-Patator
21,9709279,9,15,110,188,12.22222222,12.53333333,30.6922893,2.471862226,FTP-Patator
53,236,2,2,68,220,34.0,110.0,1220338.983,16949.15254,BENIGN
3372,90,1,1,0,6,0.0,6.0,66666.66667,22222.22222,PortScan
80,726236,3,8,26,11601,8.666666667,1450.125,16009.94718,15.14659147,DDoS
21,3,2,0,14,0,7.0,0.0,4666666.667,666666.6667,FTP-Patator
80,969158,3,6,26,11601,8.666666667,1933.5,11997.01184,9.286411504,DDoS
443,75,2,0,12,0,6.0,0.0,160000.0,26666.66667,BENIGN
80,1346970,4,0,24,0,6.0,0.0,17.81776877,2.969628128,DDoS
22,76,1,1,0,0,0.0,0.0,0.0,26315.78947,SSH-Patator
21,8432688,9,15,112,188,12.44444444,12.53333333,35.57584486,2.846067588,FTP-Patator
53,190,2,2,84,310,42.0,155.0,2073684.211,21052.63158,BENIGN
6881,44,1,1,2,6,2.0,6.0,181818.1818,45454.54545,PortScan
2013,44,1,1,0,6,0.0,6.0,136363.6364,45454.54545,PortScan
22,12016554,23,32,2008,2745,87.30434783,85.78125,395.5376891,4.577019335,SSH-Patator
2525,44,1,1,2,6,2.0,6.0,181818.1818,45454.54545,PortScan
22,13284602,21,32,2008,2745,95.61904762,85.78125,357.7826419,3.989581321,SSH-Patator
21,230,2,1,14,0,7.0,0.0,60869.56522,13043.47826,FTP-Patator
21,10013289,9,15,104,188,11.55555556,12.53333333,29.16124762,2.396814873,FTP-Patator
443,116990392,10,10,373,10061,37.3,1006.1,89.18681117,0.17095421,BENIGN
22,59,1,1,0,0,0.0,0.0,0.0,33898.30508,SSH-Patator
443,464,2,0,12,0,6.0,0.0,25862.06897,4310.344828,BENIGN
53,169,2,2,64,96,32.0,48.0,946745.5621,23668.63905,BENIGN
1065,75,1,1,0,6,0.0,6.0,80000.0,26666.66667,PortScan
443,108406,5,7,1172,1403,234.4,200.4285714,23753.29779,110.69498,BENIGN
22,84,1,1,0,0,0.0,0.0,0.0,23809.52381,SSH-Patator
22,12760141,20,33,2008,2745,100.4,83.18181818,372.488047,4.153559118,SSH-Patator
22,10836937,21,32,2008,2745,95.61904762,85.78125,438.5925654,4.890680826,SSH-Patator
53,69622,2,2,82,166,41.0,83.0,3562.092442,57.4531039,BENIGN
21,10388034,9,15,112,188,12.44444444,12.53333333,28.8793818,2.310350544,FTP-Patator
53,60848,1,1,58,114,58.0,114.0,2826.715751,32.8687878,BENIGN
22,12799513,21,32,2008,2745,95.61904762,85.78125,371.3422534,4.140782544,SSH-Patator
21,236,2,1,14,0,7.0,0.0,59322.0339,12711.86441,FTP-Patator
80,52,2,0,0,0,0.0,0.0,0.0,38461.53846,BENIGN
53,439,1,1,46,127,46.0,127.0,394077.4487,4555.808656,BENIGN
21,9814516,9,15,108,188,12.0,12.53333333,30.15940878,2.445357468,FTP-Patator
22,40,1,1,0,0,0.0,0.0,0.0,50000.0,SSH-Patator
21,4,2,0,14,0,7.0,0.0,3500000.0,500000.0,FTP-Patator
26,80,1,1,2,6,2.0,6.0,100000.0,25000.0,PortScan
54323,89324,1,5,6,30,6.0,6.0,403.0271819,67.17119699,BENIGN
21,9254147,9,15,112,188,12.44444444,12.53333333,32.4178987,2.593431896,FTP-Patator
22,84,1,1,0,0,0.0,0.0,0.0,23809.52381,SSH-Patator
80,391228,3,5,26,11601,8.666666667,2320.2,29719.243,20.44843416,DDoS
2013,39,1,1,2,6,2.0,6.0,205128.2051,51282.05128,PortScan
80,2031040,3,5,428,2266,142.6666667,453.2,1326.414054,3.938868757,BENIGN
29228,9334891,1,5,6,30,6.0,6.0,3.856499235,0.642749872,BENIGN
21,270,2,1,14,0,7.0,0.0,51851.85185,11111.11111,FTP-Patator
80,190,2,0,0,0,0.0,0.0,0.0,10526.31579,BENIGN
54198,3,2,0,146,0,73.0,0.0,48700000.0,666666.6667,BENIGN
21,3,2,0,14,0,7.0,0.0,4666666.667,666666.6667,FTP-Patator
80,2050890,4,0,24,0,6.0,0.0,11.70223659,1.950372765,DDoS
22,12052675,24,31,2008,2745,83.66666667,88.5483871,394.3522911,4.563302337,SSH-Patator
80,27969,3,6,26,11601,8.666666667,1933.5,415710.2506,321.7848332,DDoS
53,100852,2,2,94,206,47.0,103.0,2974.655931,39.66207909,BENIGN
1025,88,1,1,2,6,2.0,6.0,90909.09091,22727.27273,PortScan
7001,42,1,1,2,6,2.0,6.0,190476.1905,47619.04762,PortScan
1108,76,1,1,2,6,2.0,6.0,105263.1579,26315.78947,PortScan
3914,44,1,1,0,6,0.0,6.0,136363.6364,45454.54545,PortScan
62078,49,1,1,2,6,2.0,6.0,163265.3061,40816.32653,PortScan
22,76,1,1,0,0,0.0,0.0,0.0,26315.78947,SSH-Patator
80,84285504,9,5,62,11601,6.888888889,2320.2,138.3749215,0.166102109,DDoS
80,40681,3,4,26,11601,8.666666667,2900.25,285809.1001,172.0704997,DDoS
80,86679,3,2,431,110,143.6666667,55.0,6241.41949,57.6840988,BENIGN
21,9431700,9,15,111,188,12.33333333,12.53333333,31.70160204,2.544610198,FTP-Patator
80,89463338,9,4,62,11607,6.888888889,2901.75,130.4333178,0.145310921,DDoS
80,1953663,4,0,24,0,6.0,0.0,12.28461613,2.047436021,DDoS
443,111463101,19,19,754,3420,39.68421053,180.0,37.44737014,0.340919996,BENIGN
53,156,2,2,90,122,45.0,61.0,1358974.359,25641.02564,BENIGN
53,48817,2,2,62,360,31.0,180.0,8644.52957,81.93866891,BENIGN
80,48879,3,4,26,11607,8.666666667,2901.75,237995.8673,143.2107858,DDoS
51179,6045526,1,5,6,30,6.0,6.0,5.954816835,0.992469472,BENIGN
465,48,2,0,43,0,21.5,0.0,895833.3333,41666.66667,BENIGN
53,152125,4,2,180,290,45.0,145.0,3089.564503,39.44124897,BENIGN
80,1907947,4,0,24,0,6.0,0.0,12.57896577,2.096494295,DDoS
80,8696965,4,0,24,0,6.0,0.0,2.759583372,0.459930562,DDoS
53,47371,1,1,48,107,48.0,107.0,3272.044078,42.21992358,BENIGN
80,78815309,8,4,56,11601,7.0,2900.25,147.902738,0.152254684,DDoS
21,325,2,1,14,0,7.0,0.0,43076.92308,9230.769231,FTP-Patator
21,49,2,0,14,0,7.0,0.0,285714.2857,40816.32653,FTP-Patator
22,11879559,21,32,2008,2745,95.61904762,85.78125,400.0990272,4.461445076,SSH-Patator
22,12914599,20,33,2008,2745,100.4,83.18181818,368.0331073,4.103882745,SSH-Patator
21,8916085,9,15,113,188,12.55555556,12.53333333,33.75921158,2.691764379,FTP-Patator
42419,115719,2,1,0,0,0.0,0.0,0.0,25.92486973,BENIGN
53,191,2,2,58,122,29.0,61.0,942408.377,20942.40838,BENIGN
2382,40,1,1,2,6,2.0,6.0,200000.0,50000.0,PortScan
8084,67,1,1,0,6,0.0,6.0,89552.23881,29850.74627,PortScan
21,273,2,1,14,0,7.0,0.0,51282.05128,10989.01099,FTP-Patator
80,82830957,8,6,56,11607,7.0,1934.5,140.8048443,0.169018933,DDoS
21,237,2,1,14,0,7.0,0.0,59071.72996,12658.22785,FTP-Patator
21,18,2,0,14,0,7.0,0.0,777777.7778,111111.1111,FTP-Patator
53,170,2,2,80,112,40.0,56.0,1129411.765,23529.41176,BENIGN
80,90566543,8,4,56,11601,7.0,2900.25,128.7119903,0.132499261,DDoS
8088,17,1,1,2,6,2.0,6.0,470588.2353,117647.0588,PortScan
22,11689674,23,32,2008,2745,87.30434783,85.78125,406.5981652,4.705007171,SSH-Patator
53,169,2,2,64,120,32.0,60.0,1088757.396,23668.63905,BENIGN
6101,78,1,1,0,6,0.0,6.0,76923.07692,25641.02564,PortScan
80,76934576,8,4,56,11601,7.0,2900.25,151.5183498,0.155976683,DDoS
22,92,1,1,0,0,0.0,0.0,0.0,21739.13043,SSH-Patator
53,1024992,6,2,192,256,32.0,128.0,437.0765821,7.804938965,BENIGN
21,248,2,1,14,0,7.0,0.0,56451.6129,12096.77419,FTP-Patator
22,11920962,21,32,2008,2745,95.61904762,85.78125,398.709433,4.445949916,SSH-Patator
80,65232269,11,11,346,308,31.45454545,28.0,10.02571289,0.337256397,BENIGN
443,16561757,103,150,2993,264057,29.05825243,1760.38,16124.49694,15.27615699,BENIGN
53,238,2,2,64,204,32.0,102.0,1126050.42,16806.72269,BENIGN
22,12700305,20,33,2008,2745,100.4,83.18181818,374.2429808,4.173128126,SSH-Patator
80,763816,3,6,26,11607,8.666666667,1934.5,15230.10777,11.78294249,DDoS
22,12951557,21,32,2008,2745,95.61904762,85.78125,366.9829041,4.092172084,SSH-Patator
53,213860,1,1,49,209,49.0,209.0,1206.396708,9.351912466,BENIGN
3827,24,1,1,0,6,0.0,6.0,250000.0,83333.33333,PortScan
80,74318875,8,6,56,11607,7.0,1934.5,156.9318696,0.188377448,DDoS
22,11827928,21,33,2008,2745,95.61904762,83.18181818,401.8455303,4.565465735,SSH-Patator
53,50073,1,1,55,71,55.0,71.0,2516.326164,39.94168514,BENIGN
21,225,2,1,14,0,7.0,0.0,62222.22222,13333.33333,FTP-Patator
80,2190984,5,0,30,0,6.0,0.0,13.6924779,2.28207965,DDoS
56494,47,3,1,43,6,14.33333333,6.0,1042553.191,85106.38298,BENIGN
64623,89,1,1,0,6,0.0,6.0,67415.73034,22471.91011,PortScan
22,40,1,1,0,0,0.0,0.0,0.0,50000.0,SSH-Patator
80,1061955,4,0,24,0,6.0,0.0,22.59982768,3.766637946,DDoS
21,8558887,9,15,119,188,13.22222222,12.53333333,35.86914981,2.804102917,FTP-Patator
1971,38,1,1,0,6,0.0,6.0,157894.7368,52631.57895,PortScan
22,11640223,22,33,2008,2745,91.27272727,83.18181818,408.3255106,4.724995389,SSH-Patator
80,2505489,2,2,0,0,0.0,0.0,0.0,1.596494736,BENIGN
21,48,2,0,0,0,0.0,0.0,0.0,41666.66667,BENIGN
21,48,2,0,14,0,7.0,0.0,291666.6667,41666.66667,FTP-Patator
22,70,1,1,0,0,0.0,0.0,0.0,28571.42857,SSH-Patator
1309,76,1,1,2,6,2.0,6.0,105263.1579,26315.78947,PortScan
80,1092166,3,5,26,11601,8.666666667,2320.2,10645.81758,7.324893835,DDoS
1334,34,1,1,2,6,2.0,6.0,235294.1176,58823.52941,PortScan
22,65,1,1,0,0,0.0,0.0,0.0,30769.23077,SSH-Patator
80,5044936,4,0,24,0,6.0,0.0,4.757245682,0.79287428,DDoS
21,17,2,0,14,0,7.0,0.0,823529.4118,117647.0588,FTP-Patator
21,3,2,0,14,0,7.0,0.0,4666666.667,666666.6667,FTP-Patator
53,187,2,2,86,118,43.0,59.0,1090909.091,21390.37433,BENIGN
22,119772130,14,16,1304,2153,93.14285714,134.5625,28.86314203,0.250475632,SSH-Patator
80,9677301,4,0,24,0,6.0,0.0,2.480030331,0.413338388,DDoS
22,11201343,21,32,2008,2745,95.61904762,85.78125,424.324119,4.731575491,SSH-Patator
80,3409934,5,0,30,0,6.0,0.0,8.797824239,1.46630404,DDoS
3690,55,1,1,0,6,0.0,6.0,109090.9091,36363.63636,PortScan
53,294952,1,1,41,92,41.0,92.0,450.9208278,6.780764328,BENIGN
80,8724775,4,0,24,0,6.0,0.0,2.75078727,0.458464545,DDoS
41994,5701,2,0,0,0,0.0,0.0,0.0,350.8156464,BENIGN
80,166369,3,4,26,11607,8.666666667,2901.75,69922.88227,42.07514621,DDoS
10614,622,2,0,12,0,6.0,0.0,19292.6045,3215.434084,BENIGN
80,673563,3,5,26,11607,8.666666667,2321.4,17270.84178,11.87713696,DDoS
21,7828265,9,15,109,188,12.11111111,12.53333333,37.93944124,3.065813434,FTP-Patator
53,48553,2,2,58,90,29.0,45.0,3048.215352,82.38419871,BENIGN
667,46,1,1,2,6,2.0,6.0,173913.0435,43478.26087,PortScan
22,12673822,21,32,2024,2745,96.38095238,85.78125,376.2874372,4.181848222,SSH-Patator
443,385517,20,20,4612,22071,230.6,1103.55,69213.5496,103.7567734,BENIGN
34573,44,1,1,2,6,2.0,6.0,181818.1818,45454.54545,PortScan
22,11519483,21,32,2008,2745,95.61904762,85.78125,412.6053227,4.600900926,SSH-Patator
22,11522794,21,32,2008,2745,95.61904762,85.78125,412.4867632,4.599578887,SSH-Patator
32777,96,1,1,2,6,2.0,6.0,83333.33333,20833.33333,PortScan
80,9781544,5,0,30,0,6.0,0.0,3.067000465,0.511166744,DDoS
21,254,2,1,14,0,7.0,0.0,55118.11024,11811.02362,FTP-Patator
22,150,1,1,0,0,0.0,0.0,0.0,13333.33333,BENIGN
443,4,2,0,31,0,15.5,0.0,7750000.0,500000.0,BENIGN
80,312965,3,4,26,11601,8.666666667,2900.25,37151.11913,22.36671832,DDoS
21,214,2,1,14,0,7.0,0.0,65420.56075,14018.69159,FTP-Patator
80,5346704,3,1,0,0,0.0,0.0,0.0,0.748124452,BENIGN
80,36210,3,6,26,11601,8.666666667,1933.5,321099.1439,248.5501243,DDoS
3268,117,2,2,114,12,57.0,6.0,1076923.077,34188.03419,BENIGN
80,90759745,8,6,56,11607,7.0,1934.5,128.5041072,0.154253408,DDoS
21,8941810,9,15,106,188,11.77777778,12.53333333,32.87924928,2.684020349,FTP-Patator
22,79,1,1,0,0,0.0,0.0,0.0,25316.4557,SSH-Patator
80,6075879,4,0,24,0,6.0,0.0,3.950045746,0.658340958,DDoS
21,281,2,1,14,0,7.0,0.0,49822.06406,10676.15658,FTP-Patator
1174,33,1,1,0,6,0.0,6.0,181818.1818,60606.06061,PortScan
8085,43,1,1,0,6,0.0,6.0,139534.8837,46511.62791,PortScan
21,8858795,9,15,106,188,11.77777778,12.53333333,33.18735787,2.709172071,FTP-Patator
53,190,2,2,106,202,53.0,101.0,1621052.632,21052.63158,BENIGN
80,640796,3,6,26,11607,8.666666667,1934.5,18153.98348,14.04503149,DDoS
53,50804,2,2,82,138,41.0,69.0,4330.367688,78.73395796,BENIGN
22,72,1,1,0,0,0.0,0.0,0.0,27777.77778,SSH-Patator
80,116521189,19,16,1311,2388,69.0,149.25,31.74529913,0.300374552,BENIGN
53,60530,1,1,46,113,46.0,113.0,2626.79663,33.04146704,BENIGN
53,187,2,2,64,96,32.0,48.0,855614.9733,21390.37433,BENIGN
2522,48,1,1,0,6,0.0,6.0,125000.0,41666.66667,PortScan
2910,54,1,1,0,6,0.0,6.0,111111.1111,37037.03704,PortScan
21,224,2,1,14,0,7.0,0.0,62500.0,13392.85714,FTP-Patator
53,155002,4,2,116,308,29.0,154.0,2735.448575,38.70917795,BENIGN
4000,44,1,1,2,6,2.0,6.0,181818.1818,45454.54545,PortScan
53,154601,1,1,36,52,36.0,52.0,569.2071849,12.93652693,BENIGN
80,23155,3,6,26,11601,8.666666667,1933.5,502137.7672,388.6849493,DDoS
54439,90013066,7,9,11607,62,1658.142857,6.888888889,129.6367352,0.177751972,BENIGN
80,1415913,3,6,26,11607,8.666666667,1934.5,8215.900271,6.35632274,DDoS
21,231,2,1,14,0,7.0,0.0,60606.06061,12987.01299,FTP-Patator
21,276,2,1,14,0,7.0,0.0,50724.63768,10869.56522,FTP-Patator
22,12088024,21,32,2008,2745,95.61904762,85.78125,393.199087,4.384504862,SSH-Patator
21,48,1,1,14,0,14.0,0.0,291666.6667,41666.66667,FTP-Patator
58949,23580,6,2,11601,26,1933.5,13.0,493087.3622,339.2705683,BENIGN
53,160249,4,4,164,228,41.0,57.0,2446.193112,49.92230841,BENIGN
22,66,1,1,0,0,0.0,0.0,0.0,30303.0303,SSH-Patator
22,11765089,21,32,2008,2745,95.61904762,85.78125,403.991844,4.504853299,SSH-Patator
80,20883,3,5,26,11607,8.666666667,2321.4,557055.9785,383.0867213,DDoS
22,12279022,21,32,2008,2745,95.61904762,85.78125,387.0829452,4.31630467,SSH-Patator
21,8418934,9,15,109,188,12.11111111,12.53333333,35.27762541,2.850717205,FTP-Patator
80,10207142,4,0,24,0,6.0,0.0,2.351294809,0.391882468,DDoS
21,8959676,9,15,102,188,11.33333333,12.53333333,32.36724185,2.678668291,FTP-Patator
53,73124608,2,2,102,130,51.0,65.0,3.17266658,0.054701148,BENIGN
3527,53,1,1,2,6,2.0,6.0,150943.3962,37735.84906,PortScan
617,72,1,1,2,6,2.0,6.0,111111.1111,27777.77778,PortScan
53,475309,4,2,172,700,43.0,350.0,1834.596021,12.62336711,BENIGN
8478,3,2,0,12,0,6.0,0.0,4000000.0,666666.6667,BENIGN
21,8826137,9,15,108,188,12.0,12.53333333,33.53675566,2.719196405,FTP-Patator
6346,65,1,1,0,6,0.0,6.0,92307.69231,30769.23077,PortScan
21,219,2,1,14,0,7.0,0.0,63926.94064,13698.63014,FTP-Patator
443,536411,7,9,662,7203,94.57142857,800.3333333,14662.26457,29.82787452,BENIGN
1021,43,1,1,0,6,0.0,6.0,139534.8837,46511.62791,PortScan
22,43,1,1,0,0,0.0,0.0,0.0,46511.62791,SSH-Patator
563,51,1,1,0,6,0.0,6.0,117647.0588,39215.68627,PortScan
21,8825120,9,15,110,188,12.22222222,12.53333333,33.76724622,2.719509763,FTP-Patator
22,11395620,21,32,2008,2745,95.61904762,85.78125,417.090075,4.650909735,SSH-Patator
443,5141203,7,3,617,166,88.14285714,55.33333333,152.2989853,1.945070055,BENIGN
21,8926430,9,15,114,188,12.66666667,12.53333333,33.83211429,2.688644845,FTP-Patator
53,95531,2,2,76,202,38.0,101.0,2910.050141,41.87122505,BENIGN
21,8776162,9,15,111,188,12.33333333,12.53333333,34.06956253,2.734680604,FTP-Patator
22,10859026,21,32,2008,2745,95.61904762,85.78125,437.7003978,4.880732397,SSH-Patator
53,292,2,2,104,488,52.0,244.0,2027397.26,13698.63014,BENIGN
21,197,2,1,14,0,7.0,0.0,71065.98985,15228.4264,FTP-Patator
53,348,2,2,64,158,32.0,79.0,637931.0345,11494.25287,BENIGN
80,5063860,4,0,24,0,6.0,0.0,4.739467521,0.789911253,DDoS
80,52360,3,4,26,11607,8.666666667,2901.75,222173.4148,133.6898396,DDoS
21,3,2,0,14,0,7.0,0.0,4666666.667,666666.6667,FTP-Patator
53,71812,1,1,56,272,56.0,272.0,4567.481758,27.85049852,BENIGN
3659,43,1,1,2,6,2.0,6.0,186046.5116,46511.62791,PortScan
53,49585,1,1,51,95,51.0,95.0,2944.438842,40.33477866,BENIGN
443,152850,20,37,887,52758,44.35,1425.891892,350964.9984,372.9146222,BENIGN
22,10634338,21,32,2008,2745,95.61904762,85.78125,446.9483667,4.98385513,SSH-Patator
8194,45,1,1,0,6,0.0,6.0,133333.3333,44444.44444,PortScan
22,13936156,19,31,2008,2745,105.6842105,88.5483871,341.0553097,3.587789919,SSH-Patator
80,140199,3,6,26,11607,8.666666667,1934.5,82974.91423,64.19446644,DDoS
2607,12,1,1,0,6,0.0,6.0,500000.0,166666.6667,PortScan
1130,69,1,1,0,6,0.0,6.0,86956.52174,28985.50725,PortScan
22,41,1,1,0,0,0.0,0.0,0.0,48780.4878,SSH-Patator
21,8811094,9,15,103,188,11.44444444,12.53333333,33.02654585,2.723838833,FTP-Patator
80,731070,3,5,26,11601,8.666666667,2320.2,15904.08579,10.94286457,DDoS
2301,44,1,1,2,6,2.0,6.0,181818.1818,45454.54545,PortScan
808,72,1,1,2,6,2.0,6.0,111111.1111,27777.77778,PortScan
22,12649976,21,32,2008,2745,95.61904762,85.78125,375.7319381,4.189731269,SSH-Patator
80,5263861,4,0,24,0,6.0,0.0,4.559390911,0.759898485,DDoS
1213,33,1,1,2,6,2.0,6.0,242424.2424,60606.06061,PortScan
22,13094254,21,32,2008,2745,95.61904762,85.78125,362.9836415,4.047576899,SSH-Patator
21,223,2,1,14,0,7.0,0.0,62780.26906,13452.9148,FTP-Patator
53,185,2,2,90,122,45.0,61.0,1145945.946,21621.62162,BENIGN
1839,55,1,1,2,6,2.0,6.0,145454.5455,36363.63636,PortScan
21,9161320,9,15,111,188,12.33333333,12.53333333,32.63721822,2.619709823,FTP-Patator
80,80170269,8,6,56,11601,7.0,1933.5,145.4030296,0.174628328,DDoS
21,270,2,1,14,0,7.0,0.0,51851.85185,11111.11111,FTP-Patator
1087,86,1,1,0,6,0.0,6.0,69767.44186,23255.81395,PortScan
80,1570977,4,0,24,0,6.0,0.0,15.27711736,2.546186227,DDoS
22,49,1,1,0,0,0.0,0.0,0.0,40816.32653,SSH-Patator
22,14174614,21,32,2008,2745,95.61904762,85.78125,335.317773,3.739078891,SSH-Patator
50379,9155893,1,6,6,36,6.0,6.0,4.587209571,0.764534928,BENIGN
80,389582,3,7,26,11607,8.666666667,1658.142857,29860.20915,25.66853705,DDoS
55806,70,1,1,6,6,6.0,6.0,171428.5714,28571.42857,BENIGN
57500,75843011,7,9,11607,62,1658.142857,6.888888889,153.8572882,0.210962089,BENIGN
21,9814719,9,15,99,188,11.0,12.53333333,29.2417949,2.445306891,FTP-Patator
80,1408116,3,4,26,11607,8.666666667,2901.75,8261.393237,4.971181352,DDoS
21,251,2,1,14,0,7.0,0.0,55776.89243,11952.19124,FTP-Patator
80,5461978,11,16,352,21992,32.0,1374.5,4090.825705,4.943264144,BENIGN
2492,76,1,1,0,6,0.0,6.0,78947.36842,26315.78947,PortScan
22,13906128,23,32,2008,2745,87.30434783,85.78125,341.7917626,3.955090878,SSH-Patator
90,54,1,1,2,6,2.0,6.0,148148.1481,37037.03704,PortScan
443,5168361,8,5,395,3203,49.375,640.6,696.1588016,2.515304175,BENIGN
45260,4,2,0,0,0,0.0,0.0,0.0,500000.0,BENIGN
21,9926966,9,15,109,188,12.11111111,12.53333333,29.91850682,2.417657117,FTP-Patator
80,92492984,8,4,56,11601,7.0,2900.25,126.0311809,0.12973957,DDoS
139,11611,1,1,0,0,0.0,0.0,0.0,172.2504522,BENIGN
53,30498,1,1,53,128,53.0,128.0,5934.815398,65.57807069,BENIGN
22,44,1,1,0,0,0.0,0.0,0.0,45454.54545,SSH-Patator
80,70963,3,5,26,11601,8.666666667,2320.2,163845.9479,112.7348055,DDoS
53,337219,1,1,55,137,55.0,137.0,569.3629363,5.930863919,BENIGN
22,13532806,22,33,2008,2745,91.27272727,83.18181818,351.220582,4.064197772,SSH-Patator
21,2,2,0,14,0,7.0,0.0,7000000.0,1000000.0,FTP-Patator
1084,41,1,1,2,6,2.0,6.0,195121.9512,48780.4878,PortScan
21,253,2,1,14,0,7.0,0.0,55335.96838,11857.70751,FTP-Patator
21,9311964,9,15,104,188,11.55555556,12.53333333,31.35750954,2.577329552,FTP-Patator
1935,16,1,1,0,6,0.0,6.0,375000.0,125000.0,PortScan
53,23501,1,1,61,139,61.0,139.0,8510.276158,85.10276158,BENIGN
1594,59,1,1,0,6,0.0,6.0,101694.9153,33898.30508,PortScan
80,66894,4,5,427,2266,106.75,453.2,40257.72117,134.5412145,BENIGN
21,217,2,1,14,0,7.0,0.0,64516.12903,13824.88479,FTP-Patator
21,249,2,1,14,0,7.0,0.0,56224.8996,12048.19277,FTP-Patator
443,1,1,1,0,0,0.0,0.0,0.0,2000000.0,BENIGN
21,9226288,9,15,104,188,11.55555556,12.53333333,31.64869772,2.601262826,FTP-Patator
21,258,2,1,14,0,7.0,0.0,54263.56589,11627.90698,FTP-Patator
8099,51,1,1,2,6,2.0,6.0,156862.7451,39215.68627,PortScan
80,2094004,5,0,30,0,6.0,0.0,14.3266202,2.387770033,DDoS
54412,2,2,0,12,0,6.0,0.0,6000000.0,1000000.0,BENIGN
21,8704609,9,15,107,188,11.88888889,12.53333333,33.89009202,2.757160029,FTP-Patator
57408,633023,5,3,11607,26,2321.4,8.666666667,18376.89942,12.63777146,BENIGN
53,201,2,2,76,108,38.0,54.0,915422.8856,19900.49751,BENIGN
80,81808603,8,6,56,11601,7.0,1933.5,142.4911265,0.171131146,DDoS
1761,74,1,1,2,6,2.0,6.0,108108.1081,27027.02703,PortScan
443,63049344,7,2,169,92,24.14285714,46.0,4.139614839,0.142745339,BENIGN
22,12168914,21,32,2008,2745,95.61904762,85.78125,390.5853883,4.355359895,SSH-Patator
22,1530540,39,44,2710,6742,69.48717949,153.2272727,6175.598155,54.22922629,BENIGN
49159,42,1,1,0,6,0.0,6.0,142857.1429,47619.04762,PortScan
22,13219269,22,32,2008,2745,91.27272727,85.78125,359.550895,4.084945998,SSH-Patator
21,258,2,1,14,0,7.0,0.0,54263.56589,11627.90698,FTP-Patator
22,82,1,1,0,0,0.0,0.0,0.0,24390.2439,SSH-Patator
13,95,1,1,2,6,2.0,6.0,84210.52632,21052.63158,PortScan
2040,42,1,1,2,6,2.0,6.0,190476.1905,47619.04762,PortScan
53,67644,1,1,56,119,56.0,119.0,2587.073502,29.56655431,BENIGN
443,99858,21,24,2126,41017,101.2380952,1709.041667,432043.5018,450.6399087,BENIGN
21,209,2,1,14,0,7.0,0.0,66985.64593,14354.06699,FTP-Patator
53,76936,1,1,54,115,54.0,115.0,2196.630966,25.99563273,BENIGN
80,13505,2,0,12,0,6.0,0.0,888.5597927,148.0932988,BENIGN
22,57,1,1,0,0,0.0,0.0,0.0,35087.7193,SSH-Patator
21,205,2,1,14,0,7.0,0.0,68292.68293,14634.14634,FTP-Patator
10566,71,1,1,0,6,0.0,6.0,84507.04225,28169.01408,PortScan
22,11089270,21,32,2008,2745,95.61904762,85.78125,428.6125236,4.779394856,SSH-Patator
22,11914705,20,33,2008,2745,100.4,83.18181818,398.918815,4.448284704,SSH-Patator
21,9432831,9,15,108,188,12.0,12.53333333,31.37976287,2.544305098,FTP-Patator
21,7929763,9,15,105,188,11.66666667,12.53333333,36.94940189,3.026572169,FTP-Patator
445,895,3,1,0,0,0.0,0.0,0.0,4469.273743,PortScan
80,62998885,155,218,1727,346602,11.14193548,1589.917431,5529.129603,5.920739708,BENIGN
993,39,1,1,2,6,2.0,6.0,205128.2051,51282.05128,PortScan
53,46881,2,2,60,264,30.0,132.0,6911.115377,85.32241206,BENIGN
21,9080621,9,15,109,188,12.11111111,12.53333333,32.7070142,2.642991047,FTP-Patator
9099,42,1,1,0,6,0.0,6.0,142857.1429,47619.04762,PortScan
5962,60,1,1,0,6,0.0,6.0,100000.0,33333.33333,PortScan
53,160,2,2,76,132,38.0,66.0,1300000.0,25000.0,BENIGN
443,102357,6,6,1053,3870,175.5,645.0,48096.36859,117.2367303,BENIGN
80,80220982,8,6,56,11601,7.0,1933.5,145.3111108,0.174517933,DDoS
22,11744389,21,32,2008,2745,95.61904762,85.78125,404.7038973,4.512793301,SSH-Patator
80,1149813,3,7,26,11607,8.666666667,1658.142857,10117.29733,8.697066393,DDoS
8093,47,1,1,2,6,2.0,6.0,170212.766,42553.19149,PortScan
53,220,2,2,64,120,32.0,60.0,836363.6364,18181.81818,BENIGN
80,71553,3,4,26,11601,8.666666667,2900.25,162494.9338,97.82958087,DDoS
53,174,2,2,102,134,51.0,67.0,1356321.839,22988.50575,BENIGN
80,7023823,4,0,24,0,6.0,0.0,3.416942597,0.569490433,DDoS
80,6011878,3,1,0,0,0.0,0.0,0.0,0.665349496,BENIGN
80,1607289,3,4,26,11601,8.666666667,2900.25,7233.919973,4.355159526,DDoS
1233,48,1,1,0,6,0.0,6.0,125000.0,41666.66667,PortScan
21,9794876,9,15,96,188,10.66666667,12.53333333,28.99475195,2.450260728,FTP-Patator
22,100,1,1,0,0,0.0,0.0,0.0,20000.0,SSH-Patator
53,30626,1,1,40,94,40.0,94.0,4375.367335,65.30399007,BENIGN
8008,50,1,1,0,6,0.0,6.0,120000.0,40000.0,PortScan
22,11227608,23,32,2008,2745,87.30434783,85.78125,423.3314879,4.89863914,SSH-Patator
22,58,1,1,0,0,0.0,0.0,0.0,34482.75862,SSH-Patator
80,1610961,4,0,24,0,6.0,0.0,14.8979398,2.482989967,DDoS
21,9504756,9,15,100,188,11.11111111,12.53333333,30.30062003,2.525051669,FTP-Patator
22,11094282,23,32,2008,2745,87.30434783,85.78125,428.4188918,4.957508742,SSH-Patator
53,30929,1,1,49,65,49.0,65.0,3685.861166,64.66423098,BENIGN
21,39,2,0,14,0,7.0,0.0,358974.359,51282.05128,FTP-Patator
53,49994,1,1,44,60,44.0,60.0,2080.24963,40.00480058,BENIGN
80,533842,3,6,26,11601,8.666666667,1933.5,21779.85247,16.8589208,DDoS
21,9671064,9,15,106,188,11.77777778,12.53333333,30.39996426,2.481629736,FTP-Patator
22,836,2,2,0,0,0.0,0.0,0.0,4784.688995,SSH-Patator
21,8952639,9,15,108,188,12.0,12.53333333,33.06287677,2.680773792,FTP-Patator
53,245,2,2,66,578,33.0,289.0,2628571.429,16326.53061,BENIGN
36752,73,1,1,6,6,6.0,6.0,164383.5616,27397.26027,BENIGN
80,1824564,3,5,26,11607,8.666666667,2321.4,6375.769773,4.384609145,DDoS
80,59,2,0,0,0,0.0,0.0,0.0,33898.30508,BENIGN
3527,73,1,1,2,6,2.0,6.0,109589.0411,27397.26027,PortScan
22,12788715,22,33,2008,2745,91.27272727,83.18181818,371.6557918,4.300666642,SSH-Patator
22,11543957,21,32,2008,2745,95.61904762,85.78125,411.7305704,4.591146693,SSH-Patator
53,47798,2,2,72,104,36.0,52.0,3682.162434,83.68550985,BENIGN
22,13528187,19,31,2008,2745,105.6842105,88.5483871,351.3405011,3.695986757,SSH-Patator
80,1299411,3,6,26,11607,8.666666667,1934.5,8952.517718,6.926215031,DDoS
21,216,2,1,14,0,7.0,0.0,64814.81481,13888.88889,FTP-Patator
22,14458907,21,32,2008,2745,95.61904762,85.78125,328.7247093,3.665560613,SSH-Patator
39570,60,1,1,0,0,0.0,0.0,0.0,33333.33333,BENIGN
80,9990715,7,4,50,11607,7.142857143,2901.75,1166.783358,1.101022299,DDoS
80,21054,3,4,26,11601,8.666666667,2900.25,552246.604,332.4783889,DDoS
443,892510,9,11,703,3950,78.11111111,359.0909091,5213.386965,22.40871251,BENIGN
21,3,2,0,14,0,7.0,0.0,4666666.667,666666.6667,FTP-Patator
443,4421800,5,1,135,46,27.0,46.0,40.93355647,1.356913474,BENIGN
10024,69,1,1,2,6,2.0,6.0,115942.029,28985.50725,PortScan
80,4000923,4,0,24,0,6.0,0.0,5.998615819,0.999769303,DDoS
80,98561980,8,4,56,11601,7.0,2900.25,118.2707571,0.121750801,DDoS
389,49,1,1,0,6,0.0,6.0,122448.9796,40816.32653,PortScan
3007,71,1,1,0,6,0.0,6.0,84507.04225,28169.01408,PortScan
21,8713255,9,15,102,188,11.33333333,12.53333333,33.28262515,2.75442415,FTP-Patator
443,602,4,1,24,0,6.0,0.0,39867.10963,8305.647841,BENIGN
21,3,2,0,14,0,7.0,0.0,4666666.667,666666.6667,FTP-Patator
53,371,2,2,78,134,39.0,67.0,571428.5714,10781.67116,BENIGN
80,80238241,8,5,56,11607,7.0,2321.4,145.3546321,0.16201751,DDoS
3971,95,1,1,2,6,2.0,6.0,84210.52632,21052.63158,PortScan
53,169,2,2,64,158,32.0,79.0,1313609.467,23668.63905,BENIGN
80,5142855,4,0,24,0,6.0,0.0,4.666668611,0.777778102,DDoS
50480,1368,3,1,31,6,10.33333333,6.0,27046.78363,2923.976608,BENIGN
1999,38,1,1,0,6,0.0,6.0,157894.7368,52631.57895,PortScan
21,284,2,1,14,0,7.0,0.0,49295.77465,10563.38028,FTP-Patator
443,65444232,15,15,753,5462,50.2,364.1333333,94.96635242,0.458405563,BENIGN
22,11753049,19,31,2008,2745,105.6842105,88.5483871,404.4056993,4.254215225,SSH-Patator
21,220,2,1,14,0,7.0,0.0,63636.36364,13636.36364,FTP-Patator
5269,55,1,1,0,6,0.0,6.0,109090.9091,36363.63636,PortScan
21,8920093,9,15,110,188,12.22222222,12.53333333,33.40772344,2.690554908,FTP-Patator
21,217,2,1,14,0,7.0,0.0,64516.12903,13824.88479,FTP-Patator
26,62,1,1,0,6,0.0,6.0,96774.19355,32258.06452,PortScan
100,43,1,1,0,6,0.0,6.0,139534.8837,46511.62791,PortScan
21,9636922,9,15,107,188,11.88888889,12.53333333,30.61143382,2.490421734,FTP-Patator
80,94177003,8,6,56,11601,7.0,1933.5,123.7775638,0.148656249,DDoS
58258,392501,6,2,11607,26,1934.5,13.0,29638.14105,20.38211368,BENIGN
80,10060375,4,0,24,0,6.0,0.0,2.385596958,0.397599493,DDoS
22,13668709,22,32,2008,2745,91.27272727,85.78125,347.7285236,3.950629134,SSH-Patator
9290,44,1,1,0,6,0.0,6.0,136363.6364,45454.54545,PortScan
1130,48,1,1,2,6,2.0,6.0,166666.6667,41666.66667,PortScan
22,12946131,21,32,2008,2745,95.61904762,85.78125,367.1367144,4.093887201,SSH-Patator
22,10851469,21,31,2008,2745,95.61904762,88.5483871,438.0052139,4.791977934,SSH-Patator
22,85,1,1,0,0,0.0,0.0,0.0,23529.41176,SSH-Patator
80,36916,3,6,26,11607,8.666666667,1934.5,315120.8148,243.7967277,DDoS
22,41,1,1,0,0,0.0,0.0,0.0,48780.4878,SSH-Patator
22,11682904,24,32,2008,2745,83.66666667,85.78125,406.8337804,4.793328782,SSH-Patator
80,218928,3,4,26,11601,8.666666667,2900.25,53108.78462,31.97398231,DDoS
22,1937542,13,11,1128,2009,86.76923077,182.6363636,1619.061677,12.38682826,SSH-Patator
443,64083098,2,0,74,0,37.0,0.0,1.154750665,0.031209477,BENIGN
22,11848567,21,32,2008,2745,95.61904762,85.78125,401.1455563,4.473114766,SSH-Patator
80,1557992,3,6,26,11607,8.666666667,1934.5,7466.662216,5.776666376,DDoS
21,253,2,1,14,0,7.0,0.0,55335.96838,11857.70751,FTP-Patator
21,9207680,9,15,112,188,12.44444444,12.53333333,32.58149718,2.606519775,FTP-Patator
21,224,2,1,14,0,7.0,0.0,62500.0,13392.85714,FTP-Patator
3689,57,1,1,2,6,2.0,6.0,140350.8772,35087.7193,PortScan
5555,54,1,1,0,6,0.0,6.0,111111.1111,37037.03704,PortScan
1309,70,1,1,0,6,0.0,6.0,85714.28571,28571.42857,PortScan
53,853,2,2,66,166,33.0,83.0,271981.2427,4689.33177,BENIGN
21,8786309,9,15,99,188,11.0,12.53333333,32.66445558,2.731522417,FTP-Patator
22,11804485,21,32,2008,2745,95.61904762,85.78125,402.6435715,4.489818912,SSH-Patator
80,168532,3,5,26,11607,8.666666667,2321.4,69025.46697,47.46872997,DDoS
44176,53,1,1,0,6,0.0,6.0,113207.5472,37735.84906,PortScan
80,172996,3,4,26,11601,8.666666667,2900.25,67209.64647,40.46336331,DDoS
22,12548527,24,32,2008,2745,83.66666667,85.78125,378.769556,4.462675181,SSH-Patator
22,45,1,1,0,0,0.0,0.0,0.0,44444.44444,SSH-Patator
22,12311204,21,31,2008,2745,95.61904762,88.5483871,386.0710943,4.223794846,SSH-Patator
2522,44,1,1,2,6,2.0,6.0,181818.1818,45454.54545,PortScan
80,4733889,5,0,30,0,6.0,0.0,6.337284208,1.056214035,DDoS
22,11737848,21,32,2008,2745,95.61904762,85.78125,404.9294215,4.515308087,SSH-Patator
443,119762023,44,56,1340,80453,30.45454545,1436.660714,682.9627452,0.834989235,BENIGN
55391,199,3,1,253,6,84.33333333,6.0,1301507.538,20100.50251,BENIGN
21,230,2,1,14,0,7.0,0.0,60869.56522,13043.47826,FTP-Patator
53,49089,2,2,66,98,33.0,49.0,3340.870663,81.48465033,BENIGN
12265,32,1,1,0,6,0.0,6.0,187500.0,62500.0,PortScan
465,49,3,0,37,0,12.33333333,0.0,755102.0408,61224.4898,BENIGN
53,256,2,2,82,152,41.0,76.0,914062.5,15625.0,BENIGN
22,77,1,1,0,0,0.0,0.0,0.0,25974.02597,SSH-Patator
22,70,1,1,0,0,0.0,0.0,0.0,28571.42857,SSH-Patator
80,72264197,8,6,56,11601,7.0,1933.5,161.3108632,0.193733558,DDoS
1100,53,1,1,2,6,2.0,6.0,150943.3962,37735.84906,PortScan
80,3988871,4,0,24,0,6.0,0.0,6.016740075,1.002790013,DDoS
22,11591886,25,36,2072,2905,82.88,80.69444444,429.3520485,5.262301579,SSH-Patator
21,8825406,9,15,101,188,11.22222222,12.53333333,32.74636884,2.719421633,FTP-Patator
21,9570314,9,15,103,188,11.44444444,12.53333333,30.40652585,2.507754709,FTP-Patator
53,235,2,2,64,204,32.0,102.0,1140425.532,17021.2766,BENIGN
443,23757,3,1,0,0,0.0,0.0,0.0,168.3714274,BENIGN
80,4089941,5,0,30,0,6.0,0.0,7.335069137,1.222511523,DDoS
21,234,2,1,14,0,7.0,0.0,59829.05983,12820.51282,FTP-Patator
21,196,2,1,14,0,7.0,0.0,71428.57143,15306.12245,FTP-Patator
53,63748,2,2,94,350,47.0,175.0,6964.92439,62.74706657,BENIGN
53,485,1,1,60,115,60.0,115.0,360824.7423,4123.71134,BENIGN
45112,53,1,1,0,0,0.0,0.0,0.0,37735.84906,BENIGN
80,97204494,8,6,56,11601,7.0,1933.5,119.922439,0.144026263,DDoS
