Destination Port,Flow Duration,Total Fwd Packets,Total Backward Packets,Total Length of Fwd Packets,Total Length of Bwd Packets,Fwd Packet Length Mean,Bwd Packet Length Mean,Flow Bytes/s,Flow Packets/s,Label
54865,3,2,0,12,0,6.0,0.0,4000000.0,666666.6667,BENIGN
55054,109,1,1,6,6,6.0,6.0,110091.7431,18348.62385,BENIGN
55055,52,1,1,6,6,6.0,6.0,230769.2308,38461.53846,BENIGN
46236,34,1,1,6,6,6.0,6.0,352941.1765,58823.52941,BENIGN
54863,3,2,0,12,0,6.0,0.0,4000000.0,666666.6667,BENIGN
54871,1022,2,0,12,0,6.0,0.0,11741.68297,1956.947162,BENIGN
54925,4,2,0,12,0,6.0,0.0,3000000.0,500000.0,BENIGN
54925,42,1,1,6,6,6.0,6.0,285714.2857,47619.04762,BENIGN
9282,4,2,0,12,0,6.0,0.0,3000000.0,500000.0,BENIGN
55153,4,2,0,37,0,18.5,0.0,9250000.0,500000.0,BENIGN
55143,3,2,0,37,0,18.5,0.0,12300000.0,666666.6667,BENIGN
55144,1,2,0,37,0,18.5,0.0,37000000.0,2000000.0,BENIGN
55145,4,2,0,37,0,18.5,0.0,9250000.0,500000.0,BENIGN
55254,3,3,0,43,0,14.33333333,0.0,14300000.0,1000000.0,BENIGN
36206,54,1,1,0,0,0.0,0.0,0.0,37037.03704,BENIGN
53524,1,2,0,0,0,0.0,0.0,0.0,2000000.0,BENIGN
53524,154,1,1,0,0,0.0,0.0,0.0,12987.01299,BENIGN
53526,1,2,0,0,0,0.0,0.0,0.0,2000000.0,BENIGN
53526,118,1,1,0,0,0.0,0.0,0.0,16949.15254,BENIGN
53527,239,1,1,0,0,0.0,0.0,0.0,8368.200837,BENIGN
53528,1,3,0,0,0,0.0,0.0,0.0,3000000.0,BENIGN
53527,1,2,0,0,0,0.0,0.0,0.0,2000000.0,BENIGN
55035,4,2,0,248,0,124.0,0.0,62000000.0,500000.0,BENIGN
55275,5,3,0,254,0,84.66666667,0.0,50800000.0,600000.0,BENIGN
55277,4,2,0,12,0,6.0,0.0,3000000.0,500000.0,BENIGN
8850,4,3,0,43,0,14.33333333,0.0,10800000.0,750000.0,BENIGN
43248,54,1,1,0,0,0.0,0.0,0.0,37037.03704,BENIGN
8678,42,3,0,43,0,14.33333333,0.0,1023809.524,71428.57143,BENIGN
55063,4,2,0,37,0,18.5,0.0,9250000.0,500000.0,BENIGN
55203,3,2,0,37,0,18.5,0.0,12300000.0,666666.6667,BENIGN
55140,3,2,0,37,0,18.5,0.0,12300000.0,666666.6667,BENIGN
55180,737,2,1,37,6,18.5,6.0,58344.64043,4070.556309,BENIGN
55156,3,2,0,37,0,18.5,0.0,12300000.0,666666.6667,BENIGN
55096,3,2,0,37,0,18.5,0.0,12300000.0,666666.6667,BENIGN
55085,3,2,0,37,0,18.5,0.0,12300000.0,666666.6667,BENIGN
8689,276,3,0,43,0,14.33333333,0.0,155797.1014,10869.56522,BENIGN
8817,3,2,0,12,0,6.0,0.0,4000000.0,666666.6667,BENIGN
8816,3,2,0,12,0,6.0,0.0,4000000.0,666666.6667,BENIGN
8886,1,2,0,12,0,6.0,0.0,12000000.0,2000000.0,BENIGN
60350,105,1,1,6,6,6.0,6.0,114285.7143,19047.61905,BENIGN
60346,66,1,1,6,6,6.0,6.0,181818.1818,30303.0303,BENIGN
60352,68,1,1,6,6,6.0,6.0,176470.5882,29411.76471,BENIGN
8833,48,2,0,12,0,6.0,0.0,250000.0,41666.66667,BENIGN
9331,3,2,0,12,0,6.0,0.0,4000000.0,666666.6667,BENIGN
9175,3,2,0,12,0,6.0,0.0,4000000.0,666666.6667,BENIGN
8693,16,1,1,6,6,6.0,6.0,750000.0,125000.0,BENIGN
8695,63,1,1,6,6,6.0,6.0,190476.1905,31746.03175,BENIGN
8690,17,1,1,6,6,6.0,6.0,705882.3529,117647.0588,BENIGN
8694,123,1,1,6,6,6.0,6.0,97560.97561,16260.1626,BENIGN
57683,4,2,0,12,0,6.0,0.0,3000000.0,500000.0,BENIGN
57662,4,2,0,12,0,6.0,0.0,3000000.0,500000.0,BENIGN
54864,49,2,0,12,0,6.0,0.0,244897.9592,40816.32653,BENIGN
57680,3,2,0,12,0,6.0,0.0,4000000.0,666666.6667,BENIGN
60954,46,1,1,0,0,0.0,0.0,0.0,43478.26087,BENIGN
57681,3,2,0,12,0,6.0,0.0,4000000.0,666666.6667,BENIGN
55270,3,2,0,12,0,6.0,0.0,4000000.0,666666.6667,BENIGN
55271,251170,3,0,18,0,6.0,0.0,71.66460963,11.9441016,BENIGN
57674,49,2,0,12,0,6.0,0.0,244897.9592,40816.32653,BENIGN
50485,62,1,1,0,0,0.0,0.0,0.0,32258.06452,BENIGN
57686,175,2,1,12,6,6.0,6.0,102857.1429,17142.85714,BENIGN
33666,37,1,1,0,0,0.0,0.0,0.0,54054.05405,BENIGN
8883,3,2,0,12,0,6.0,0.0,4000000.0,666666.6667,BENIGN
8884,3,2,0,12,0,6.0,0.0,4000000.0,666666.6667,BENIGN
55245,96,1,1,6,6,6.0,6.0,125000.0,20833.33333,BENIGN
55150,1,2,0,12,0,6.0,0.0,12000000.0,2000000.0,BENIGN
55040,48,2,0,12,0,6.0,0.0,250000.0,41666.66667,BENIGN
55039,1,2,0,12,0,6.0,0.0,12000000.0,2000000.0,BENIGN
55043,999588,2,0,12,0,6.0,0.0,12.00494604,2.00082434,BENIGN
55039,75,1,1,6,6,6.0,6.0,160000.0,26666.66667,BENIGN
55040,32,1,1,6,6,6.0,6.0,375000.0,62500.0,BENIGN
53,71693,2,2,74,176,37.0,88.0,3487.09079,55.79345264,BENIGN
53,60738,2,2,74,200,37.0,100.0,4511.179163,65.85663012,BENIGN
21,126188,20,25,176,440,8.8,17.6,4881.605224,356.6107712,BENIGN
34805,8003,15,6,19897,0,1326.466667,0.0,2486192.678,2624.015994,BENIGN
34805,1,2,0,617,0,308.5,0.0,617000000.0,2000000.0,BENIGN
21,50,1,2,0,0,0.0,0.0,0.0,60000.0,BENIGN
139,75,3,1,4,4,1.333333333,4.0,106666.6667,53333.33333,BENIGN
443,208,4,0,46,0,11.5,0.0,221153.8462,19230.76923,BENIGN
443,514004,3,1,0,6,0.0,6.0,11.67306091,7.782040607,BENIGN
80,60130920,5,3,216,1533,43.2,511.0,29.08653318,0.133043033,BENIGN
80,60130912,5,3,213,1619,42.6,539.6666667,30.46685871,0.133043051,BENIGN
443,3895966,5,1,135,46,27.0,46.0,46.45831098,1.540054508,BENIGN
443,3895242,5,1,135,46,27.0,46.0,46.46694608,1.540340754,BENIGN
443,3896308,5,1,135,46,27.0,46.0,46.45423308,1.539919329,BENIGN
443,3895052,5,1,135,46,27.0,46.0,46.46921273,1.540415892,BENIGN
443,3896461,5,1,135,46,27.0,46.0,46.45240899,1.539858862,BENIGN
53,31020664,8,4,372,452,46.5,113.0,26.56293882,0.386838915,BENIGN
53,83718,4,2,184,300,46.0,150.0,5781.313457,71.66917509,BENIGN
445,10706606,29,24,8142,4220,280.7586207,175.8333333,1154.614263,4.950214849,BENIGN
80,60166984,6,4,237,4593,39.5,1148.25,80.27658491,0.16620411,BENIGN
53,24027,2,2,68,100,34.0,50.0,6992.133849,166.4793774,BENIGN
8080,1029807,3,3,0,18,0.0,6.0,17.47900335,5.826334449,BENIGN
80,2979847,2,1,0,0,0.0,0.0,0.0,1.006763099,BENIGN
80,28315,1,1,6,6,6.0,6.0,423.8036376,70.63393961,BENIGN
80,28466,1,1,6,6,6.0,6.0,421.5555399,70.25925666,BENIGN
443,101027175,14,12,1029,991,73.5,82.58333333,19.99462026,0.257356498,BENIGN
53,330,2,2,74,198,37.0,99.0,824242.4242,12121.21212,BENIGN
53,221,2,2,74,106,37.0,53.0,814479.638,18099.54751,BENIGN
53,302,2,2,70,460,35.0,230.0,1754966.887,13245.03311,BENIGN
53,283,2,2,70,460,35.0,230.0,1872791.519,14134.27562,BENIGN
53,166,2,2,70,302,35.0,151.0,2240963.855,24096.38554,BENIGN
53,275,2,2,80,290,40.0,145.0,1345454.545,14545.45455,BENIGN
53,266,2,2,80,326,40.0,163.0,1526315.789,15037.59398,BENIGN
53,102033,2,2,64,196,32.0,98.0,2548.195192,39.20300295,BENIGN
53,51453,2,2,64,204,32.0,102.0,5208.637009,77.74085087,BENIGN
53,1140,2,2,72,246,36.0,123.0,278947.3684,3508.77193,BENIGN
53,293,2,2,72,328,36.0,164.0,1365187.713,13651.87713,BENIGN
22,1333970,41,42,2664,6954,64.97560976,165.5714286,7210.057198,62.22028981,BENIGN
22,187,1,1,0,0,0.0,0.0,0.0,10695.18717,BENIGN
22,1335604,41,42,2728,6634,66.53658537,157.952381,7009.562715,62.14416848,BENIGN
22,111,1,1,0,0,0.0,0.0,0.0,18018.01802,BENIGN
443,143347,47,60,1325,108751,28.19148936,1812.516667,767898.8748,746.4404557,BENIGN
443,143899,46,58,1325,110185,28.80434783,1899.741379,774918.5192,722.7291364,BENIGN
443,142605,45,58,1325,108751,29.44444444,1875.017241,771894.3936,722.274815,BENIGN
443,142499,46,53,1313,100063,28.54347826,1887.981132,711415.5187,694.7417175,BENIGN
443,23828,27,31,162,59368,6.0,1915.096774,2498321.303,2434.11113,BENIGN
443,119090,23,28,1169,45025,50.82608696,1608.035714,387891.5106,428.2475439,BENIGN
443,23841,26,31,156,59368,6.0,1915.096774,2496707.353,2390.83931,BENIGN
443,199037,47,63,1325,100049,28.19148936,1588.079365,509322.3873,552.661063,BENIGN
443,142923,46,60,1307,95705,28.41304348,1595.083333,678771.0865,741.6580956,BENIGN
443,446800,23,28,1169,43577,50.82608696,1556.321429,100147.7171,114.1450313,BENIGN
443,141851,47,55,1325,98601,28.19148936,1792.745455,704443.3948,719.0643704,BENIGN
443,145376,51,60,1331,110185,26.09803922,1836.416667,767086.7268,763.5373101,BENIGN
443,142904,47,56,1313,104393,27.93617021,1864.160714,739699.3786,720.7635895,BENIGN
443,142508,50,59,1331,104393,26.62,1769.372881,741881.1575,764.8693407,BENIGN
443,142561,48,59,1319,110185,27.47916667,1867.542373,782149.3957,750.5559024,BENIGN
443,142389,52,60,1337,110185,25.71153846,1836.416667,783220.614,786.5776148,BENIGN
443,142403,45,58,1319,103922,29.31111111,1791.758621,739036.3967,723.2993687,BENIGN
443,142089,45,55,1313,104393,29.17777778,1898.054545,743942.1771,703.7842479,BENIGN
443,142098,49,58,1325,104393,27.04081633,1799.87931,743979.5071,753.0014497,BENIGN
443,128912,21,26,1169,43577,55.66666667,1676.038462,347105.0019,364.5897977,BENIGN
443,143215,50,61,1337,110185,26.74,1806.311475,778703.3481,775.0584785,BENIGN
443,185921,48,58,1337,105841,27.85416667,1824.844828,576470.6515,570.1346271,BENIGN
443,131198,29,50,1169,92809,40.31034483,1856.18,716306.651,602.1433254,BENIGN
443,187746,48,64,1331,100049,27.72916667,1563.265625,539984.8732,596.5506589,BENIGN
443,188450,47,59,1325,100049,28.19148936,1695.745763,537935.792,562.4834174,BENIGN
443,300724,49,65,1325,102959,27.04081633,1583.984615,346776.4462,379.0851412,BENIGN
443,195652,49,60,1343,105841,27.40816327,1764.016667,547829.8203,557.1116063,BENIGN
443,143173,51,58,1337,104393,26.21568627,1799.87931,738477.2269,761.3167287,BENIGN
443,142748,47,57,1325,108751,28.19148936,1907.912281,771121.1365,728.5566173,BENIGN
443,142235,47,57,1319,101497,28.06382979,1780.649123,722860.0555,731.1843077,BENIGN
443,152597,42,51,1283,95705,30.54761905,1876.568627,635582.613,609.4484164,BENIGN
443,142263,47,58,1331,104393,28.31914894,1799.87931,743158.7974,738.0696316,BENIGN
443,142478,49,57,1325,104393,27.04081633,1831.45614,741995.2554,743.9745083,BENIGN
443,125417,29,55,1169,98601,40.31034483,1792.745455,795506.1913,669.7656618,BENIGN
443,188411,43,59,1313,105841,30.53488372,1793.915254,568724.756,541.3696653,BENIGN
443,141785,44,55,1313,93786,29.84090909,1705.2,670726.8047,698.2402934,BENIGN
443,155181,78,106,1457,215903,18.67948718,2036.820755,1400686.94,1185.712168,BENIGN
443,200946,47,56,1325,100049,28.19148936,1786.589286,504483.7917,512.5755178,BENIGN
443,142298,45,55,1301,104393,28.91111111,1898.054545,742765.1829,702.7505657,BENIGN
443,196861,44,58,1319,105841,29.97727273,1824.844828,544343.4708,518.132083,BENIGN
443,197144,45,56,1313,100049,29.17777778,1786.589286,514152.0919,512.3158706,BENIGN
443,142230,53,61,1343,110185,25.33962264,1806.311475,784138.3674,801.5186669,BENIGN
443,143922,46,59,1313,110185,28.54347826,1867.542373,774711.302,729.561846,BENIGN
443,142755,47,59,1331,108751,28.31914894,1843.237288,771125.3546,742.5309096,BENIGN
443,124970,31,50,1169,95705,37.70967742,1914.1,775178.0427,648.1555573,BENIGN
443,142117,47,54,1325,102959,28.19148936,1906.648148,733789.7648,710.6820437,BENIGN
443,142224,45,54,1307,102959,29.04444444,1906.648148,733111.1486,696.0850489,BENIGN
443,143176,48,57,1319,104393,27.47916667,1831.45614,738336.034,733.3631335,BENIGN
443,142472,47,65,1319,110185,28.06382979,1695.153846,782637.992,786.1193778,BENIGN
443,185687,47,59,1325,105841,28.19148936,1793.915254,577132.4864,570.8531023,BENIGN
443,142746,42,56,1319,108751,31.4047619,1941.982143,771089.9079,686.5341235,BENIGN
443,185922,46,58,1319,105841,28.67391304,1824.844828,576370.7361,559.3743613,BENIGN
443,143435,49,58,1325,108751,27.04081633,1875.017241,767427.7547,745.9825008,BENIGN
443,186578,48,62,1331,100049,27.72916667,1613.693548,543365.2413,589.565758,BENIGN
443,190175,49,60,1337,105841,27.28571429,1764.016667,563575.654,573.1563034,BENIGN
443,142210,44,56,1313,110185,29.84090909,1967.589286,784037.6907,703.18543,BENIGN
443,142963,50,61,1337,110185,26.74,1806.311475,780075.9637,776.4246693,BENIGN
443,142878,48,61,1331,110185,27.72916667,1806.311475,780498.0473,762.8886183,BENIGN
443,190109,47,54,1331,107303,28.31914894,1987.092593,571430.0743,531.2741638,BENIGN
443,143397,49,59,1319,113081,26.91836735,1916.627119,797785.1698,753.1538317,BENIGN
443,250001,19,27,1169,46473,61.52631579,1721.222222,190567.2377,183.999264,BENIGN
443,188539,45,59,1319,104407,29.31111111,1769.610169,560764.6163,551.6100117,BENIGN
443,142469,48,59,1325,110185,27.60416667,1867.542373,782696.5866,751.0405772,BENIGN
443,23598,26,30,156,56486,6.0,1882.866667,2400288.16,2373.082465,BENIGN
443,142921,49,58,1325,104393,27.04081633,1799.87931,739695.3562,748.6653466,BENIGN
443,142553,44,55,1319,105855,29.97727273,1924.636364,751818.6218,694.4785448,BENIGN
443,142823,48,53,1319,104393,27.47916667,1969.679245,740160.8985,707.1690134,BENIGN
443,143432,49,61,1331,110185,27.16326531,1806.311475,777483.4068,766.9139383,BENIGN
443,153205,69,116,1415,215903,20.50724638,1861.232759,1418478.509,1207.532391,BENIGN
443,118987,22,27,1169,43577,53.13636364,1613.962963,376057.8887,411.8096935,BENIGN
443,143445,48,59,1331,105855,27.72916667,1794.152542,747227.1602,745.930496,BENIGN
443,24781,25,29,150,55024,6.0,1897.37931,2226463.823,2179.088818,BENIGN
443,142625,45,55,1319,108751,29.31111111,1977.290909,771744.0841,701.1393514,BENIGN
443,144147,47,58,1313,110185,27.93617021,1899.741379,773502.05,728.4230681,BENIGN
443,312417,24,31,1169,47921,48.70833333,1545.83871,157129.7337,176.046758,BENIGN
443,197560,44,56,1313,105841,29.84090909,1890.017857,542387.1229,506.1753391,BENIGN
443,207397,48,55,1337,105841,27.85416667,1924.381818,516777.0026,496.6320631,BENIGN
443,144045,48,58,1325,107289,27.60416667,1849.810345,754028.2551,735.8811483,BENIGN
443,201971,47,57,1325,100049,28.19148936,1755.245614,501923.5435,514.9254101,BENIGN
443,188080,43,56,1313,104407,30.53488372,1864.410714,562101.2335,526.3717567,BENIGN
443,142377,46,62,1325,105855,28.80434783,1707.33871,752790.1276,758.5494848,BENIGN
443,196656,44,58,1313,101511,29.84090909,1750.189655,522862.2569,518.6721992,BENIGN
443,141942,47,56,1319,104393,28.06382979,1864.160714,744754.8999,725.6485043,BENIGN
443,142878,50,61,1331,110185,26.62,1806.311475,780498.0473,776.8865746,BENIGN
443,125846,30,53,1169,98601,38.96666667,1860.396226,792794.3677,659.5362586,BENIGN
443,119881,20,26,1169,46473,58.45,1787.423077,397410.7657,383.7138496,BENIGN
443,23547,25,28,150,56486,6.0,2017.357143,2405232.089,2250.817514,BENIGN
443,142554,47,57,1313,104393,27.93617021,1831.45614,741515.4959,729.5481011,BENIGN
443,142702,44,53,1307,101497,29.70454545,1915.037736,720410.3657,679.7381957,BENIGN
80,1293792,3,7,26,11607,8.666666667,1658.142857,8991.398927,7.72921768,DDoS
80,4421382,4,0,24,0,6.0,0.0,5.42816703,0.904694505,DDoS
80,1083538,3,6,26,11601,8.666666667,1933.5,10730.58813,8.306123089,DDoS
80,80034360,8,4,56,11601,7.0,2900.25,145.6499433,0.149935603,DDoS
80,642654,3,6,26,11607,8.666666667,1934.5,18101.49785,14.0044254,DDoS
80,79731718,8,5,56,11601,7.0,2320.2,146.2027947,0.163046781,DDoS
80,306157,3,6,26,11607,8.666666667,1934.5,37996.84476,29.39668209,DDoS
80,79780371,8,4,56,11607,7.0,2901.75,146.1888414,0.150412938,DDoS
80,682575,3,5,26,11607,8.666666667,2321.4,17042.81581,11.72032377,DDoS
80,79098660,8,6,56,11607,7.0,1934.5,147.4487684,0.176994149,DDoS
80,670265,3,6,26,11607,8.666666667,1934.5,17355.82195,13.42752493,DDoS
80,79099557,7,6,50,11607,7.142857143,1934.5,147.3712425,0.164349846,DDoS
80,1270646,3,6,26,11607,8.666666667,1934.5,9155.18563,7.083011319,DDoS
80,77818286,8,6,56,11601,7.0,1933.5,149.7976966,0.179906301,DDoS
80,1281820,3,6,26,11607,8.666666667,1934.5,9075.377198,7.021266637,DDoS
80,77807512,8,6,56,11607,7.0,1934.5,149.8955525,0.179931213,DDoS
80,13724,3,6,26,11601,8.666666667,1933.5,847201.9819,655.7854853,DDoS
80,10453138,4,0,24,0,6.0,0.0,2.29596127,0.382660212,DDoS
80,1632,3,6,26,11607,8.666666667,1934.5,7128063.725,5514.705882,DDoS
80,10440135,5,0,30,0,6.0,0.0,2.873526061,0.47892101,DDoS
80,1604,3,6,26,11607,8.666666667,1934.5,7252493.766,5610.972569,DDoS
80,10426959,4,0,24,0,6.0,0.0,2.301725748,0.383620958,DDoS
80,1533,3,6,26,11607,8.666666667,1934.5,7588388.78,5870.841487,DDoS
80,10417544,4,0,24,0,6.0,0.0,2.303805964,0.383967661,DDoS
80,1393,3,6,26,11607,8.666666667,1934.5,8351040.919,6460.875808,DDoS
80,10414106,4,0,24,0,6.0,0.0,2.304566518,0.38409442,DDoS
80,1590,3,6,26,11607,8.666666667,1934.5,7316352.201,5660.377358,DDoS
80,10403699,4,0,24,0,6.0,0.0,2.306871815,0.384478636,DDoS
80,1217,3,6,26,11607,8.666666667,1934.5,9558751.027,7395.234182,DDoS
80,10401308,4,0,24,0,6.0,0.0,2.307402108,0.384567018,DDoS
80,658536,3,6,26,11607,8.666666667,1934.5,17664.94163,13.66667881,DDoS
80,9733523,4,0,24,0,6.0,0.0,2.465705377,0.410950896,DDoS
80,1655458,3,6,26,11607,8.666666667,1934.5,7027.058373,5.436561967,DDoS
80,8734350,4,0,24,0,6.0,0.0,2.747771729,0.457961955,DDoS
80,1271648,3,6,26,11607,8.666666667,1934.5,9147.971766,7.077430232,DDoS
80,8452090,4,0,24,0,6.0,0.0,2.839534364,0.473255727,DDoS
80,283381,3,5,26,11607,8.666666667,2321.4,41050.74088,28.23054474,DDoS
80,8439207,4,0,24,0,6.0,0.0,2.843869098,0.473978183,DDoS
80,53148,3,6,26,11607,8.666666667,1934.5,218879.3558,169.3384511,DDoS
80,8424013,4,0,24,0,6.0,0.0,2.848998452,0.474833075,DDoS
80,24707,3,5,26,11607,8.666666667,2321.4,470838.224,323.7948759,DDoS
80,8415090,4,0,24,0,6.0,0.0,2.852019408,0.475336568,DDoS
80,15548,3,6,26,11607,8.666666667,1934.5,748199.1253,578.8525855,DDoS
80,8411825,4,0,24,0,6.0,0.0,2.853126402,0.475521067,DDoS
80,9613,3,6,26,11607,8.666666667,1934.5,1210132.113,936.2321856,DDoS
80,8403319,4,0,24,0,6.0,0.0,2.856014391,0.476002399,DDoS
80,4184,3,6,26,11607,8.666666667,1934.5,2780353.728,2151.051625,DDoS
80,8399787,4,0,24,0,6.0,0.0,2.857215308,0.476202551,DDoS
80,668769,3,6,26,11607,8.666666667,1934.5,17394.64598,13.45756158,DDoS
80,7731256,5,0,30,0,6.0,0.0,3.880352688,0.646725448,DDoS
80,659835,3,6,26,11607,8.666666667,1934.5,17630.16512,13.63977358,DDoS
80,7731078,4,0,24,0,6.0,0.0,3.104353623,0.517392271,DDoS
80,1655971,3,6,26,11607,8.666666667,1934.5,7024.881474,5.434877785,DDoS
80,6731582,4,0,24,0,6.0,0.0,3.565283762,0.59421396,DDoS
80,1271982,3,6,26,11607,8.666666667,1934.5,9145.56967,7.075571824,DDoS
80,6448146,4,0,24,0,6.0,0.0,3.722000091,0.620333349,DDoS
80,1282555,3,6,26,11607,8.666666667,1934.5,9070.176328,7.017242925,DDoS
80,6438204,5,0,30,0,6.0,0.0,4.659684595,0.776614099,DDoS
80,306849,3,6,26,11607,8.666666667,1934.5,37911.155,29.33038726,DDoS
80,6412382,4,0,24,0,6.0,0.0,3.742758931,0.623793155,DDoS
80,35992,3,6,26,11607,8.666666667,1934.5,323210.7135,250.0555679,DDoS
80,6400548,4,0,24,0,6.0,0.0,3.749678934,0.624946489,DDoS
80,28338,3,6,26,11607,8.666666667,1934.5,410508.8574,317.5947491,DDoS
80,6396903,4,0,24,0,6.0,0.0,3.751815527,0.625302588,DDoS
80,674102,3,6,26,11607,8.666666667,1934.5,17257.03232,13.35109523,DDoS
80,5727050,5,0,30,0,6.0,0.0,5.23829895,0.873049825,DDoS
80,1658353,3,6,26,11607,8.666666667,1934.5,7014.791181,5.427071317,DDoS
80,4730808,4,0,24,0,6.0,0.0,5.073129157,0.845521526,DDoS
80,1658555,3,6,26,11607,8.666666667,1934.5,7013.936831,5.426410339,DDoS
80,4726615,4,0,24,0,6.0,0.0,5.077629551,0.846271592,DDoS
80,11390,3,6,26,11601,8.666666667,1933.5,1020807.726,790.166813,DDoS
80,8039786,5,0,30,0,6.0,0.0,3.731442603,0.621907101,DDoS
80,11469,3,6,26,11601,8.666666667,1933.5,1013776.266,784.7240387,DDoS
80,8037798,5,0,30,0,6.0,0.0,3.732365506,0.622060918,DDoS
80,10415,3,4,26,11601,8.666666667,2900.25,1116370.619,672.1075372,DDoS
80,8036938,5,0,30,0,6.0,0.0,3.732764891,0.622127482,DDoS
80,9827,3,5,26,11601,8.666666667,2320.2,1183168.821,814.0836471,DDoS
80,8034753,5,0,30,0,6.0,0.0,3.733779993,0.622296665,DDoS
80,8812,3,4,26,11601,8.666666667,2900.25,1319450.749,794.3713118,DDoS
80,8033798,5,0,30,0,6.0,0.0,3.734223838,0.62237064,DDoS
80,8003,3,4,26,11601,8.666666667,2900.25,1452830.189,874.671998,DDoS
80,8032782,4,0,24,0,6.0,0.0,2.987756919,0.497959487,DDoS
80,8031465,4,0,24,0,6.0,0.0,2.988246852,0.498041142,DDoS
80,12740,3,6,26,11601,8.666666667,1933.5,912637.3626,706.4364207,DDoS
80,8029795,5,0,30,0,6.0,0.0,3.736085417,0.622680903,DDoS
80,842118,3,6,26,11607,8.666666667,1934.5,13813.97856,10.68733835,DDoS
80,7187822,4,0,24,0,6.0,0.0,3.338980848,0.556496808,DDoS
80,901739,3,6,26,11607,8.666666667,1934.5,12900.62867,9.980715041,DDoS
80,7126496,5,0,30,0,6.0,0.0,4.209642439,0.701607073,DDoS
80,903357,3,6,26,11607,8.666666667,1934.5,12877.5224,9.962838612,DDoS
80,7123335,4,0,24,0,6.0,0.0,3.369208383,0.561534731,DDoS
80,902779,3,5,26,11607,8.666666667,2321.4,12885.76717,8.861526464,DDoS
80,7122419,5,0,30,0,6.0,0.0,4.212052113,0.702008686,DDoS
80,902069,3,5,26,11607,8.666666667,2321.4,12895.90929,8.86850119,DDoS
80,7121367,4,0,24,0,6.0,0.0,3.370139469,0.561689912,DDoS
80,906594,3,5,26,11607,8.666666667,2321.4,12831.54312,8.824236648,DDoS
80,7115266,5,0,30,0,6.0,0.0,4.216286503,0.702714417,DDoS
80,905592,3,5,26,11607,8.666666667,2321.4,12845.74069,8.8340003,DDoS
80,7109276,4,0,24,0,6.0,0.0,3.375871186,0.562645198,DDoS
80,905985,3,5,26,11607,8.666666667,2321.4,12840.16844,8.83016827,DDoS
80,7107579,4,0,24,0,6.0,0.0,3.376677206,0.562779534,DDoS
80,440356,3,6,26,11607,8.666666667,1934.5,26417.2624,20.43800925,DDoS
80,7093229,5,0,30,0,6.0,0.0,4.229385517,0.704897586,DDoS
80,130586,3,6,26,11607,8.666666667,1934.5,89083.05638,68.92009863,DDoS
80,7040809,4,0,24,0,6.0,0.0,3.408699199,0.568116533,DDoS
80,99076,3,6,26,11607,8.666666667,1934.5,117414.9138,90.83935565,DDoS
80,7010466,4,0,24,0,6.0,0.0,3.423452877,0.57057548,DDoS
80,99854,3,5,26,11607,8.666666667,2321.4,116500.0901,80.11697078,DDoS
80,7007965,4,0,24,0,6.0,0.0,3.424674638,0.570779106,DDoS
80,99343,3,6,26,11607,8.666666667,1934.5,117099.3427,90.59521053,DDoS
80,7006987,4,0,24,0,6.0,0.0,3.425152637,0.570858773,DDoS
80,101190,3,5,26,11607,8.666666667,2321.4,114961.9528,79.05919557,DDoS
80,7003621,4,0,24,0,6.0,0.0,3.426798795,0.571133132,DDoS
80,99737,3,5,26,11607,8.666666667,2321.4,116636.7547,80.21095481,DDoS
80,7001059,4,0,24,0,6.0,0.0,3.428052813,0.571342136,DDoS
80,100287,3,6,26,11607,8.666666667,1934.5,115997.0884,89.7424392,DDoS
80,6999281,4,0,24,0,6.0,0.0,3.428923628,0.571487271,DDoS
80,101436,3,6,26,11607,8.666666667,1934.5,114683.15,88.72589613,DDoS
80,6996959,4,0,24,0,6.0,0.0,3.430061545,0.571676924,DDoS
80,85845,3,6,26,11607,8.666666667,1934.5,135511.678,104.8401188,DDoS
80,6993630,4,0,24,0,6.0,0.0,3.43169427,0.571949045,DDoS
80,500825,3,6,26,11607,8.666666667,1934.5,23227.67434,17.97034892,DDoS
80,6523113,4,0,24,0,6.0,0.0,3.679224934,0.613204156,DDoS
80,906698,3,6,26,11607,8.666666667,1934.5,12830.07131,9.926127553,DDoS
80,6088411,5,0,30,0,6.0,0.0,4.927394028,0.821232338,DDoS
80,904862,3,6,26,11607,8.666666667,1934.5,12856.10402,9.94626805,DDoS
80,6087669,5,0,30,0,6.0,0.0,4.927994607,0.821332434,DDoS
80,906939,3,5,26,11607,8.666666667,2321.4,12826.66199,8.820879905,DDoS
80,6084954,4,0,24,0,6.0,0.0,3.944154713,0.657359119,DDoS
80,916317,3,6,26,11607,8.666666667,1934.5,12695.38817,9.821928437,DDoS
80,6072504,4,0,24,0,6.0,0.0,3.952241118,0.658706853,DDoS
80,915747,3,5,26,11607,8.666666667,2321.4,12703.29032,8.736037355,DDoS
80,6071099,4,0,24,0,6.0,0.0,3.953155763,0.658859294,DDoS
80,916020,3,6,26,11607,8.666666667,1934.5,12699.50438,9.825112989,DDoS
80,6077709,4,0,24,0,6.0,0.0,3.948856387,0.658142731,DDoS
80,915826,3,6,26,11607,8.666666667,1934.5,12702.19452,9.827194249,DDoS
80,6066574,4,0,24,0,6.0,0.0,3.956104384,0.659350731,DDoS
80,912720,3,5,26,11607,8.666666667,2321.4,12745.42028,8.76501008,DDoS
80,6067515,4,0,24,0,6.0,0.0,3.955490839,0.659248473,DDoS
80,446543,3,5,26,11607,8.666666667,2321.4,26051.24255,17.91540792,DDoS
80,6062903,4,0,24,0,6.0,0.0,3.958499748,0.659749958,DDoS
80,14457,3,5,26,11607,8.666666667,2321.4,804662.1014,553.3651518,DDoS
80,37277,3,6,26,11607,8.666666667,1934.5,312069.1043,241.4357379,DDoS
80,6044025,4,0,24,0,6.0,0.0,3.970863787,0.661810631,DDoS
80,36129,3,4,26,11607,8.666666667,2901.75,321985.1089,193.750173,DDoS
80,6033004,6,0,36,0,6.0,0.0,5.967176551,0.994529425,DDoS
80,21958,3,4,26,11601,8.666666667,2900.25,529510.8844,318.7904181,DDoS
80,6037912,5,0,30,0,6.0,0.0,4.968605041,0.82810084,DDoS
80,20840,3,4,26,11601,8.666666667,2900.25,557917.4664,335.8925144,DDoS
80,6033843,5,0,30,0,6.0,0.0,4.971955684,0.828659281,DDoS
80,19373,3,5,26,11601,8.666666667,2320.2,600165.1783,412.9458525,DDoS
80,6036893,4,0,24,0,6.0,0.0,3.975554975,0.662592496,DDoS
80,16816,3,4,26,11601,8.666666667,2900.25,691424.8335,416.2702188,DDoS
80,6036872,4,0,24,0,6.0,0.0,3.975568805,0.662594801,DDoS
80,16392,3,4,26,11601,8.666666667,2900.25,709309.4192,427.0375793,DDoS
80,6033036,5,0,30,0,6.0,0.0,4.97262075,0.828770125,DDoS
80,7357,3,5,26,11601,8.666666667,2320.2,1580399.619,1087.399755,DDoS
80,6028764,5,0,30,0,6.0,0.0,4.976144364,0.829357394,DDoS
80,6110,3,6,26,11601,8.666666667,1933.5,1902945.99,1472.99509,DDoS
80,6023754,4,0,24,0,6.0,0.0,3.984226447,0.664037741,DDoS
80,4948,3,6,26,11601,8.666666667,1933.5,2349838.319,1818.916734,DDoS
80,6029868,5,0,30,0,6.0,0.0,4.975233289,0.829205548,DDoS
80,840069,3,6,26,11601,8.666666667,1933.5,13840.52977,10.71340568,DDoS
80,5183903,4,0,24,0,6.0,0.0,4.629716258,0.771619376,DDoS
80,839391,3,6,26,11607,8.666666667,1934.5,13858.8572,10.72205921,DDoS
80,5181899,5,0,30,0,6.0,0.0,5.78938339,0.964897232,DDoS
80,869285,3,6,26,11607,8.666666667,1934.5,13382.26243,10.35333636,DDoS
80,5158948,4,0,24,0,6.0,0.0,4.652111244,0.775351874,DDoS
80,859302,3,6,26,11607,8.666666667,1934.5,13537.73179,10.47361696,DDoS
80,5167366,4,0,24,0,6.0,0.0,4.64453263,0.774088772,DDoS
80,901576,3,6,26,11607,8.666666667,1934.5,12902.96104,9.982519499,DDoS
80,5122415,4,0,24,0,6.0,0.0,4.685290044,0.780881674,DDoS
80,901656,3,6,26,11607,8.666666667,1934.5,12901.81621,9.981633794,DDoS
80,5121655,4,0,24,0,6.0,0.0,4.685985292,0.780997549,DDoS
80,900927,3,5,26,11607,8.666666667,2321.4,12912.25593,8.879742754,DDoS
80,5120676,4,0,24,0,6.0,0.0,4.686881185,0.781146864,DDoS
80,899992,3,5,26,11607,8.666666667,2321.4,12925.67045,8.888967902,DDoS
80,5116470,4,0,24,0,6.0,0.0,4.690734041,0.781789007,DDoS
80,898313,3,5,26,11607,8.666666667,2321.4,12949.82929,8.905581907,DDoS
80,5114543,4,0,24,0,6.0,0.0,4.692501363,0.782083561,DDoS
80,500999,3,6,26,11607,8.666666667,1934.5,23219.60722,17.96410771,DDoS
80,5035810,4,0,24,0,6.0,0.0,4.765866862,0.794311144,DDoS
80,137228,3,6,26,11607,8.666666667,1934.5,84771.32947,65.58428309,DDoS
80,5035408,4,0,24,0,6.0,0.0,4.766247343,0.794374557,DDoS
80,139720,3,5,26,11607,8.666666667,2321.4,83259.37589,57.25737189,DDoS
80,5030796,4,0,24,0,6.0,0.0,4.770616817,0.795102803,DDoS
80,136196,3,6,26,11607,8.666666667,1934.5,85413.66854,66.08123587,DDoS
80,5012236,4,0,24,0,6.0,0.0,4.788282116,0.798047019,DDoS
80,132606,3,6,26,11607,8.666666667,1934.5,87726.04558,67.87023212,DDoS
80,5010694,4,0,24,0,6.0,0.0,4.789755671,0.798292612,DDoS
80,108736,3,7,26,11607,8.666666667,1658.142857,106983.8876,91.96586227,DDoS
80,5001567,4,0,24,0,6.0,0.0,4.798496151,0.799749359,DDoS
80,107698,3,6,26,11607,8.666666667,1934.5,108015.0049,83.56701146,DDoS
80,5002523,4,0,24,0,6.0,0.0,4.797579142,0.799596524,DDoS
80,110346,3,6,26,11607,8.666666667,1934.5,105422.9424,81.56163341,DDoS
80,4999085,4,0,24,0,6.0,0.0,4.800878561,0.800146427,DDoS
80,109533,3,6,26,11607,8.666666667,1934.5,106205.4358,82.16701816,DDoS
80,4997053,4,0,24,0,6.0,0.0,4.802830788,0.800471798,DDoS
80,111384,3,6,26,11607,8.666666667,1934.5,104440.4941,80.80155139,DDoS
80,4994455,5,0,30,0,6.0,0.0,6.006661387,1.001110231,DDoS
80,1878,3,6,382,11595,127.3333333,1932.5,6377529.286,4792.332268,DoS Hulk
80,1550,3,6,372,11595,124.0,1932.5,7720645.161,5806.451613,DoS Hulk
80,497,4,0,0,0,0.0,0.0,0.0,8048.289738,DoS Hulk
80,1893,3,7,348,11595,116.0,1656.428571,6309033.281,5282.62018,DoS Hulk
80,1942,3,6,351,11595,117.0,1932.5,6151390.319,4634.397528,DoS Hulk
80,3720,3,6,349,11595,116.3333333,1932.5,3210752.688,2419.354839,DoS Hulk
80,1381,3,4,372,11595,124.0,2898.75,8665459.812,5068.790731,DoS Hulk
80,4357,3,6,326,11595,108.6666667,1932.5,2736056.92,2065.641496,DoS Hulk
80,684,2,0,0,0,0.0,0.0,0.0,2923.976608,DoS Hulk
80,2791,3,5,306,11595,102.0,2319.0,4264063.06,2866.356145,DoS Hulk
80,4053,3,6,353,11595,117.6666667,1932.5,2947939.798,2220.57735,DoS Hulk
80,2758,3,5,382,11595,127.3333333,2319.0,4342639.594,2900.652647,DoS Hulk
80,3385,3,4,348,11595,116.0,2898.75,3528212.703,2067.946824,DoS Hulk
80,4520,3,5,371,11595,123.6666667,2319.0,2647345.133,1769.911504,DoS Hulk
80,4625,3,5,358,11595,119.3333333,2319.0,2584432.432,1729.72973,DoS Hulk
80,3,2,0,0,0,0.0,0.0,0.0,666666.6667,DoS Hulk
80,2934,3,6,324,11595,108.0,1932.5,4062372.188,3067.484663,DoS Hulk
80,1,2,0,0,0,0.0,0.0,0.0,2000000.0,DoS Hulk
80,5,2,0,0,0,0.0,0.0,0.0,400000.0,DoS Hulk
80,3,2,0,0,0,0.0,0.0,0.0,666666.6667,DoS Hulk
80,7464,3,6,318,11595,106.0,1932.5,1596061.093,1205.787781,DoS Hulk
80,9688,3,7,326,11595,108.6666667,1656.428571,1230491.329,1032.204789,DoS Hulk
80,8893,3,6,358,11595,119.3333333,1932.5,1344090.858,1012.031935,DoS Hulk
80,9877,3,5,335,11595,111.6666667,2319.0,1207856.637,809.9625392,DoS Hulk
80,9870,3,6,349,11595,116.3333333,1932.5,1210131.712,911.8541033,DoS Hulk
80,7957,3,7,347,11595,115.6666667,1656.428571,1500816.891,1256.755058,DoS Hulk
80,6776,3,4,345,11595,115.0,2898.75,1762101.535,1033.057851,DoS Hulk
80,9991,3,5,354,11595,118.0,2319.0,1195976.379,800.7206486,DoS Hulk
80,8596,3,6,325,11595,108.3333333,1932.5,1386691.484,1046.998604,DoS Hulk
80,7505,3,5,306,11595,102.0,2319.0,1585742.838,1065.956029,DoS Hulk
80,984,2,0,0,0,0.0,0.0,0.0,2032.520325,DoS Hulk
80,7434,3,6,353,11595,117.6666667,1932.5,1607210.116,1210.653753,DoS Hulk
80,8604,3,6,358,11595,119.3333333,1932.5,1389237.564,1046.025105,DoS Hulk
80,8435,3,5,375,11595,125.0,2319.0,1419087.137,948.4291642,DoS Hulk
80,1,2,0,0,0,0.0,0.0,0.0,2000000.0,DoS Hulk
80,992,2,0,0,0,0.0,0.0,0.0,2016.129032,DoS Hulk
80,10583,3,6,351,11595,117.0,1932.5,1128791.458,850.4204857,DoS Hulk
80,10559,3,5,303,11595,101.0,2319.0,1126811.251,757.6475045,DoS Hulk
80,12402,3,4,340,11595,113.3333333,2898.75,962344.7831,564.4250927,DoS Hulk
80,15550,3,5,351,11595,117.0,2319.0,768231.5113,514.4694534,DoS Hulk
80,11570,3,6,313,11595,104.3333333,1932.5,1029213.483,777.8738116,DoS Hulk
80,13305,2,2,12,0,6.0,0.0,901.9165727,300.6388576,DoS Hulk
80,14625,3,6,362,11595,120.6666667,1932.5,817572.6496,615.3846154,DoS Hulk
80,14511,3,5,369,11595,123.0,2319.0,824477.9822,551.3059059,DoS Hulk
80,16683,3,6,371,11595,123.6666667,1932.5,717257.0881,539.4713181,DoS Hulk
80,15455,3,6,342,11595,114.0,1932.5,772371.4008,582.3358137,DoS Hulk
80,17499,3,6,324,11595,108.0,1932.5,681124.6357,514.3151037,DoS Hulk
80,16414,3,6,316,11595,105.3333333,1932.5,725661.0211,548.3124162,DoS Hulk
80,17571,3,6,318,11595,106.0,1932.5,677992.1461,512.2076148,DoS Hulk
80,17501,3,6,316,11595,105.3333333,1932.5,680589.6806,514.2563282,DoS Hulk
80,17553,3,6,358,11595,119.3333333,1932.5,680966.2166,512.7328662,DoS Hulk
80,4,2,0,0,0,0.0,0.0,0.0,500000.0,DoS Hulk
80,18592,3,6,325,11595,108.3333333,1932.5,641135.9725,484.0791738,DoS Hulk
80,4,2,0,0,0,0.0,0.0,0.0,500000.0,DoS Hulk
80,20609,3,6,371,11595,123.6666667,1932.5,580620.1174,436.7024116,DoS Hulk
80,4,2,0,0,0,0.0,0.0,0.0,500000.0,DoS Hulk
80,20592,3,6,312,11595,104.0,1932.5,578234.2657,437.0629371,DoS Hulk
80,1,2,0,0,0,0.0,0.0,0.0,2000000.0,DoS Hulk
80,23295,3,7,360,11595,120.0,1656.428571,513200.2576,429.2766688,DoS Hulk
80,20495,3,5,335,11595,111.6666667,2319.0,582093.1935,390.3391071,DoS Hulk
80,3,2,0,0,0,0.0,0.0,0.0,666666.6667,DoS Hulk
80,23302,3,4,316,11595,105.3333333,2898.75,511157.8405,300.4033988,DoS Hulk
80,27734,3,7,301,11595,100.3333333,1656.428571,428931.9968,360.5682556,DoS Hulk
80,1,2,0,0,0,0.0,0.0,0.0,2000000.0,DoS Hulk
80,28159,3,8,411,11595,137.0,1449.375,426364.5726,390.6388721,DoS Hulk
80,30095,3,5,314,11595,104.6666667,2319.0,395713.5737,265.8248879,DoS Hulk
80,27448,3,5,379,11595,126.3333333,2319.0,436243.0778,291.4602157,DoS Hulk
80,28162,3,4,339,11595,113.0,2898.75,423762.5169,248.5618919,DoS Hulk
80,2,2,0,0,0,0.0,0.0,0.0,1000000.0,DoS Hulk
80,3,2,0,0,0,0.0,0.0,0.0,666666.6667,DoS Hulk
80,33325,3,7,294,11595,98.0,1656.428571,356759.1898,300.0750188,DoS Hulk
80,33062,3,7,354,11595,118.0,1656.428571,361411.8928,302.462041,DoS Hulk
80,33923,3,7,364,11595,121.3333333,1656.428571,352533.6792,294.7852489,DoS Hulk
80,32285,3,4,357,11595,119.0,2898.75,370202.8806,216.8189562,DoS Hulk
80,33328,3,6,373,11595,124.3333333,1932.5,359097.4556,270.0432069,DoS Hulk
80,34133,3,5,347,11595,115.6666667,2319.0,349866.6979,234.3772888,DoS Hulk
80,33658,3,6,345,11595,115.0,1932.5,354744.7858,267.3955672,DoS Hulk
80,33492,3,5,320,11595,106.6666667,2319.0,355756.5986,238.8630121,DoS Hulk
80,1,2,0,0,0,0.0,0.0,0.0,2000000.0,DoS Hulk
80,32893,3,6,367,11595,122.3333333,1932.5,363664.0015,273.6144468,DoS Hulk
80,35950,3,6,412,11595,137.3333333,1932.5,333991.6551,250.3477051,DoS Hulk
80,35912,3,7,324,11595,108.0,1656.428571,331894.6313,278.458454,DoS Hulk
80,35873,3,6,353,11595,117.6666667,1932.5,333063.8642,250.8850668,DoS Hulk
80,4,2,0,0,0,0.0,0.0,0.0,500000.0,DoS Hulk
80,4,2,0,0,0,0.0,0.0,0.0,500000.0,DoS Hulk
80,35839,3,6,371,11595,123.6666667,1932.5,333882.0838,251.1230782,DoS Hulk
80,38860,3,7,306,11595,102.0,1656.428571,306253.2167,257.3340196,DoS Hulk
80,38612,3,7,325,11595,108.3333333,1656.428571,308712.3174,258.9868435,DoS Hulk
80,935,2,0,0,0,0.0,0.0,0.0,2139.037433,DoS Hulk
80,36868,3,6,397,11595,132.3333333,1932.5,325268.5256,244.1141369,DoS Hulk
80,40164,3,6,324,11595,108.0,1932.5,296758.291,224.0812668,DoS Hulk
80,3,2,0,0,0,0.0,0.0,0.0,666666.6667,DoS Hulk
80,40467,3,5,390,11595,130.0,2319.0,296167.2474,197.6919465,DoS Hulk
80,40213,3,7,375,11595,125.0,1656.428571,297664.9342,248.6758014,DoS Hulk
80,40688,3,6,357,11595,119.0,1932.5,293747.5423,221.1954385,DoS Hulk
80,1,2,0,0,0,0.0,0.0,0.0,2000000.0,DoS Hulk
80,41756,3,6,370,11595,123.3333333,1932.5,286545.6461,215.5378868,DoS Hulk
80,41529,3,5,349,11595,116.3333333,2319.0,287606.2511,192.6364709,DoS Hulk
80,42800,3,6,364,11595,121.3333333,1932.5,279415.8879,210.2803738,DoS Hulk
80,42558,3,5,303,11595,101.0,2319.0,279571.4084,187.9787584,DoS Hulk
80,45652,3,6,336,11595,112.0,1932.5,261346.7099,197.1436082,DoS Hulk
80,44731,3,5,351,11595,117.0,2319.0,267063.1106,178.8468847,DoS Hulk
80,45580,3,6,373,11595,124.3333333,1932.5,262571.3032,197.4550241,DoS Hulk
80,45764,3,5,366,11595,122.0,2319.0,261362.6431,174.8098942,DoS Hulk
80,1,2,0,0,0,0.0,0.0,0.0,2000000.0,DoS Hulk
80,46713,3,6,311,11595,103.6666667,1932.5,254875.5165,192.6658532,DoS Hulk
80,48253,3,7,365,11595,121.6666667,1656.428571,247860.2367,207.2410006,DoS Hulk
80,48064,3,7,340,11595,113.3333333,1656.428571,248314.747,208.0559254,DoS Hulk
80,49916,3,7,350,11595,116.6666667,1656.428571,239302.0274,200.3365654,DoS Hulk
80,5,2,0,0,0,0.0,0.0,0.0,400000.0,DoS Hulk
80,3,2,0,0,0,0.0,0.0,0.0,666666.6667,DoS Hulk
80,47923,3,6,367,11595,122.3333333,1932.5,249608.7474,187.8012645,DoS Hulk
80,49830,3,6,369,11595,123.0,1932.5,240096.3275,180.6140879,DoS Hulk
80,50797,3,7,408,11595,136.0,1656.428571,236293.4819,196.8620194,DoS Hulk
80,50561,3,5,323,11595,107.6666667,2319.0,235715.2746,158.2247187,DoS Hulk
80,51690,3,5,313,11595,104.3333333,2319.0,230373.3798,154.7688141,DoS Hulk
80,3,2,0,0,0,0.0,0.0,0.0,666666.6667,DoS Hulk
80,51544,3,6,352,11595,117.3333333,1932.5,231782.5547,174.6081018,DoS Hulk
80,55554,3,7,364,11595,121.3333333,1656.428571,215268.0275,180.0050401,DoS Hulk
80,55298,3,7,362,11595,120.6666667,1656.428571,216228.435,180.8383667,DoS Hulk
80,54715,3,6,374,11595,124.6666667,1932.5,218751.7134,164.4887142,DoS Hulk
80,52581,3,4,373,11595,124.3333333,2898.75,227610.7339,133.1279359,DoS Hulk
80,56549,3,8,331,11595,110.3333333,1449.375,210896.7444,194.5215654,DoS Hulk
80,1,2,0,0,0,0.0,0.0,0.0,2000000.0,DoS Hulk
80,57772,3,4,342,11595,114.0,2898.75,206622.5853,121.1659628,DoS Hulk
80,57677,3,7,361,11595,120.3333333,1656.428571,207292.3349,173.3793367,DoS Hulk
80,3,2,0,0,0,0.0,0.0,0.0,666666.6667,DoS Hulk
80,55657,3,6,372,11595,124.0,1932.5,215013.3856,161.7047272,DoS Hulk
80,57602,3,6,317,11595,105.6666667,1932.5,206798.3751,156.2445748,DoS Hulk
80,55594,3,6,353,11595,117.6666667,1932.5,214915.2786,161.8879735,DoS Hulk
80,3,2,0,0,0,0.0,0.0,0.0,666666.6667,DoS Hulk
80,59548,3,7,332,11595,110.6666667,1656.428571,200292.2012,167.9317525,DoS Hulk
80,60691,3,6,356,11595,118.6666667,1932.5,196915.5229,148.2921685,DoS Hulk
80,60550,3,6,412,11595,137.3333333,1932.5,198298.9265,148.6374897,DoS Hulk
80,61606,3,6,344,11595,114.6666667,1932.5,193796.0588,146.0896666,DoS Hulk
80,59588,3,6,396,11595,132.0,1932.5,201231.7916,151.0371216,DoS Hulk
80,61425,3,4,360,11595,120.0,2898.75,194627.5946,113.960114,DoS Hulk
80,65768,3,6,308,11595,102.6666667,1932.5,180984.6734,136.8446661,DoS Hulk
80,3,2,0,0,0,0.0,0.0,0.0,666666.6667,DoS Hulk
80,67631,3,6,316,11595,105.3333333,1932.5,176117.4609,133.0750691,DoS Hulk
80,3,2,0,0,0,0.0,0.0,0.0,666666.6667,DoS Hulk
80,68579,3,6,356,11595,118.6666667,1932.5,174266.1748,131.2355094,DoS Hulk
80,71630,3,5,320,11595,106.6666667,2319.0,166340.9186,111.6850482,DoS Hulk
80,65661,3,6,325,11595,108.3333333,1932.5,181538.5084,137.0676657,DoS Hulk
80,67570,3,6,357,11595,119.0,1932.5,176883.2322,133.195205,DoS Hulk
80,67701,3,6,371,11595,123.6666667,1932.5,176747.7585,132.9374751,DoS Hulk
80,66492,3,6,319,11595,106.3333333,1932.5,179179.4502,135.3546291,DoS Hulk
80,67651,3,6,312,11595,104.0,1932.5,176006.2675,133.0357275,DoS Hulk
80,68495,3,6,343,11595,114.3333333,1932.5,174290.0942,131.3964523,DoS Hulk
80,67732,3,6,360,11595,120.0,1932.5,176504.4587,132.8766314,DoS Hulk
80,68615,3,6,316,11595,105.3333333,1932.5,173591.7802,131.1666545,DoS Hulk
80,4,2,0,0,0,0.0,0.0,0.0,500000.0,DoS Hulk
80,5,2,0,0,0,0.0,0.0,0.0,400000.0,DoS Hulk
80,70659,3,6,333,11595,111.0,1932.5,168810.7672,127.3723093,DoS Hulk
80,70572,3,6,341,11595,113.6666667,1932.5,169132.2337,127.5293317,DoS Hulk
80,74684,3,6,319,11595,106.3333333,1932.5,159525.4673,120.5077393,DoS Hulk
80,72616,3,6,321,11595,107.0,1932.5,164096.067,123.9396276,DoS Hulk
80,71529,3,6,324,11595,108.0,1932.5,166631.7158,125.8230927,DoS Hulk
80,1,2,0,0,0,0.0,0.0,0.0,2000000.0,DoS Hulk
80,73579,3,6,365,11595,121.6666667,1932.5,162546.3787,122.3175091,DoS Hulk
80,4,2,0,0,0,0.0,0.0,0.0,500000.0,DoS Hulk
80,74677,3,5,411,11595,137.0,2319.0,160772.3931,107.1280314,DoS Hulk
80,75590,3,6,314,11595,104.6666667,1932.5,157547.2946,119.0633682,DoS Hulk
80,75486,3,6,370,11595,123.3333333,1932.5,158506.2131,119.2274064,DoS Hulk
80,3,2,0,0,0,0.0,0.0,0.0,666666.6667,DoS Hulk
80,78696,3,6,339,11595,113.0,1932.5,151646.8435,114.3641354,DoS Hulk
80,76600,3,6,338,11595,112.6666667,1932.5,155783.2898,117.4934726,DoS Hulk
80,79620,3,6,379,11595,126.3333333,1932.5,150389.3494,113.0369254,DoS Hulk
80,78560,3,6,361,11595,120.3333333,1932.5,152189.4094,114.5621181,DoS Hulk
80,81472,3,7,358,11595,119.3333333,1656.428571,146712.9811,122.7415554,DoS Hulk
80,80444,3,6,315,11595,105.0,1932.5,148053.3042,111.8790712,DoS Hulk
80,80599,3,6,376,11595,125.3333333,1932.5,148525.4159,111.6639164,DoS Hulk
80,4,2,0,0,0,0.0,0.0,0.0,500000.0,DoS Hulk
80,81543,3,6,358,11595,119.3333333,1932.5,146585.2372,110.3712152,DoS Hulk
80,80554,3,6,352,11595,117.3333333,1932.5,148310.4501,111.7262954,DoS Hulk
80,81561,3,6,364,11595,121.3333333,1932.5,146626.4514,110.346857,DoS Hulk
80,83504,3,6,312,11595,104.0,1932.5,142591.9716,107.7792681,DoS Hulk
80,85496,3,6,353,11595,117.6666667,1932.5,139749.228,105.2680827,DoS Hulk
80,82544,3,6,414,11595,138.0,1932.5,145486.0438,109.0327583,DoS Hulk
80,86635,3,5,327,11595,109.0,2319.0,137611.8197,92.34143245,DoS Hulk
80,86645,3,7,321,11595,107.0,1656.428571,137526.6894,115.4134688,DoS Hulk
80,88673,3,6,337,11595,112.3333333,1932.5,134561.817,101.4965096,DoS Hulk
80,89554,3,6,373,11595,124.3333333,1932.5,133640.0384,100.4980235,DoS Hulk
80,90576,3,6,294,11595,98.0,1932.5,131259.9364,99.36406995,DoS Hulk
80,4,2,0,0,0,0.0,0.0,0.0,500000.0,DoS Hulk
80,89511,3,6,373,11595,124.3333333,1932.5,133704.2375,100.5463016,DoS Hulk
80,87531,3,6,320,11595,106.6666667,1932.5,136123.2021,102.8207149,DoS Hulk
80,3,2,0,0,0,0.0,0.0,0.0,666666.6667,DoS Hulk
80,92643,3,6,412,11595,137.3333333,1932.5,129605.043,97.14711311,DoS Hulk
80,91489,3,5,373,11595,124.3333333,2319.0,130813.5404,87.44220617,DoS Hulk
80,93437,3,6,341,11595,113.6666667,1932.5,127743.8274,96.32158567,DoS Hulk
80,92549,3,6,355,11595,118.3333333,1932.5,129120.7901,97.24578331,DoS Hulk
80,94582,3,6,367,11595,122.3333333,1932.5,126472.2675,95.15552642,DoS Hulk
80,93462,3,5,357,11595,119.0,2319.0,127880.85,85.59628512,DoS Hulk
80,94592,3,6,357,11595,119.0,1932.5,126353.18,95.14546685,DoS Hulk
80,3,2,0,0,0,0.0,0.0,0.0,666666.6667,DoS Hulk
80,95468,3,5,324,11595,108.0,2319.0,124848.1166,83.79771232,DoS Hulk
80,1,2,0,0,0,0.0,0.0,0.0,2000000.0,DoS Hulk
80,1,2,0,0,0,0.0,0.0,0.0,2000000.0,DoS Hulk
80,95547,3,5,379,11595,126.3333333,2319.0,125320.5229,83.72842685,DoS Hulk
80,5008837,4,5,341,3525,85.25,705.0,771.8358573,1.796824293,DoS GoldenEye
80,5008159,7,5,417,11632,59.57142857,2326.4,2405.874095,2.39609006,DoS GoldenEye
80,5004971,7,6,381,11632,54.42857143,1938.666667,2400.213708,2.597417647,DoS GoldenEye
80,5004703,7,5,414,11632,59.14285714,2326.4,2406.936036,2.397744681,DoS GoldenEye
80,5005677,8,6,325,11632,40.625,1938.666667,2388.687884,2.796824485,DoS GoldenEye
80,5005163,8,5,537,11632,67.125,2326.4,2431.289451,2.597318009,DoS GoldenEye
80,5006562,8,6,308,11632,38.5,1938.666667,2384.870096,2.796330096,DoS GoldenEye
80,5007321,8,6,411,11632,51.375,1938.666667,2405.078484,2.795906234,DoS GoldenEye
80,5020607,8,6,279,11632,34.875,1938.666667,2372.422299,2.788507445,DoS GoldenEye
80,5020047,5,4,442,3525,88.4,881.25,790.2316452,1.7928119,DoS GoldenEye
80,6548353,8,6,437,11632,54.625,1938.666667,1843.058858,2.137942167,DoS GoldenEye
80,6550473,7,6,219,11632,31.28571429,1938.666667,1809.182329,1.98458951,DoS GoldenEye
80,7554300,8,6,429,11632,53.625,1938.666667,1596.574137,1.853249143,DoS GoldenEye
80,8557778,8,5,389,11632,48.625,2326.4,1404.687058,1.519085912,DoS GoldenEye
80,7552169,7,6,469,11632,67.0,1938.666667,1602.321134,1.721359784,DoS GoldenEye
80,7551982,7,6,493,11632,70.42857143,1938.666667,1605.538784,1.721402408,DoS GoldenEye
80,8565433,5,4,372,3525,74.4,881.25,454.9682427,1.050734972,DoS GoldenEye
80,8564960,5,4,317,3525,63.4,881.25,448.5718556,1.050792998,DoS GoldenEye
80,8572103,8,6,348,11632,43.5,1938.666667,1397.556702,1.633204827,DoS GoldenEye
80,8564320,5,5,414,3525,82.8,705.0,459.9314365,1.167635025,DoS GoldenEye
80,8562014,5,4,311,3525,62.2,881.25,448.0254295,1.051154553,DoS GoldenEye
80,8561939,5,4,441,3525,88.2,881.25,463.2128306,1.051163761,DoS GoldenEye
80,8565456,8,5,282,11632,35.25,2326.4,1390.935871,1.517724217,DoS GoldenEye
80,9571989,8,6,426,11632,53.25,1938.666667,1259.717286,1.462600929,DoS GoldenEye
80,9578506,8,6,388,11632,48.5,1938.666667,1254.892986,1.461605808,DoS GoldenEye
80,9577980,7,5,558,11632,79.71428571,2326.4,1272.710947,1.252873779,DoS GoldenEye
80,9579402,8,5,349,11632,43.625,2326.4,1250.704376,1.357078448,DoS GoldenEye
80,9568775,8,6,301,11632,37.625,1938.666667,1247.077081,1.463092193,DoS GoldenEye
80,9568668,8,6,349,11632,43.625,1938.666667,1252.107399,1.463108554,DoS GoldenEye
80,9572953,8,5,395,11632,49.375,2326.4,1256.352141,1.35799267,DoS GoldenEye
80,9586289,5,5,395,3525,79.0,705.0,408.917361,1.043156533,DoS GoldenEye
80,9590647,8,6,403,11632,50.375,1938.666667,1254.868415,1.459755531,DoS GoldenEye
80,9590810,5,4,386,3525,77.2,881.25,407.7862037,0.938398321,DoS GoldenEye
80,9590890,4,5,353,3525,88.25,705.0,404.3420371,0.938390493,DoS GoldenEye
80,9579796,5,4,390,3525,78.0,881.25,408.6725855,0.939477208,DoS GoldenEye
80,9585698,7,5,498,11632,71.14285714,2326.4,1265.426889,1.251865018,DoS GoldenEye
80,9585314,8,5,650,11632,81.25,2326.4,1281.335176,1.356241434,DoS GoldenEye
80,9586801,8,6,369,11632,46.125,1938.666667,1251.825296,1.46034115,DoS GoldenEye
80,9591329,8,5,322,11632,40.25,2326.4,1246.334059,1.355390895,DoS GoldenEye
80,10596319,8,6,613,11632,76.625,1938.666667,1155.589974,1.321213527,DoS GoldenEye
80,10601874,5,4,548,3525,109.6,881.25,384.1773634,0.848906524,DoS GoldenEye
80,10611772,9,5,262,11632,29.11111111,2326.4,1120.830715,1.319289559,DoS GoldenEye
80,10611921,9,4,602,11632,66.88888889,2908.0,1152.854417,1.22503739,DoS GoldenEye
80,10611231,8,4,250,11632,31.25,2908.0,1119.756982,1.130877275,DoS GoldenEye
80,10612521,8,5,225,11632,28.125,2326.4,1117.265163,1.22496813,DoS GoldenEye
80,10601400,7,5,351,11632,50.14285714,2326.4,1130.32241,1.131925972,DoS GoldenEye
80,10601418,7,4,527,11632,75.28571429,2908.0,1146.922044,1.037597046,DoS GoldenEye
80,10606432,4,4,472,3525,118.0,881.25,376.8468039,0.754259302,DoS GoldenEye
80,10606345,8,4,313,11632,39.125,2908.0,1126.212659,1.131398234,DoS GoldenEye
80,10618075,5,4,434,3525,86.8,881.25,372.8547783,0.847611267,DoS GoldenEye
80,10618249,8,5,363,11632,45.375,2326.4,1129.658948,1.224307322,DoS GoldenEye
80,10618295,8,6,246,11632,30.75,1938.666667,1118.635336,1.318479097,DoS GoldenEye
80,10623256,9,6,349,11632,38.77777778,1938.666667,1127.808649,1.411996473,DoS GoldenEye
80,10612893,4,4,317,3525,79.25,881.25,362.0125069,0.753800118,DoS GoldenEye
80,10612952,9,5,542,11632,60.22222222,2326.4,1147.088953,1.319142874,DoS GoldenEye
80,10612670,5,4,299,3525,59.8,881.25,360.3240278,0.848042952,DoS GoldenEye
80,10612452,5,4,499,3525,99.8,881.25,379.1772156,0.848060373,DoS GoldenEye
80,10628428,8,5,582,11632,72.75,2326.4,1149.182174,1.223134785,DoS GoldenEye
80,10632242,8,6,411,11632,51.375,1938.666667,1132.686784,1.316749562,DoS GoldenEye
80,10632502,8,5,688,11632,86.0,2326.4,1158.71128,1.222666123,DoS GoldenEye
80,10623049,8,6,582,11632,72.75,1938.666667,1149.764065,1.317889054,DoS GoldenEye
80,10622707,8,6,359,11632,44.875,1938.666667,1128.808316,1.317931484,DoS GoldenEye
80,10622757,8,6,461,11632,57.625,1938.666667,1138.40503,1.317925281,DoS GoldenEye
80,10639288,7,5,372,11632,53.14285714,2326.4,1128.27099,1.127895025,DoS GoldenEye
80,10637199,8,5,367,11632,45.875,2326.4,1128.022518,1.222126238,DoS GoldenEye
80,10636717,7,5,489,11632,69.85714286,2326.4,1139.543338,1.128167648,DoS GoldenEye
80,10637203,7,6,231,11632,33.0,1938.666667,1115.236778,1.222125779,DoS GoldenEye
80,11987793,5,4,347,3525,69.4,881.25,322.9952336,0.750763714,DoS GoldenEye
80,11988759,8,6,396,11632,49.5,1938.666667,1003.273149,1.167760566,DoS GoldenEye
80,11995119,5,4,509,3525,101.8,881.25,336.3034581,0.750305187,DoS GoldenEye
80,11994653,5,4,599,3525,119.8,881.25,343.8198671,0.750334336,DoS GoldenEye
80,12008859,5,5,315,3525,63.0,705.0,319.7639343,0.832718579,DoS GoldenEye
80,12008610,5,5,596,3525,119.2,705.0,343.1704419,0.832735845,DoS GoldenEye
80,11988855,8,5,338,11632,42.25,2326.4,998.4272893,1.084340414,DoS GoldenEye
80,11995832,8,5,329,11632,41.125,2326.4,997.0963248,1.083709742,DoS GoldenEye
80,11995023,5,4,320,3525,64.0,881.25,320.5496146,0.750311192,DoS GoldenEye
80,12538285,8,6,506,11632,63.25,1938.666667,968.07498,1.116580138,DoS GoldenEye
80,13542113,7,6,293,11632,41.85714286,1938.666667,880.5863605,0.959968359,DoS GoldenEye
80,13542651,5,4,448,3525,89.6,881.25,293.3694444,0.664567078,DoS GoldenEye
80,14545266,5,5,384,3525,76.8,705.0,268.7472336,0.687508912,DoS GoldenEye
80,15547516,8,6,322,11632,40.25,1938.666667,768.8688019,0.900465386,DoS GoldenEye
80,14544740,5,4,380,3525,76.0,881.25,268.4819392,0.618780398,DoS GoldenEye
80,14544183,5,5,408,3525,81.6,705.0,270.4173896,0.687560106,DoS GoldenEye
80,14545273,5,4,474,3525,94.8,881.25,274.9346815,0.618757723,DoS GoldenEye
80,15554640,8,5,334,11632,41.75,2326.4,769.2881352,0.835763476,DoS GoldenEye
80,15555140,5,5,480,3525,96.0,705.0,257.4711639,0.642874317,DoS GoldenEye
80,15548855,8,5,425,11632,53.125,2326.4,775.4268723,0.836074425,DoS GoldenEye
80,15551622,8,5,351,11632,43.875,2326.4,770.5305594,0.835925667,DoS GoldenEye
80,15554757,9,6,441,11632,49.0,1938.666667,776.1612734,0.964335219,DoS GoldenEye
80,15555052,8,5,401,11632,50.125,2326.4,773.5750417,0.83574134,DoS GoldenEye
80,16562535,5,4,320,3525,64.0,881.25,232.1504528,0.543395078,DoS GoldenEye
80,16569087,9,5,320,11632,35.55555556,2326.4,721.3433064,0.844946979,DoS GoldenEye
80,16569134,5,5,406,3525,81.2,705.0,237.248368,0.603531844,DoS GoldenEye
80,16570481,8,6,543,11632,67.875,1938.666667,734.7402891,0.844875897,DoS GoldenEye
80,16558460,8,6,306,11632,38.25,1938.666667,720.9607657,0.845489254,DoS GoldenEye
80,16558604,8,6,258,11632,32.25,1938.666667,718.0557008,0.845481902,DoS GoldenEye
80,16562108,5,5,488,3525,97.6,705.0,242.3000744,0.603787875,DoS GoldenEye
80,16577374,10,5,540,11632,54.0,2326.4,734.2538088,0.904847776,DoS GoldenEye
80,16581328,4,4,421,3525,105.25,881.25,237.9785262,0.482470403,DoS GoldenEye
80,16582244,10,5,389,11632,38.9,2326.4,724.9320418,0.904582034,DoS GoldenEye
80,16583339,8,6,426,11632,53.25,1938.666667,727.1153294,0.844220817,DoS GoldenEye
80,16570305,8,5,371,11632,46.375,2326.4,724.3680789,0.784535952,DoS GoldenEye
80,16577185,4,4,474,3525,118.5,881.25,241.2351675,0.482590983,DoS GoldenEye
80,16576110,9,5,405,11632,45.0,2326.4,726.1655479,0.84458899,DoS GoldenEye
80,16577904,8,6,427,11632,53.375,1938.666667,727.4140326,0.844497591,DoS GoldenEye
80,16583897,8,5,476,11632,59.5,2326.4,730.105837,0.783892954,DoS GoldenEye
80,17594408,8,7,435,11632,54.375,1661.714286,685.842911,0.852543604,DoS GoldenEye
80,17593878,7,4,313,11632,44.71428571,2908.0,678.9293412,0.625217476,DoS GoldenEye
80,17593961,5,5,290,3525,58.0,705.0,216.8357654,0.568376842,DoS GoldenEye
80,17597775,5,4,516,3525,103.2,881.25,229.6313028,0.511428291,DoS GoldenEye
80,17588609,8,6,415,11632,51.875,1938.666667,684.9319352,0.79596971,DoS GoldenEye
80,17601619,7,5,324,11632,46.28571429,2326.4,679.255698,0.681755468,DoS GoldenEye
80,17601024,8,5,245,11632,30.625,2326.4,674.7902849,0.738593391,DoS GoldenEye
80,17600903,5,4,493,3525,98.6,881.25,228.283742,0.511337401,DoS GoldenEye
80,17604420,7,6,432,11632,61.71428571,1938.666667,685.2824461,0.738450912,DoS GoldenEye
80,17598035,8,6,586,11632,73.25,1938.666667,694.2820605,0.795543366,DoS GoldenEye
80,17601527,8,6,509,11632,63.625,1938.666667,689.7697001,0.795385537,DoS GoldenEye
80,17602617,8,5,583,11632,72.875,2326.4,693.9309081,0.73852655,DoS GoldenEye
80,17601141,5,5,350,3525,70.0,705.0,220.1561819,0.568144986,DoS GoldenEye
80,17616187,8,4,435,11632,54.375,2908.0,684.9949992,0.681191679,DoS GoldenEye
80,17616384,8,6,590,11632,73.75,1938.666667,693.7859665,0.794714738,DoS GoldenEye
80,17615993,5,4,334,3525,66.8,881.25,219.0623032,0.510899386,DoS GoldenEye
80,17616177,8,4,333,11632,41.625,2908.0,679.2052555,0.681192066,DoS GoldenEye
80,17604965,4,5,579,3525,144.75,705.0,233.1160556,0.51121942,DoS GoldenEye
80,17608413,8,6,328,11632,41.0,1938.666667,679.2207793,0.795074491,DoS GoldenEye
80,17608567,7,6,383,11632,54.71428571,1938.666667,682.3383186,0.738276999,DoS GoldenEye
80,17609365,8,6,232,11632,29.0,1938.666667,673.7324145,0.795031507,DoS GoldenEye
80,17621420,5,4,370,3525,74.0,881.25,221.0378051,0.51074204,DoS GoldenEye
80,17620475,11,5,1176,11632,106.9090909,2326.4,726.8816533,0.908034545,DoS GoldenEye
80,17627009,12,6,1620,11632,135.0,1938.666667,751.8008302,1.021160198,DoS GoldenEye
80,17630975,8,4,1900,3525,237.5,881.25,307.6971069,0.680620329,DoS GoldenEye
80,17616498,5,4,460,3525,92.0,881.25,226.2084099,0.51088474,DoS GoldenEye
80,17620617,5,4,439,3525,87.8,881.25,224.9637456,0.510765315,DoS GoldenEye
80,17620832,9,5,371,11632,41.22222222,2326.4,681.1823641,0.79451413,DoS GoldenEye
80,17620306,7,5,375,11632,53.57142857,2326.4,681.4297096,0.681032441,DoS GoldenEye
80,17629922,9,5,392,11632,43.55555556,2326.4,682.0223028,0.794104478,DoS GoldenEye
80,17628907,9,4,423,11632,47.0,2908.0,683.8200462,0.737425185,DoS GoldenEye
80,18981031,10,6,453,11632,45.3,1938.666667,636.6882811,0.842946835,DoS GoldenEye
80,18981455,10,5,411,11632,41.1,2326.4,634.461373,0.790245005,DoS GoldenEye
80,18986272,13,7,1456,11632,112.0,1661.714286,689.3401717,1.053392683,DoS GoldenEye
80,19002798,13,7,1760,11632,135.3846154,1661.714286,704.7383233,1.052476588,DoS GoldenEye
80,18985765,12,6,1204,11632,100.3333333,1938.666667,676.0854777,0.948078732,DoS GoldenEye
80,18985806,10,4,1348,3525,134.8,881.25,256.6654268,0.737392977,DoS GoldenEye
80,18986195,13,6,1472,11632,113.2307692,1938.666667,690.1856849,1.000727107,DoS GoldenEye
80,44574791,16,8,2601,11632,162.5625,1454.0,319.30604,0.53842092,DoS GoldenEye
80,44574538,16,6,5130,11632,320.625,1938.666667,376.0442789,0.493555312,DoS GoldenEye
80,44582335,12,4,4518,3525,376.5,881.25,180.4077781,0.358886541,DoS GoldenEye
80,44574430,16,6,4914,11632,307.125,1938.666667,371.1993625,0.493556508,DoS GoldenEye
80,63137414,7,0,0,0,0.0,0.0,0.0,0.110869286,DoS GoldenEye
80,15977834,10,6,1612,11632,161.2,1938.666667,828.898335,1.001387297,DoS GoldenEye
80,15996302,6,4,422,3525,70.33333333,881.25,246.7445288,0.625144487,DoS GoldenEye
80,15983575,11,8,1744,11632,158.5454545,1454.0,836.8590882,1.188720296,DoS GoldenEye
80,16524395,12,7,1912,11632,159.3333333,1661.714286,819.6366645,1.149815167,DoS GoldenEye
80,17533734,12,7,1884,11632,157.0,1661.714286,770.8569093,1.083625427,DoS GoldenEye
80,18537250,9,5,1464,3525,162.6666667,705.0,269.1337712,0.755236079,DoS GoldenEye
80,18537425,8,4,1376,3525,172.0,881.25,264.3840771,0.647339099,DoS GoldenEye
80,18537424,11,8,2608,11632,237.0909091,1454.0,768.1757724,1.024953629,DoS GoldenEye
80,18536953,8,4,1444,3525,180.5,881.25,268.0591573,0.647355582,DoS GoldenEye
80,63143289,7,0,0,0,0.0,0.0,0.0,0.11085897,DoS GoldenEye
80,18541372,5,4,352,3525,70.4,881.25,209.0999523,0.485400972,DoS GoldenEye
80,18545343,9,6,393,11632,43.66666667,1938.666667,648.4107627,0.808828394,DoS GoldenEye
80,18549774,6,4,386,3525,64.33333333,881.25,210.8381482,0.539090126,DoS GoldenEye
80,18546319,9,5,395,11632,43.88888889,2326.4,648.4844782,0.754866774,DoS GoldenEye
80,18545753,6,4,571,3525,95.16666667,881.25,220.8591908,0.539207009,DoS GoldenEye
80,18546406,6,4,349,3525,58.16666667,881.25,208.8814404,0.539188024,DoS GoldenEye
80,19566101,9,4,1888,3525,209.7777778,881.25,276.6519502,0.664414438,DoS GoldenEye
80,17550343,8,4,305,11632,38.125,2908.0,680.1576471,0.68374732,DoS GoldenEye
80,18552849,11,6,2272,11632,206.5454545,1938.666667,749.4266784,0.916301318,DoS GoldenEye
80,18566273,8,4,1764,3525,220.5,881.25,284.8713902,0.646333273,DoS GoldenEye
80,18565343,9,6,365,11632,40.55555556,1938.666667,646.2040588,0.807957063,DoS GoldenEye
80,18549979,7,6,420,11632,60.0,1938.666667,649.7042396,0.700809419,DoS GoldenEye
80,18552879,7,4,2120,3525,302.8571429,881.25,304.2654458,0.592899894,DoS GoldenEye
80,18553403,8,4,1648,3525,206.0,881.25,278.8167756,0.646781617,DoS GoldenEye
80,18566685,8,5,2360,3525,295.0,705.0,316.9655757,0.700178842,DoS GoldenEye
80,18572323,9,5,442,11632,49.11111111,2326.4,650.1071514,0.753809849,DoS GoldenEye
80,18572306,6,4,437,3525,72.83333333,881.25,213.3283826,0.538436099,DoS GoldenEye
80,19583012,9,6,381,11632,42.33333333,1938.666667,613.4398529,0.765970015,DoS GoldenEye
80,19591275,9,6,292,11632,32.44444444,1938.666667,608.6382841,0.765646953,DoS GoldenEye
80,19591263,9,6,441,11632,49.0,1938.666667,616.244088,0.765647422,DoS GoldenEye
80,19607011,9,5,325,11632,36.11111111,2326.4,609.8328807,0.714030303,DoS GoldenEye
80,17574484,5,5,297,3525,59.4,705.0,217.4743793,0.569006749,DoS GoldenEye
80,17578500,8,5,397,11632,49.625,2326.4,684.301846,0.739539779,DoS GoldenEye
80,17593524,8,5,246,11632,30.75,2326.4,675.1347825,0.738908248,DoS GoldenEye
80,17592880,8,5,374,11632,46.75,2326.4,682.435167,0.738935297,DoS GoldenEye
80,17574433,5,5,450,3525,90.0,705.0,226.1808389,0.5690084,DoS GoldenEye
80,17593575,5,4,258,3525,51.6,881.25,215.0216769,0.511550381,DoS GoldenEye
80,18584400,8,6,351,11632,43.875,1938.666667,644.7881018,0.753319989,DoS GoldenEye
80,18587774,7,4,336,11632,48.0,2908.0,643.8640797,0.591786838,DoS GoldenEye
80,18587997,8,6,434,11632,54.25,1938.666667,649.1285747,0.753174212,DoS GoldenEye
80,18596322,8,5,432,11632,54.0,2326.4,648.7304317,0.699062965,DoS GoldenEye
80,18598223,8,5,297,11632,37.125,2326.4,641.4053644,0.698991511,DoS GoldenEye
80,18598486,8,5,380,11632,47.5,2326.4,645.8590231,0.698981627,DoS GoldenEye
80,18598441,8,5,380,11632,47.5,2326.4,645.8605858,0.698983318,DoS GoldenEye
80,18595441,5,4,444,3525,88.8,881.25,213.4394124,0.483989597,DoS GoldenEye
80,18609103,8,5,572,11632,71.5,2326.4,655.8080741,0.698582839,DoS GoldenEye
80,18619171,9,4,320,11632,35.55555556,2908.0,641.9190199,0.698205092,DoS GoldenEye
80,18599006,5,4,369,3525,73.8,881.25,209.3660274,0.483896828,DoS GoldenEye
80,18605568,8,5,361,11632,45.125,2326.4,644.5919845,0.698715567,DoS GoldenEye
80,18608057,9,4,517,11632,57.44444444,2908.0,652.8892296,0.698622108,DoS GoldenEye
80,18623535,9,6,449,11632,49.88888889,1938.666667,648.6953202,0.805432481,DoS GoldenEye
80,5169956,8,6,1101,4222,137.625,703.6666667,1029.602573,2.707953414,DoS slowloris
80,229,2,0,12,0,6.0,0.0,52401.74672,8733.624454,DoS slowloris
80,5001928,3,1,12,0,4.0,0.0,2.399074917,0.799691639,DoS slowloris
80,5125872,8,7,1659,2514,207.375,359.1428571,814.1053854,2.926331364,DoS slowloris
80,214,2,0,12,0,6.0,0.0,56074.76636,9345.794393,DoS slowloris
80,5001683,3,1,0,0,0.0,0.0,0.0,0.799730811,DoS slowloris
80,507096,6,1,693,0,115.5,0.0,1366.60514,13.80409232,DoS slowloris
80,507376,6,1,693,0,115.5,0.0,1365.850967,13.79647441,DoS slowloris
80,507477,6,1,693,0,115.5,0.0,1365.57913,13.79372858,DoS slowloris
80,507581,6,1,693,0,115.5,0.0,1365.299332,13.79090234,DoS slowloris
80,507661,4,2,231,0,57.75,0.0,455.0280601,11.81891065,DoS slowloris
80,508102,4,2,231,0,57.75,0.0,454.6331248,11.80865259,DoS slowloris
80,508471,4,2,231,0,57.75,0.0,454.3031953,11.80008299,DoS slowloris
80,508142,4,2,231,0,57.75,0.0,454.597337,11.80772304,DoS slowloris
80,508780,4,2,231,0,57.75,0.0,454.0272809,11.79291639,DoS slowloris
80,508971,4,2,231,0,57.75,0.0,453.8568995,11.7884909,DoS slowloris
80,508802,4,2,231,0,57.75,0.0,454.0076493,11.79240648,DoS slowloris
80,509005,4,2,231,0,57.75,0.0,453.8265832,11.78770346,DoS slowloris
80,509755,4,2,231,0,57.75,0.0,453.1588704,11.77036027,DoS slowloris
80,509858,4,2,231,0,57.75,0.0,453.0673246,11.76798246,DoS slowloris
80,509869,4,2,231,0,57.75,0.0,453.0575501,11.76772857,DoS slowloris
80,510596,4,2,231,0,57.75,0.0,452.4124748,11.75097337,DoS slowloris
80,509955,4,2,231,0,57.75,0.0,452.9811454,11.76574404,DoS slowloris
80,510695,4,2,231,0,57.75,0.0,452.3247731,11.74869541,DoS slowloris
80,510943,4,2,231,0,57.75,0.0,452.105225,11.74299286,DoS slowloris
80,510776,4,2,231,0,57.75,0.0,452.2530424,11.74683227,DoS slowloris
80,511453,4,2,231,0,57.75,0.0,451.6544042,11.73128323,DoS slowloris
80,511524,4,2,231,0,57.75,0.0,451.5917142,11.72965491,DoS slowloris
80,511605,4,2,231,0,57.75,0.0,451.5202158,11.72779781,DoS slowloris
80,512287,4,2,231,0,57.75,0.0,450.9191137,11.71218477,DoS slowloris
80,512310,4,2,231,0,57.75,0.0,450.8988698,11.71165896,DoS slowloris
80,511799,4,2,231,0,57.75,0.0,451.3490648,11.72335233,DoS slowloris
80,512418,4,2,231,0,57.75,0.0,450.8038359,11.70919054,DoS slowloris
80,512661,4,2,231,0,57.75,0.0,450.5901561,11.70364042,DoS slowloris
80,513189,4,2,231,0,57.75,0.0,450.1265616,11.691599,DoS slowloris
80,513244,4,2,231,0,57.75,0.0,450.0783253,11.69034611,DoS slowloris
80,513308,4,2,231,0,57.75,0.0,450.0222089,11.68888854,DoS slowloris
80,514898,4,2,231,0,57.75,0.0,448.6325447,11.65279337,DoS slowloris
80,510425,4,2,231,0,57.75,0.0,452.5640398,11.75491012,DoS slowloris
80,515314,4,2,231,0,57.75,0.0,448.270375,11.64338636,DoS slowloris
80,515530,4,2,231,0,57.75,0.0,448.0825558,11.63850794,DoS slowloris
80,515536,4,2,231,0,57.75,0.0,448.0773409,11.63837249,DoS slowloris
80,515825,4,2,231,0,57.75,0.0,447.8262977,11.63185189,DoS slowloris
80,516049,4,2,231,0,57.75,0.0,447.6319109,11.62680288,DoS slowloris
80,516404,4,2,231,0,57.75,0.0,447.324188,11.61881008,DoS slowloris
80,516907,4,2,231,0,57.75,0.0,446.8888988,11.60750386,DoS slowloris
80,516568,4,2,231,0,57.75,0.0,447.1821716,11.61512134,DoS slowloris
80,516623,4,2,231,0,57.75,0.0,447.1345643,11.61388479,DoS slowloris
80,517186,4,2,231,0,57.75,0.0,446.6478211,11.60124211,DoS slowloris
80,517537,4,2,231,0,57.75,0.0,446.344899,11.593374,DoS slowloris
80,517695,4,2,231,0,57.75,0.0,446.208675,11.58983571,DoS slowloris
80,517834,4,2,231,0,57.75,0.0,446.0889011,11.5867247,DoS slowloris
80,518894,4,2,231,0,57.75,0.0,445.1776278,11.56305527,DoS slowloris
80,518551,4,2,231,0,57.75,0.0,445.4720944,11.57070375,DoS slowloris
80,518081,4,2,231,0,57.75,0.0,445.876224,11.58120062,DoS slowloris
80,518358,4,2,231,0,57.75,0.0,445.6379568,11.57501186,DoS slowloris
80,519111,4,2,231,0,57.75,0.0,444.9915336,11.55822165,DoS slowloris
80,519404,4,2,231,0,57.75,0.0,444.7405103,11.55170157,DoS slowloris
80,519651,4,2,231,0,57.75,0.0,444.5291167,11.54621082,DoS slowloris
80,519972,4,2,231,0,57.75,0.0,444.2546906,11.53908287,DoS slowloris
80,520230,4,2,231,0,57.75,0.0,444.0343694,11.53336024,DoS slowloris
80,520524,4,2,231,0,57.75,0.0,443.7835719,11.52684602,DoS slowloris
80,520772,4,2,231,0,57.75,0.0,443.5722351,11.52135675,DoS slowloris
80,521040,4,2,231,0,57.75,0.0,443.3440811,11.51543068,DoS slowloris
80,521300,4,2,231,0,57.75,0.0,443.1229618,11.50968732,DoS slowloris
80,521766,4,2,231,0,57.75,0.0,442.7271995,11.49940778,DoS slowloris
80,521899,4,2,231,0,57.75,0.0,442.6143756,11.49647729,DoS slowloris
80,522207,4,2,231,0,57.75,0.0,442.3533197,11.48969661,DoS slowloris
80,523968,4,2,231,0,57.75,0.0,440.8666178,11.45108098,DoS slowloris
80,524358,4,2,231,0,57.75,0.0,440.5387159,11.44256405,DoS slowloris
80,524781,4,2,231,0,57.75,0.0,440.1836195,11.43334077,DoS slowloris
80,524872,4,2,231,0,57.75,0.0,440.1073024,11.4313585,DoS slowloris
80,526011,4,2,231,0,57.75,0.0,439.1543143,11.40660557,DoS slowloris
80,526721,4,2,231,0,57.75,0.0,438.5623508,11.39122989,DoS slowloris
80,526780,4,2,231,0,57.75,0.0,438.5132313,11.38995406,DoS slowloris
80,526867,4,2,231,0,57.75,0.0,438.4408209,11.38807327,DoS slowloris
80,519471,4,2,231,0,57.75,0.0,444.6831488,11.55021166,DoS slowloris
80,527165,4,2,231,0,57.75,0.0,438.1929756,11.38163573,DoS slowloris
80,527618,4,2,231,0,57.75,0.0,437.8167538,11.37186373,DoS slowloris
80,527648,4,2,231,0,57.75,0.0,437.7918612,11.37121718,DoS slowloris
80,527621,4,2,231,0,57.75,0.0,437.8142644,11.37179908,DoS slowloris
80,528658,4,2,231,0,57.75,0.0,436.9554608,11.34949249,DoS slowloris
80,529465,4,2,231,0,57.75,0.0,436.289462,11.33219382,DoS slowloris
80,529588,4,2,231,0,57.75,0.0,436.1881312,11.32956185,DoS slowloris
80,529617,4,2,231,0,57.75,0.0,436.164247,11.32894148,DoS slowloris
80,531527,4,2,231,0,57.75,0.0,434.5969255,11.28823183,DoS slowloris
80,530544,4,2,231,0,57.75,0.0,435.4021533,11.30914684,DoS slowloris
80,530502,4,2,231,0,57.75,0.0,435.4366242,11.31004219,DoS slowloris
80,531683,4,2,231,0,57.75,0.0,434.4694113,11.28491977,DoS slowloris
80,532274,4,2,231,0,57.75,0.0,433.9870067,11.27238978,DoS slowloris
80,532511,4,2,231,0,57.75,0.0,433.7938559,11.26737288,DoS slowloris
80,532582,4,2,231,0,57.75,0.0,433.7360256,11.2658708,DoS slowloris
80,533150,4,2,231,0,57.75,0.0,433.2739379,11.25386852,DoS slowloris
80,533931,4,2,231,0,57.75,0.0,432.6401726,11.23740708,DoS slowloris
80,533384,4,2,231,0,57.75,0.0,433.083857,11.24893135,DoS slowloris
80,533421,4,2,231,0,57.75,0.0,433.0538168,11.24815109,DoS slowloris
80,534201,4,2,231,0,57.75,0.0,432.4215043,11.23172738,DoS slowloris
80,534288,4,2,231,0,57.75,0.0,432.3510915,11.22989848,DoS slowloris
80,535158,4,2,231,0,57.75,0.0,431.6482235,11.21164217,DoS slowloris
80,535215,4,2,231,0,57.75,0.0,431.6022533,11.21044814,DoS slowloris
80,535300,4,2,231,0,57.75,0.0,431.5337194,11.20866804,DoS slowloris
80,536096,4,2,231,0,57.75,0.0,430.8929744,11.19202531,DoS slowloris
80,536109,4,2,231,0,57.75,0.0,430.8825258,11.19175392,DoS slowloris
80,536163,4,2,231,0,57.75,0.0,430.8391291,11.19062673,DoS slowloris
80,536936,4,2,231,0,57.75,0.0,430.2188715,11.17451614,DoS slowloris
80,536991,4,2,231,0,57.75,0.0,430.1748074,11.17337162,DoS slowloris
80,537037,4,2,231,0,57.75,0.0,430.1379607,11.17241456,DoS slowloris
80,537813,4,2,231,0,57.75,0.0,429.5173229,11.1562941,DoS slowloris
80,537941,4,2,231,0,57.75,0.0,429.4151217,11.15363953,DoS slowloris
80,538070,4,2,231,0,57.75,0.0,429.3121713,11.15096549,DoS slowloris
80,538818,4,2,231,0,57.75,0.0,428.7161899,11.13548545,DoS slowloris
80,538881,4,2,231,0,57.75,0.0,428.6660691,11.13418361,DoS slowloris
80,539692,4,2,231,0,57.75,0.0,428.0219088,11.11745218,DoS slowloris
80,539776,4,2,231,0,57.75,0.0,427.9553,11.11572208,DoS slowloris
80,540675,4,2,231,0,57.75,0.0,427.2437231,11.09723956,DoS slowloris
80,540671,4,2,231,0,57.75,0.0,427.246884,11.09732166,DoS slowloris
80,539019,4,2,231,0,57.75,0.0,428.5563218,11.13133303,DoS slowloris
80,541304,4,2,231,0,57.75,0.0,426.7472622,11.08434447,DoS slowloris
80,541091,4,2,231,0,57.75,0.0,426.9152509,11.08870781,DoS slowloris
80,541334,4,2,231,0,57.75,0.0,426.7236124,11.08373019,DoS slowloris
80,542192,4,2,231,0,57.75,0.0,426.0483371,11.06619057,DoS slowloris
80,542219,4,2,231,0,57.75,0.0,426.0271219,11.06563953,DoS slowloris
80,543068,4,2,231,0,57.75,0.0,425.3610966,11.04834017,DoS slowloris
80,543166,4,2,231,0,57.75,0.0,425.2843514,11.04634679,DoS slowloris
80,543982,4,2,231,0,57.75,0.0,424.6464037,11.02977672,DoS slowloris
80,544050,4,2,231,0,57.75,0.0,424.5933278,11.02839813,DoS slowloris
80,545217,4,2,231,0,57.75,0.0,423.6845146,11.00479259,DoS slowloris
80,545312,4,2,231,0,57.75,0.0,423.6107036,11.00287542,DoS slowloris
80,546088,4,2,231,0,57.75,0.0,423.0087458,10.98724015,DoS slowloris
80,546111,4,2,231,0,57.75,0.0,422.9909304,10.98677741,DoS slowloris
80,546975,4,2,231,0,57.75,0.0,422.3227753,10.96942273,DoS slowloris
80,547114,4,2,231,0,57.75,0.0,422.2154798,10.96663584,DoS slowloris
80,547890,4,2,231,0,57.75,0.0,421.617478,10.95110332,DoS slowloris
80,547968,4,2,231,0,57.75,0.0,421.5574632,10.9495445,DoS slowloris
80,548794,4,2,231,0,57.75,0.0,420.9229693,10.93306414,DoS slowloris
80,548879,4,2,231,0,57.75,0.0,420.8577847,10.93137103,DoS slowloris
80,549658,4,2,231,0,57.75,0.0,420.2613261,10.9158786,DoS slowloris
80,550243,4,2,231,0,57.75,0.0,419.8145183,10.9042732,DoS slowloris
80,551164,4,2,231,0,57.75,0.0,419.1130045,10.88605206,DoS slowloris
80,549767,4,2,231,0,57.75,0.0,420.1780027,10.91371436,DoS slowloris
80,551473,4,2,231,0,57.75,0.0,418.8781681,10.87995242,DoS slowloris
80,551861,4,2,231,0,57.75,0.0,418.5836651,10.87230299,DoS slowloris
80,552828,4,2,231,0,57.75,0.0,417.8514836,10.85328529,DoS slowloris
80,561865,4,2,231,0,57.75,0.0,411.1307876,10.67872176,DoS slowloris
80,799,1,2,231,483,231.0,241.5,893617.0213,3754.693367,DoS slowloris
80,626,1,2,231,483,231.0,241.5,1140575.08,4792.332268,DoS slowloris
80,679,1,2,231,483,231.0,241.5,1051546.392,4418.26215,DoS slowloris
80,723,1,2,231,483,231.0,241.5,987551.8672,4149.377593,DoS slowloris
80,17072865,4,3,239,0,59.75,0.0,13.99882211,0.410007342,DoS slowloris
80,17069963,4,3,239,0,59.75,0.0,14.00120199,0.410077046,DoS slowloris
80,17071303,4,3,239,0,59.75,0.0,14.00010298,0.410044857,DoS slowloris
80,17070583,4,3,239,0,59.75,0.0,14.00069347,0.410062152,DoS slowloris
80,17069147,4,3,239,0,59.75,0.0,14.00187133,0.41009665,DoS slowloris
80,17068076,4,3,239,0,59.75,0.0,14.00274993,0.410122383,DoS slowloris
80,17067193,4,3,239,0,59.75,0.0,14.00347439,0.410143601,DoS slowloris
80,17066381,4,3,239,0,59.75,0.0,14.00414066,0.410163115,DoS slowloris
80,17065472,4,3,239,0,59.75,0.0,14.00488659,0.410184963,DoS slowloris
80,17064675,4,3,239,0,59.75,0.0,14.00554069,0.410204121,DoS slowloris
80,17063094,4,3,239,0,59.75,0.0,14.00683838,0.410242128,DoS slowloris
80,17062341,4,3,239,0,59.75,0.0,14.00745654,0.410260233,DoS slowloris
80,17063906,4,3,239,0,59.75,0.0,14.00617186,0.410222607,DoS slowloris
80,17061481,4,3,239,0,59.75,0.0,14.0081626,0.410280913,DoS slowloris
80,17060381,4,3,239,0,59.75,0.0,14.0090658,0.410307367,DoS slowloris
80,17059930,4,3,239,0,59.75,0.0,14.00943615,0.410318213,DoS slowloris
80,17059212,4,3,239,0,59.75,0.0,14.01002579,0.410335483,DoS slowloris
80,17058238,4,3,239,0,59.75,0.0,14.01082574,0.410358913,DoS slowloris
80,17057468,4,3,239,0,59.75,0.0,14.01145821,0.410377437,DoS slowloris
80,17056745,4,3,239,0,59.75,0.0,14.01205212,0.410394832,DoS slowloris
80,17054799,4,3,239,0,59.75,0.0,14.01365094,0.410441659,DoS slowloris
80,17054076,4,3,239,0,59.75,0.0,14.01424504,0.41045906,DoS slowloris
80,17055757,4,3,239,0,59.75,0.0,14.01286381,0.410418605,DoS slowloris
80,17053077,4,3,239,0,59.75,0.0,14.01506602,0.410483105,DoS slowloris
80,17052504,4,3,239,0,59.75,0.0,14.01553696,0.410496898,DoS slowloris
80,17050940,4,3,239,0,59.75,0.0,14.01682253,0.410534551,DoS slowloris
80,17050187,4,3,239,0,59.75,0.0,14.01744157,0.410552682,DoS slowloris
80,44085583,4,3,239,0,59.75,0.0,5.421273435,0.158782067,DoS slowloris
80,44080567,4,3,239,0,59.75,0.0,5.421890331,0.158800135,DoS slowloris
80,44078827,4,3,239,0,59.75,0.0,5.422104359,0.158806404,DoS slowloris
80,44079795,4,3,239,0,59.75,0.0,5.421985288,0.158802916,DoS slowloris
80,44076629,4,3,239,0,59.75,0.0,5.422374746,0.158814323,DoS slowloris
80,44077903,4,3,239,0,59.75,0.0,5.422218022,0.158809733,DoS slowloris
80,44074446,4,3,239,0,59.75,0.0,5.422643316,0.158822189,DoS slowloris
80,44075379,4,3,239,0,59.75,0.0,5.422528528,0.158818827,DoS slowloris
80,44073672,4,3,239,0,59.75,0.0,5.422738546,0.158824978,DoS slowloris
80,44072014,4,3,239,0,59.75,0.0,5.42294255,0.158830953,DoS slowloris
80,44072735,4,3,239,0,59.75,0.0,5.422853835,0.158828355,DoS slowloris
80,44071310,4,3,239,0,59.75,0.0,5.423029177,0.158833491,DoS slowloris
80,44069326,4,3,239,0,59.75,0.0,5.423273322,0.158840641,DoS slowloris
80,44068085,6,3,701,0,116.8333333,0.0,15.90720359,0.204229433,DoS slowloris
80,67084972,8,3,701,0,87.625,0.0,10.44943419,0.16397115,DoS slowloris
80,1396057,6,2,693,0,115.5,0.0,496.3980697,5.730425047,DoS slowloris
80,100053357,5,4,247,0,49.4,0.0,2.468682785,0.089952004,DoS slowloris
80,100048827,5,4,247,0,49.4,0.0,2.468794562,0.089956077,DoS slowloris
80,100047104,5,4,247,0,49.4,0.0,2.468837079,0.089957626,DoS slowloris
80,100047997,5,4,247,0,49.4,0.0,2.468815043,0.089956823,DoS slowloris
80,100044862,5,4,247,0,49.4,0.0,2.468892405,0.089959642,DoS slowloris
80,100043607,5,4,247,0,49.4,0.0,2.468923377,0.089960771,DoS slowloris
80,100041859,5,4,247,0,49.4,0.0,2.468966515,0.089962343,DoS slowloris
80,100042660,5,4,247,0,49.4,0.0,2.468946747,0.089961622,DoS slowloris
80,100040957,5,4,247,0,49.4,0.0,2.468988776,0.089963154,DoS slowloris
80,16045,5,3,356,1964,71.2,654.6666667,144593.3313,498.597694,DoS Slowhttptest
80,109998919,4,3,525,0,131.25,0.0,4.772774176,0.063636989,DoS Slowhttptest
80,109993343,4,3,531,0,132.75,0.0,4.827564883,0.063640215,DoS Slowhttptest
80,109988359,4,3,535,0,133.75,0.0,4.864151123,0.063643099,DoS Slowhttptest
80,109982960,4,3,530,0,132.5,0.0,4.818928314,0.063646223,DoS Slowhttptest
80,109977744,4,3,530,0,132.5,0.0,4.819156865,0.063649242,DoS Slowhttptest
80,109967320,4,3,526,0,131.5,0.0,4.783239239,0.063655275,DoS Slowhttptest
80,109962098,4,3,529,0,132.25,0.0,4.810748518,0.063658298,DoS Slowhttptest
80,109972494,4,3,533,0,133.25,0.0,4.846666476,0.06365228,DoS Slowhttptest
80,109956889,4,3,530,0,132.5,0.0,4.820070892,0.063661314,DoS Slowhttptest
80,109951738,4,3,530,0,132.5,0.0,4.820296701,0.063664296,DoS Slowhttptest
80,109946495,4,3,531,0,132.75,0.0,4.829621899,0.063667332,DoS Slowhttptest
80,109941264,4,3,528,0,132.0,0.0,4.802564395,0.063670361,DoS Slowhttptest
80,109936031,4,3,535,0,133.75,0.0,4.866466391,0.063673392,DoS Slowhttptest
80,83400021,18,2,5200,0,288.8888889,0.0,62.3501042,0.239808093,DoS Slowhttptest
80,83385834,18,2,5200,0,288.8888889,0.0,62.36071225,0.239848893,DoS Slowhttptest
80,115458260,19,2,5200,0,273.6842105,0.0,45.03792106,0.181883912,DoS Slowhttptest
80,115453289,19,2,5200,0,273.6842105,0.0,45.03986023,0.181891743,DoS Slowhttptest
80,109930853,4,3,532,0,133.0,0.0,4.839405731,0.063676391,DoS Slowhttptest
80,109925630,4,3,539,0,134.75,0.0,4.903315087,0.063679417,DoS Slowhttptest
80,109920456,4,3,524,0,131.0,0.0,4.767083572,0.063682414,DoS Slowhttptest
80,109910016,4,3,535,0,133.75,0.0,4.867618252,0.063688463,DoS Slowhttptest
80,109915271,4,3,539,0,134.75,0.0,4.903777201,0.063685418,DoS Slowhttptest
80,109904796,4,3,529,0,132.25,0.0,4.813256739,0.063691488,DoS Slowhttptest
80,109899658,4,3,533,0,133.25,0.0,4.849878605,0.063694466,DoS Slowhttptest
80,109894637,4,3,528,0,132.0,0.0,4.804602066,0.063697376,DoS Slowhttptest
80,109889203,4,3,535,0,133.75,0.0,4.868540179,0.063700526,DoS Slowhttptest
80,109884011,4,3,532,0,133.0,0.0,4.841468701,0.063703536,DoS Slowhttptest
80,109873762,4,3,539,0,134.75,0.0,4.90562979,0.063709478,DoS Slowhttptest
80,109878782,4,3,526,0,131.5,0.0,4.787093472,0.063706567,DoS Slowhttptest
80,109868358,4,3,536,0,134.0,0.0,4.878565674,0.063712611,DoS Slowhttptest
80,109863185,4,3,537,0,134.25,0.0,4.887897616,0.063715611,DoS Slowhttptest
80,109857973,4,3,532,0,133.0,0.0,4.842616202,0.063718634,DoS Slowhttptest
80,109852751,4,3,532,0,133.0,0.0,4.842846403,0.063721663,DoS Slowhttptest
80,109847601,4,3,532,0,133.0,0.0,4.84307345,0.063724651,DoS Slowhttptest
80,109842402,4,3,532,0,133.0,0.0,4.84330268,0.063727667,DoS Slowhttptest
80,109837154,4,3,526,0,131.5,0.0,4.788907768,0.063730712,DoS Slowhttptest
80,109831978,4,3,534,0,133.5,0.0,4.861971984,0.063733715,DoS Slowhttptest
80,109826816,4,3,524,0,131.0,0.0,4.771148059,0.063736711,DoS Slowhttptest
80,109821590,4,3,537,0,134.25,0.0,4.88974891,0.063739744,DoS Slowhttptest
80,109816399,4,3,529,0,132.25,0.0,4.817131183,0.063742757,DoS Slowhttptest
80,109805991,4,3,537,0,134.25,0.0,4.890443546,0.063748799,DoS Slowhttptest
80,109811200,4,3,530,0,132.5,0.0,4.826465789,0.063745775,DoS Slowhttptest
80,109795543,4,3,528,0,132.0,0.0,4.808938374,0.063754865,DoS Slowhttptest
80,109800763,4,3,526,0,131.5,0.0,4.790494944,0.063751834,DoS Slowhttptest
80,109785148,4,3,530,0,132.5,0.0,4.827611108,0.063760901,DoS Slowhttptest
80,109790321,4,3,532,0,133.0,0.0,4.845600187,0.063757897,DoS Slowhttptest
80,109780138,4,3,526,0,131.5,0.0,4.791394961,0.063763811,DoS Slowhttptest
80,109774861,4,3,531,0,132.75,0.0,4.837173057,0.063766876,DoS Slowhttptest
80,109769736,4,3,530,0,132.5,0.0,4.828288919,0.063769854,DoS Slowhttptest
80,109764561,4,3,533,0,133.25,0.0,4.855847781,0.06377286,DoS Slowhttptest
80,109759124,4,3,528,0,132.0,0.0,4.81053402,0.063776019,DoS Slowhttptest
80,109753976,4,3,529,0,132.25,0.0,4.819870945,0.063779011,DoS Slowhttptest
80,109748759,4,3,532,0,133.0,0.0,4.847435222,0.063782042,DoS Slowhttptest
80,109743551,4,3,531,0,132.75,0.0,4.83855311,0.063785069,DoS Slowhttptest
80,109738381,4,3,529,0,132.25,0.0,4.8205559,0.063788074,DoS Slowhttptest
80,109733179,4,3,533,0,133.25,0.0,4.857236479,0.063791098,DoS Slowhttptest
80,109727987,4,3,537,0,134.25,0.0,4.89392009,0.063794117,DoS Slowhttptest
80,109722764,4,3,531,0,132.75,0.0,4.839469775,0.063797153,DoS Slowhttptest
80,109712407,4,3,532,0,133.0,0.0,4.849041367,0.063803176,DoS Slowhttptest
80,109717571,4,3,524,0,131.0,0.0,4.775898657,0.063800173,DoS Slowhttptest
80,109702003,4,3,532,0,133.0,0.0,4.849501244,0.063809227,DoS Slowhttptest
80,109707161,4,3,527,0,131.75,0.0,4.803697363,0.063806227,DoS Slowhttptest
80,109696793,4,3,528,0,132.0,0.0,4.813267422,0.063812257,DoS Slowhttptest
80,109691594,4,3,525,0,131.25,0.0,4.786146147,0.063815282,DoS Slowhttptest
80,109686359,4,3,528,0,132.0,0.0,4.813725287,0.063818328,DoS Slowhttptest
80,109681249,4,3,525,0,131.25,0.0,4.786597571,0.063821301,DoS Slowhttptest
80,109676031,4,3,525,0,131.25,0.0,4.7868253,0.063824337,DoS Slowhttptest
80,109670823,4,3,540,0,135.0,0.0,4.923825547,0.063827368,DoS Slowhttptest
80,109665621,4,3,525,0,131.25,0.0,4.787279689,0.063830396,DoS Slowhttptest
80,109660430,4,3,532,0,133.0,0.0,4.851339722,0.063833417,DoS Slowhttptest
80,109655206,4,3,538,0,134.5,0.0,4.906287805,0.063836458,DoS Slowhttptest
80,109650056,4,3,527,0,131.75,0.0,4.806199096,0.063839457,DoS Slowhttptest
80,109644856,4,3,534,0,133.5,0.0,4.870269518,0.063842484,DoS Slowhttptest
80,109639644,4,3,536,0,134.0,0.0,4.888742616,0.063845519,DoS Slowhttptest
80,109634435,4,3,529,0,132.25,0.0,4.825126339,0.063848553,DoS Slowhttptest
80,109624211,4,3,534,0,133.5,0.0,4.871186713,0.063854507,DoS Slowhttptest
80,109629227,4,3,531,0,132.75,0.0,4.84359887,0.063851586,DoS Slowhttptest
80,109618826,4,3,526,0,131.5,0.0,4.798445844,0.063857644,DoS Slowhttptest
80,109613617,4,3,532,0,133.0,0.0,4.853411598,0.063860679,DoS Slowhttptest
80,109608672,4,3,532,0,133.0,0.0,4.853630559,0.06386356,DoS Slowhttptest
80,109603221,4,3,533,0,133.25,0.0,4.862995769,0.063866736,DoS Slowhttptest
80,109598077,4,3,536,0,134.0,0.0,4.890596757,0.063869734,DoS Slowhttptest
80,109592883,4,3,532,0,133.0,0.0,4.85432982,0.063872761,DoS Slowhttptest
80,109582339,4,3,534,0,133.5,0.0,4.873048019,0.063878907,DoS Slowhttptest
80,109587556,4,3,534,0,133.5,0.0,4.872816034,0.063875866,DoS Slowhttptest
80,109577179,4,3,524,0,131.0,0.0,4.782017613,0.063881915,DoS Slowhttptest
80,109571979,4,3,532,0,133.0,0.0,4.855255923,0.063884946,DoS Slowhttptest
80,109566805,4,3,531,0,132.75,0.0,4.846358347,0.063887963,DoS Slowhttptest
80,109561569,4,3,531,0,132.75,0.0,4.846589957,0.063891016,DoS Slowhttptest
80,109556406,4,3,533,0,133.25,0.0,4.865073796,0.063894027,DoS Slowhttptest
80,109551227,4,3,539,0,134.75,0.0,4.920072689,0.063897048,DoS Slowhttptest
80,109545985,4,3,529,0,132.25,0.0,4.829022259,0.063900106,DoS Slowhttptest
80,109535578,4,3,534,0,133.5,0.0,4.875128335,0.063906177,DoS Slowhttptest
80,109540785,4,3,536,0,134.0,0.0,4.893154636,0.063903139,DoS Slowhttptest
80,109530435,4,3,537,0,134.25,0.0,4.902746894,0.063909177,DoS Slowhttptest
80,109525298,4,3,526,0,131.5,0.0,4.802543427,0.063912175,DoS Slowhttptest
80,109520046,4,3,533,0,133.25,0.0,4.866688971,0.06391524,DoS Slowhttptest
80,109514842,4,3,535,0,133.75,0.0,4.885182595,0.063918277,DoS Slowhttptest
80,109509634,4,3,533,0,133.25,0.0,4.867151688,0.063921317,DoS Slowhttptest
80,109504425,4,3,534,0,133.5,0.0,4.876515264,0.063924357,DoS Slowhttptest
80,109499244,4,3,533,0,133.25,0.0,4.867613515,0.063927382,DoS Slowhttptest
80,109494050,4,3,531,0,132.75,0.0,4.849578584,0.063930414,DoS Slowhttptest
80,109488859,4,3,530,0,132.5,0.0,4.840675159,0.063933446,DoS Slowhttptest
80,109483643,4,3,525,0,131.25,0.0,4.795236856,0.063936491,DoS Slowhttptest
80,109478452,4,3,535,0,133.75,0.0,4.886806401,0.063939523,DoS Slowhttptest
80,109473298,4,3,530,0,132.5,0.0,4.841363234,0.063942533,DoS Slowhttptest
80,109468104,4,3,526,0,131.5,0.0,4.805052621,0.063945567,DoS Slowhttptest
80,109462863,4,3,526,0,131.5,0.0,4.805282683,0.063948629,DoS Slowhttptest
80,109457664,4,3,530,0,132.5,0.0,4.842054733,0.063951666,DoS Slowhttptest
80,109442091,4,3,529,0,132.25,0.0,4.833606478,0.063960766,DoS Slowhttptest
80,109436891,4,3,526,0,131.5,0.0,4.806423092,0.063963805,DoS Slowhttptest
80,109452457,4,3,533,0,133.25,0.0,4.869694245,0.063954709,DoS Slowhttptest
80,109447222,4,3,531,0,132.75,0.0,4.851653521,0.063957768,DoS Slowhttptest
80,109431679,4,3,532,0,133.0,0.0,4.861480742,0.063966852,DoS Slowhttptest
80,109426487,4,3,528,0,132.0,0.0,4.825157185,0.063969887,DoS Slowhttptest
80,109421474,4,3,539,0,134.75,0.0,4.925906957,0.063972818,DoS Slowhttptest
80,109410897,4,3,532,0,133.0,0.0,4.862404153,0.063979002,DoS Slowhttptest
80,109416067,4,3,537,0,134.25,0.0,4.907871529,0.063975979,DoS Slowhttptest
80,109405749,4,3,531,0,132.75,0.0,4.853492662,0.063982012,DoS Slowhttptest
80,109400547,4,3,526,0,131.5,0.0,4.808019836,0.063985055,DoS Slowhttptest
80,109395351,4,3,539,0,134.75,0.0,4.927083236,0.063988094,DoS Slowhttptest
80,109390169,4,3,527,0,131.75,0.0,4.817617569,0.063991125,DoS Slowhttptest
80,109379720,4,3,539,0,134.75,0.0,4.927787345,0.063997238,DoS Slowhttptest
80,109384871,4,3,535,0,133.75,0.0,4.890987164,0.063994225,DoS Slowhttptest
80,109374698,4,3,534,0,133.5,0.0,4.882299195,0.064000177,DoS Slowhttptest
80,109369309,4,3,533,0,133.25,0.0,4.87339643,0.06400333,DoS Slowhttptest
80,109364114,4,3,539,0,134.75,0.0,4.928490528,0.06400637,DoS Slowhttptest
80,109353716,4,3,527,0,131.75,0.0,4.819223519,0.064012457,DoS Slowhttptest
80,109358947,4,3,525,0,131.25,0.0,4.800704601,0.064009395,DoS Slowhttptest
80,109348540,4,3,538,0,134.5,0.0,4.920047401,0.064015487,DoS Slowhttptest
80,109338134,4,3,532,0,133.0,0.0,4.865640015,0.064021579,DoS Slowhttptest
80,109343490,4,3,538,0,134.5,0.0,4.920274632,0.064018443,DoS Slowhttptest
80,109332954,4,3,536,0,134.0,0.0,4.902456034,0.064024612,DoS Slowhttptest
80,109327757,4,3,537,0,134.25,0.0,4.911835884,0.064027656,DoS Slowhttptest
80,109322585,4,3,536,0,134.0,0.0,4.90292102,0.064030685,DoS Slowhttptest
80,109317368,4,3,532,0,133.0,0.0,4.866564296,0.064033741,DoS Slowhttptest
80,109312176,4,3,539,0,134.75,0.0,4.930832225,0.064036782,DoS Slowhttptest
80,109296587,4,3,534,0,133.5,0.0,4.885788428,0.064045916,DoS Slowhttptest
80,109307191,4,3,536,0,134.0,0.0,4.903611511,0.064039703,DoS Slowhttptest
80,109301773,4,3,531,0,132.75,0.0,4.858109667,0.064042877,DoS Slowhttptest
80,109291388,4,3,535,0,133.75,0.0,4.895170697,0.064048962,DoS Slowhttptest
80,109286192,4,3,527,0,131.75,0.0,4.822201143,0.064052008,DoS Slowhttptest
80,109281053,4,3,537,0,134.25,0.0,4.913935081,0.06405502,DoS Slowhttptest
80,109275840,4,3,533,0,133.25,0.0,4.877564885,0.064058075,DoS Slowhttptest
80,102689743,14,3,5720,6,408.5714286,2.0,55.76019408,0.165547206,DoS Slowhttptest
80,102684731,14,3,5720,6,408.5714286,2.0,55.76291572,0.165555286,DoS Slowhttptest
80,119703287,18,3,5720,6,317.7777778,2.0,47.83494375,0.175433779,DoS Slowhttptest
80,119698140,18,3,5720,6,317.7777778,2.0,47.83700064,0.175441323,DoS Slowhttptest
80,103693074,15,3,5720,6,381.3333333,2.0,55.22066016,0.173589222,DoS Slowhttptest
80,63091435,7,0,0,0,0.0,0.0,0.0,0.110950084,DoS Slowhttptest
80,63096574,7,0,0,0,0.0,0.0,0.0,0.110941047,DoS Slowhttptest
80,63086221,7,0,0,0,0.0,0.0,0.0,0.110959254,DoS Slowhttptest
80,63081038,7,0,0,0,0.0,0.0,0.0,0.110968371,DoS Slowhttptest
80,63139562,7,0,0,0,0.0,0.0,0.0,0.110865514,DoS Slowhttptest
80,63134358,7,0,0,0,0.0,0.0,0.0,0.110874652,DoS Slowhttptest
80,63129198,7,0,0,0,0.0,0.0,0.0,0.110883715,DoS Slowhttptest
80,63118884,7,0,0,0,0.0,0.0,0.0,0.110901834,DoS Slowhttptest
80,63124031,7,0,0,0,0.0,0.0,0.0,0.110892791,DoS Slowhttptest
80,63113736,7,0,0,0,0.0,0.0,0.0,0.11091088,DoS Slowhttptest
80,63108562,7,0,0,0,0.0,0.0,0.0,0.110919973,DoS Slowhttptest
80,63103410,7,0,0,0,0.0,0.0,0.0,0.110929029,DoS Slowhttptest
80,63156753,7,0,0,0,0.0,0.0,0.0,0.110835337,DoS Slowhttptest
80,63151585,7,0,0,0,0.0,0.0,0.0,0.110844407,DoS Slowhttptest
80,63146386,7,0,0,0,0.0,0.0,0.0,0.110853533,DoS Slowhttptest
80,63141281,7,0,0,0,0.0,0.0,0.0,0.110862496,DoS Slowhttptest
80,63136066,7,0,0,0,0.0,0.0,0.0,0.110871653,DoS Slowhttptest
80,63125871,7,0,0,0,0.0,0.0,0.0,0.110889559,DoS Slowhttptest
80,63130890,7,0,0,0,0.0,0.0,0.0,0.110880743,DoS Slowhttptest
80,63120745,7,0,0,0,0.0,0.0,0.0,0.110898564,DoS Slowhttptest
80,63115404,7,0,0,0,0.0,0.0,0.0,0.110907949,DoS Slowhttptest
80,63110222,7,0,0,0,0.0,0.0,0.0,0.110917056,DoS Slowhttptest
80,63105020,7,0,0,0,0.0,0.0,0.0,0.110926199,DoS Slowhttptest
80,63099870,7,0,0,0,0.0,0.0,0.0,0.110935252,DoS Slowhttptest
80,63089515,7,0,0,0,0.0,0.0,0.0,0.11095346,DoS Slowhttptest
80,63094917,7,0,0,0,0.0,0.0,0.0,0.110943961,DoS Slowhttptest
80,63084607,7,0,0,0,0.0,0.0,0.0,0.110962093,DoS Slowhttptest
80,63142847,7,0,0,0,0.0,0.0,0.0,0.110859746,DoS Slowhttptest
80,63137933,7,0,0,0,0.0,0.0,0.0,0.110868374,DoS Slowhttptest
80,63132529,7,0,0,0,0.0,0.0,0.0,0.110877865,DoS Slowhttptest
80,63127388,7,0,0,0,0.0,0.0,0.0,0.110886894,DoS Slowhttptest
80,63122194,7,0,0,0,0.0,0.0,0.0,0.110896019,DoS Slowhttptest
80,63117045,7,0,0,0,0.0,0.0,0.0,0.110905065,DoS Slowhttptest
80,63106684,7,0,0,0,0.0,0.0,0.0,0.110923274,DoS Slowhttptest
80,63111871,7,0,0,0,0.0,0.0,0.0,0.110914157,DoS Slowhttptest
80,63159900,7,0,0,0,0.0,0.0,0.0,0.110829814,DoS Slowhttptest
80,63101502,7,0,0,0,0.0,0.0,0.0,0.110932383,DoS Slowhttptest
80,63154912,7,0,0,0,0.0,0.0,0.0,0.110838568,DoS Slowhttptest
80,63149593,7,0,0,0,0.0,0.0,0.0,0.110847904,DoS Slowhttptest
80,63144389,7,0,0,0,0.0,0.0,0.0,0.110857039,DoS Slowhttptest
80,63139273,7,0,0,0,0.0,0.0,0.0,0.110866022,DoS Slowhttptest
80,63134095,7,0,0,0,0.0,0.0,0.0,0.110875114,DoS Slowhttptest
80,63128927,7,0,0,0,0.0,0.0,0.0,0.110884191,DoS Slowhttptest
80,63123744,7,0,0,0,0.0,0.0,0.0,0.110893296,DoS Slowhttptest
80,63118567,7,0,0,0,0.0,0.0,0.0,0.110902391,DoS Slowhttptest
80,63113398,7,0,0,0,0.0,0.0,0.0,0.110911474,DoS Slowhttptest
80,63108258,7,0,0,0,0.0,0.0,0.0,0.110920507,DoS Slowhttptest
80,63103095,7,0,0,0,0.0,0.0,0.0,0.110929583,DoS Slowhttptest
80,63097952,7,0,0,0,0.0,0.0,0.0,0.110938624,DoS Slowhttptest
80,63092778,7,0,0,0,0.0,0.0,0.0,0.110947722,DoS Slowhttptest
80,5021059,6,5,703,1414,117.1666667,282.8,421.6242032,2.190772903,PortScan
80,70,1,1,0,0,0.0,0.0,0.0,28571.42857,PortScan
80,5024211,6,5,703,1414,117.1666667,282.8,421.3596921,2.189398495,PortScan
80,52,1,1,0,0,0.0,0.0,0.0,38461.53846,PortScan
80,5386396,3,1,0,0,0.0,0.0,0.0,0.742611572,PortScan
80,5018079,6,5,703,1413,117.1666667,282.6,421.6753064,2.192073899,PortScan
80,101,1,1,0,0,0.0,0.0,0.0,19801.9802,PortScan
80,5001169,3,1,0,0,0.0,0.0,0.0,0.799813004,PortScan
80,671,2,1,8,2,4.0,2.0,14903.12966,4470.938897,PortScan
443,102,1,1,2,6,2.0,6.0,78431.37255,19607.84314,PortScan
22,591,2,1,8,2,4.0,2.0,16920.47377,5076.142132,PortScan
21,593,2,1,8,2,4.0,2.0,16863.40641,5059.021922,PortScan
443,94,1,1,2,6,2.0,6.0,85106.38298,21276.59574,PortScan
443,97,1,1,2,6,2.0,6.0,82474.2268,20618.5567,PortScan
444,124,1,1,2,6,2.0,6.0,64516.12903,16129.03226,PortScan
443,89,1,1,2,6,2.0,6.0,89887.64045,22471.91011,PortScan
80,818,2,1,8,2,4.0,2.0,12224.93888,3667.481663,PortScan
444,121,1,1,2,6,2.0,6.0,66115.70248,16528.92562,PortScan
443,71,1,1,2,6,2.0,6.0,112676.0563,28169.01408,PortScan
22,625,2,1,8,2,4.0,2.0,16000.0,4800.0,PortScan
21,648,2,1,8,2,4.0,2.0,15432.09877,4629.62963,PortScan
22,699,2,1,8,2,4.0,2.0,14306.15165,4291.845494,PortScan
21,740,2,1,8,2,4.0,2.0,13513.51351,4054.054054,PortScan
80,598,2,1,8,2,4.0,2.0,16722.40803,5016.722408,PortScan
443,54,1,1,2,6,2.0,6.0,148148.1481,37037.03704,PortScan
444,125,1,1,2,6,2.0,6.0,64000.0,16000.0,PortScan
443,83,1,1,2,6,2.0,6.0,96385.54217,24096.38554,PortScan
22,673,2,1,8,2,4.0,2.0,14858.84101,4457.652303,PortScan
21,653,2,1,8,2,4.0,2.0,15313.93568,4594.180704,PortScan
80,665,2,1,8,2,4.0,2.0,15037.59398,4511.278195,PortScan
444,126,1,1,2,6,2.0,6.0,63492.06349,15873.01587,PortScan
443,126,1,1,2,6,2.0,6.0,63492.06349,15873.01587,PortScan
443,119,1,1,2,6,2.0,6.0,67226.89076,16806.72269,PortScan
80,877,2,1,8,2,4.0,2.0,11402.50855,3420.752566,PortScan
21,511,2,1,8,2,4.0,2.0,19569.47162,5870.841487,PortScan
22,418,2,1,8,2,4.0,2.0,23923.44498,7177.033493,PortScan
443,94,1,1,2,6,2.0,6.0,85106.38298,21276.59574,PortScan
444,140,1,1,2,6,2.0,6.0,57142.85714,14285.71429,PortScan
21,779,2,1,8,2,4.0,2.0,12836.97047,3851.091142,PortScan
443,20,1,1,2,6,2.0,6.0,400000.0,100000.0,PortScan
22,700,2,1,8,2,4.0,2.0,14285.71429,4285.714286,PortScan
80,700,2,1,8,2,4.0,2.0,14285.71429,4285.714286,PortScan
444,186,1,1,2,6,2.0,6.0,43010.75269,10752.68817,PortScan
22,715,2,1,8,2,4.0,2.0,13986.01399,4195.804196,PortScan
21,517,2,1,8,2,4.0,2.0,19342.35977,5802.70793,PortScan
80,599,2,1,8,2,4.0,2.0,16694.49082,5008.347245,PortScan
443,147,1,1,2,6,2.0,6.0,54421.76871,13605.44218,PortScan
444,111,1,1,2,6,2.0,6.0,72072.07207,18018.01802,PortScan
80,718,2,1,8,2,4.0,2.0,13927.5766,4178.272981,PortScan
21,614,2,1,8,2,4.0,2.0,16286.64495,4885.993485,PortScan
22,506,2,1,8,2,4.0,2.0,19762.84585,5928.853755,PortScan
444,124,1,1,2,6,2.0,6.0,64516.12903,16129.03226,PortScan
443,147,1,1,2,6,2.0,6.0,54421.76871,13605.44218,PortScan
22,923,2,1,8,2,4.0,2.0,10834.23619,3250.270856,PortScan
80,707,2,1,8,2,4.0,2.0,14144.27157,4243.281471,PortScan
21,752,2,1,8,2,4.0,2.0,13297.87234,3989.361702,PortScan
443,127,1,1,2,6,2.0,6.0,62992.12598,15748.0315,PortScan
444,119,1,1,2,6,2.0,6.0,67226.89076,16806.72269,PortScan
21,799,2,1,8,2,4.0,2.0,12515.64456,3754.693367,PortScan
443,78,1,1,2,6,2.0,6.0,102564.1026,25641.02564,PortScan
80,837,2,1,8,2,4.0,2.0,11947.4313,3584.229391,PortScan
22,689,2,1,8,2,4.0,2.0,14513.7881,4354.13643,PortScan
444,121,1,1,2,6,2.0,6.0,66115.70248,16528.92562,PortScan
80,773,2,1,8,2,4.0,2.0,12936.61061,3880.983182,PortScan
443,74,1,1,2,6,2.0,6.0,108108.1081,27027.02703,PortScan
21,608,2,1,8,2,4.0,2.0,16447.36842,4934.210526,PortScan
22,609,2,1,8,2,4.0,2.0,16420.36125,4926.108374,PortScan
444,90,1,1,2,6,2.0,6.0,88888.88889,22222.22222,PortScan
21,871,2,1,8,2,4.0,2.0,11481.05626,3444.316877,PortScan
80,779,2,1,8,2,4.0,2.0,12836.97047,3851.091142,PortScan
22,633,2,1,8,2,4.0,2.0,15797.78831,4739.336493,PortScan
443,39,1,1,2,6,2.0,6.0,205128.2051,51282.05128,PortScan
444,155,1,1,2,6,2.0,6.0,51612.90323,12903.22581,PortScan
80,699,2,1,8,2,4.0,2.0,14306.15165,4291.845494,PortScan
443,96,1,1,2,6,2.0,6.0,83333.33333,20833.33333,PortScan
21,569,2,1,8,2,4.0,2.0,17574.69244,5272.407733,PortScan
22,659,2,1,8,2,4.0,2.0,15174.50683,4552.352049,PortScan
444,87,1,1,2,6,2.0,6.0,91954.02299,22988.50575,PortScan
21,825,2,1,8,2,4.0,2.0,12121.21212,3636.363636,PortScan
22,675,2,1,8,2,4.0,2.0,14814.81481,4444.444444,PortScan
80,779,2,1,8,2,4.0,2.0,12836.97047,3851.091142,PortScan
443,94,1,1,2,6,2.0,6.0,85106.38298,21276.59574,PortScan
444,155,1,1,2,6,2.0,6.0,51612.90323,12903.22581,PortScan
80,666,2,1,8,2,4.0,2.0,15015.01502,4504.504505,PortScan
443,43,1,1,2,6,2.0,6.0,186046.5116,46511.62791,PortScan
21,654,2,1,8,2,4.0,2.0,15290.51988,4587.155963,PortScan
22,655,2,1,8,2,4.0,2.0,15267.17557,4580.152672,PortScan
443,120,1,1,2,6,2.0,6.0,66666.66667,16666.66667,PortScan
444,130,1,1,2,6,2.0,6.0,61538.46154,15384.61538,PortScan
443,152,1,1,2,6,2.0,6.0,52631.57895,13157.89474,PortScan
22,710,2,1,8,2,4.0,2.0,14084.50704,4225.352113,PortScan
21,716,2,1,8,2,4.0,2.0,13966.48045,4189.944134,PortScan
80,695,2,1,8,2,4.0,2.0,14388.48921,4316.546763,PortScan
443,86,1,1,2,6,2.0,6.0,93023.25581,23255.81395,PortScan
444,125,1,1,2,6,2.0,6.0,64000.0,16000.0,PortScan
80,545,2,1,8,2,4.0,2.0,18348.62385,5504.587156,PortScan
21,878,2,1,8,2,4.0,2.0,11389.52164,3416.856492,PortScan
22,683,2,1,8,2,4.0,2.0,14641.28843,4392.38653,PortScan
443,84,1,1,2,6,2.0,6.0,95238.09524,23809.52381,PortScan
444,147,1,1,2,6,2.0,6.0,54421.76871,13605.44218,PortScan
80,738,2,1,8,2,4.0,2.0,13550.1355,4065.04065,PortScan
21,596,2,1,8,2,4.0,2.0,16778.52349,5033.557047,PortScan
22,760,2,1,8,2,4.0,2.0,13157.89474,3947.368421,PortScan
443,110,1,1,2,6,2.0,6.0,72727.27273,18181.81818,PortScan
444,121,1,1,2,6,2.0,6.0,66115.70248,16528.92562,PortScan
443,100,1,1,2,6,2.0,6.0,80000.0,20000.0,PortScan
22,610,2,1,8,2,4.0,2.0,16393.44262,4918.032787,PortScan
21,782,2,1,8,2,4.0,2.0,12787.72379,3836.317136,PortScan
80,861,2,1,8,2,4.0,2.0,11614.40186,3484.320557,PortScan
444,121,1,1,2,6,2.0,6.0,66115.70248,16528.92562,PortScan
443,92,1,1,2,6,2.0,6.0,86956.52174,21739.13043,PortScan
443,85,1,1,2,6,2.0,6.0,94117.64706,23529.41176,PortScan
21,898,3,1,0,0,0.0,0.0,0.0,4454.342984,PortScan
80,799,3,1,0,0,0.0,0.0,0.0,5006.257822,PortScan
443,97,1,1,0,6,0.0,6.0,61855.6701,20618.5567,PortScan
22,721,3,1,0,0,0.0,0.0,0.0,5547.850208,PortScan
444,154,1,1,0,6,0.0,6.0,38961.03896,12987.01299,PortScan
443,153,1,1,0,6,0.0,6.0,39215.68627,13071.89542,PortScan
21,801,3,1,0,0,0.0,0.0,0.0,4993.757803,PortScan
22,696,3,1,0,0,0.0,0.0,0.0,5747.126437,PortScan
80,705,3,1,0,0,0.0,0.0,0.0,5673.758865,PortScan
443,119,1,1,0,6,0.0,6.0,50420.16807,16806.72269,PortScan
444,116,1,1,0,6,0.0,6.0,51724.13793,17241.37931,PortScan
443,119,1,1,0,6,0.0,6.0,50420.16807,16806.72269,PortScan
21,914,3,1,0,0,0.0,0.0,0.0,4376.367615,PortScan
443,135,1,1,0,6,0.0,6.0,44444.44444,14814.81481,PortScan
80,887,3,1,0,0,0.0,0.0,0.0,4509.582864,PortScan
22,968,3,1,0,0,0.0,0.0,0.0,4132.231405,PortScan
444,91,1,1,0,6,0.0,6.0,65934.06593,21978.02198,PortScan
80,667,3,1,0,0,0.0,0.0,0.0,5997.001499,PortScan
443,115,1,1,0,6,0.0,6.0,52173.91304,17391.30435,PortScan
21,618,3,1,0,0,0.0,0.0,0.0,6472.491909,PortScan
22,790,3,1,0,0,0.0,0.0,0.0,5063.291139,PortScan
444,151,1,1,0,6,0.0,6.0,39735.09934,13245.03311,PortScan
443,117,1,1,0,6,0.0,6.0,51282.05128,17094.01709,PortScan
80,817,3,1,0,0,0.0,0.0,0.0,4895.960832,PortScan
22,552,3,1,0,0,0.0,0.0,0.0,7246.376812,PortScan
21,827,3,1,0,0,0.0,0.0,0.0,4836.759371,PortScan
443,89,1,1,0,6,0.0,6.0,67415.73034,22471.91011,PortScan
444,149,1,1,0,6,0.0,6.0,40268.45638,13422.81879,PortScan
22,736,3,1,0,0,0.0,0.0,0.0,5434.782609,PortScan
443,62,1,1,0,6,0.0,6.0,96774.19355,32258.06452,PortScan
80,701,3,1,0,0,0.0,0.0,0.0,5706.134094,PortScan
21,806,3,1,0,0,0.0,0.0,0.0,4962.779156,PortScan
444,125,1,1,0,6,0.0,6.0,48000.0,16000.0,PortScan
22,762,3,1,0,0,0.0,0.0,0.0,5249.343832,PortScan
80,906,3,1,0,0,0.0,0.0,0.0,4415.011038,PortScan
21,666,3,1,0,0,0.0,0.0,0.0,6006.006006,PortScan
22,744,3,1,0,0,0.0,0.0,0.0,5376.344086,PortScan
443,74,1,1,0,6,0.0,6.0,81081.08108,27027.02703,PortScan
80,732,3,1,0,0,0.0,0.0,0.0,5464.480874,PortScan
444,95,1,1,0,6,0.0,6.0,63157.89474,21052.63158,PortScan
80,920,3,1,0,0,0.0,0.0,0.0,4347.826087,PortScan
80,613,3,1,0,0,0.0,0.0,0.0,6525.285481,PortScan
443,110,1,1,0,6,0.0,6.0,54545.45455,18181.81818,PortScan
444,119,1,1,0,6,0.0,6.0,50420.16807,16806.72269,PortScan
21,853,3,1,0,0,0.0,0.0,0.0,4689.33177,PortScan
22,644,3,1,0,0,0.0,0.0,0.0,6211.180124,PortScan
443,115,1,1,0,6,0.0,6.0,52173.91304,17391.30435,PortScan
443,111,1,1,0,6,0.0,6.0,54054.05405,18018.01802,PortScan
80,868,3,1,0,0,0.0,0.0,0.0,4608.294931,PortScan
443,45,1,1,0,6,0.0,6.0,133333.3333,44444.44444,PortScan
21,942,3,1,0,0,0.0,0.0,0.0,4246.284501,PortScan
22,900,3,1,0,0,0.0,0.0,0.0,4444.444444,PortScan
444,19,1,1,0,6,0.0,6.0,315789.4737,105263.1579,PortScan
80,892,3,1,0,0,0.0,0.0,0.0,4484.304933,PortScan
21,896,3,1,0,0,0.0,0.0,0.0,4464.285714,PortScan
443,122,1,1,0,6,0.0,6.0,49180.32787,16393.44262,PortScan
22,686,3,1,0,0,0.0,0.0,0.0,5830.90379,PortScan
21,626,3,1,0,0,0.0,0.0,0.0,6389.776358,PortScan
444,119,1,1,0,6,0.0,6.0,50420.16807,16806.72269,PortScan
21,1145,3,1,0,0,0.0,0.0,0.0,3493.449782,PortScan
21,671,3,1,0,0,0.0,0.0,0.0,5961.251863,PortScan
80,698,3,1,0,0,0.0,0.0,0.0,5730.659026,PortScan
443,49,1,1,0,6,0.0,6.0,122448.9796,40816.32653,PortScan
22,578,3,1,0,0,0.0,0.0,0.0,6920.415225,PortScan
444,121,1,1,0,6,0.0,6.0,49586.77686,16528.92562,PortScan
80,912,3,1,0,0,0.0,0.0,0.0,4385.964912,PortScan
443,138,1,1,0,6,0.0,6.0,43478.26087,14492.75362,PortScan
22,826,3,1,0,0,0.0,0.0,0.0,4842.615012,PortScan
21,829,3,1,0,0,0.0,0.0,0.0,4825.09047,PortScan
443,117,1,1,0,6,0.0,6.0,51282.05128,17094.01709,PortScan
443,151,1,1,0,6,0.0,6.0,39735.09934,13245.03311,PortScan
444,95,1,1,0,6,0.0,6.0,63157.89474,21052.63158,PortScan
443,117,1,1,0,6,0.0,6.0,51282.05128,17094.01709,PortScan
80,884,3,1,0,0,0.0,0.0,0.0,4524.886878,PortScan
22,825,3,1,0,0,0.0,0.0,0.0,4848.484848,PortScan
443,164,1,1,0,6,0.0,6.0,36585.36585,12195.12195,PortScan
21,886,3,1,0,0,0.0,0.0,0.0,4514.672686,PortScan
80,742,3,1,0,0,0.0,0.0,0.0,5390.83558,PortScan
80,1080,3,1,0,0,0.0,0.0,0.0,3703.703704,PortScan
444,29,1,1,0,6,0.0,6.0,206896.5517,68965.51724,PortScan
80,620,3,1,0,0,0.0,0.0,0.0,6451.612903,PortScan
22,699,3,1,0,0,0.0,0.0,0.0,5722.460658,PortScan
443,138,1,1,0,6,0.0,6.0,43478.26087,14492.75362,PortScan
21,800,3,1,0,0,0.0,0.0,0.0,5000.0,PortScan
443,85,1,1,0,6,0.0,6.0,70588.23529,23529.41176,PortScan
444,124,1,1,0,6,0.0,6.0,48387.09677,16129.03226,PortScan
443,92,1,1,0,6,0.0,6.0,65217.3913,21739.13043,PortScan
443,116,1,1,0,6,0.0,6.0,51724.13793,17241.37931,PortScan
80,5216127,3,1,0,0,0.0,0.0,0.0,0.766852494,FTP-Patator
21,20,1,1,0,0,0.0,0.0,0.0,100000.0,FTP-Patator
21,38,1,1,0,0,0.0,0.0,0.0,52631.57895,FTP-Patator
21,80,1,1,0,0,0.0,0.0,0.0,25000.0,FTP-Patator
21,68,1,1,0,0,0.0,0.0,0.0,29411.76471,FTP-Patator
21,47,1,1,0,0,0.0,0.0,0.0,42553.19149,FTP-Patator
21,83,1,1,0,0,0.0,0.0,0.0,24096.38554,FTP-Patator
21,265,2,1,14,0,7.0,0.0,52830.18868,11320.75472,FTP-Patator
21,3302859,6,6,36,76,6.0,12.66666667,33.91001554,3.63321595,FTP-Patator
21,3,2,0,14,0,7.0,0.0,4666666.667,666666.6667,FTP-Patator
21,215,2,1,14,0,7.0,0.0,65116.27907,13953.48837,FTP-Patator
21,289,2,1,14,0,7.0,0.0,48442.90657,10380.62284,FTP-Patator
21,6543160,8,10,68,132,8.5,13.2,30.56627073,2.750964366,FTP-Patator
21,6627499,8,10,75,132,9.375,13.2,31.23350151,2.715956653,FTP-Patator
21,6511621,8,10,70,132,8.75,13.2,31.02146148,2.764288646,FTP-Patator
21,40,2,0,14,0,7.0,0.0,350000.0,50000.0,FTP-Patator
21,335,2,1,14,0,7.0,0.0,41791.04478,8955.223881,FTP-Patator
21,18,2,0,14,0,7.0,0.0,777777.7778,111111.1111,FTP-Patator
21,349,2,1,14,0,7.0,0.0,40114.61318,8595.988539,FTP-Patator
21,9711548,9,15,104,188,11.55555556,12.53333333,30.0672972,2.471284701,FTP-Patator
21,9715978,9,15,109,188,12.11111111,12.53333333,30.56820425,2.470157919,FTP-Patator
21,9650536,9,15,102,188,11.33333333,12.53333333,30.05014437,2.486908499,FTP-Patator
21,9669466,9,15,109,188,12.11111111,12.53333333,30.71524322,2.482039856,FTP-Patator
21,9674538,9,15,101,188,11.22222222,12.53333333,29.87222749,2.480738615,FTP-Patator
21,9679375,9,15,101,188,11.22222222,12.53333333,29.85729967,2.479498935,FTP-Patator
21,208,2,1,14,0,7.0,0.0,67307.69231,14423.07692,FTP-Patator
21,4,2,0,14,0,7.0,0.0,3500000.0,500000.0,FTP-Patator
21,4,2,0,14,0,7.0,0.0,3500000.0,500000.0,FTP-Patator
21,9077120,9,15,102,188,11.33333333,12.53333333,31.94845942,2.644010435,FTP-Patator
21,3,2,0,14,0,7.0,0.0,4666666.667,666666.6667,FTP-Patator
21,313,2,1,14,0,7.0,0.0,44728.4345,9584.664537,FTP-Patator
21,42,2,0,14,0,7.0,0.0,333333.3333,47619.04762,FTP-Patator
21,8923609,9,15,96,188,10.66666667,12.53333333,31.82568846,2.6894948,FTP-Patator
21,8927463,9,15,112,188,12.44444444,12.53333333,33.60417176,2.688333741,FTP-Patator
21,9380608,9,15,104,188,11.55555556,12.53333333,31.12804628,2.558469558,FTP-Patator
21,207,2,1,14,0,7.0,0.0,67632.85024,14492.75362,FTP-Patator
21,48,2,0,14,0,7.0,0.0,291666.6667,41666.66667,FTP-Patator
21,245,2,1,14,0,7.0,0.0,57142.85714,12244.89796,FTP-Patator
21,274,2,1,14,0,7.0,0.0,51094.89051,10948.90511,FTP-Patator
21,48,2,0,14,0,7.0,0.0,291666.6667,41666.66667,FTP-Patator
21,8666911,9,15,102,188,11.33333333,12.53333333,33.46059513,2.7691527,FTP-Patator
21,8675574,9,15,102,188,11.33333333,12.53333333,33.42718303,2.766387561,FTP-Patator
21,9135070,9,15,102,188,11.33333333,12.53333333,31.74578848,2.627237668,FTP-Patator
21,8802553,9,15,104,188,11.55555556,12.53333333,33.17219448,2.726481738,FTP-Patator
21,8792673,9,15,98,188,10.88888889,12.53333333,32.52708249,2.729545384,FTP-Patator
21,8792816,9,15,106,188,11.77777778,12.53333333,33.43638716,2.729500993,FTP-Patator
21,264,2,1,14,0,7.0,0.0,53030.30303,11363.63636,FTP-Patator
21,234,2,1,14,0,7.0,0.0,59829.05983,12820.51282,FTP-Patator
21,9052209,9,15,109,188,12.11111111,12.53333333,32.8096711,2.651286553,FTP-Patator
21,3,2,0,14,0,7.0,0.0,4666666.667,666666.6667,FTP-Patator
21,230,2,1,14,0,7.0,0.0,60869.56522,13043.47826,FTP-Patator
21,164,2,1,14,0,7.0,0.0,85365.85366,18292.68293,FTP-Patator
21,8666035,9,15,106,188,11.77777778,12.53333333,33.92554957,2.769432618,FTP-Patator
21,8805760,9,15,109,188,12.11111111,12.53333333,33.72792354,2.725488771,FTP-Patator
21,8808271,9,15,99,188,11.0,12.53333333,32.58301203,2.724711808,FTP-Patator
21,4,2,0,14,0,7.0,0.0,3500000.0,500000.0,FTP-Patator
21,77,2,2,14,0,7.0,0.0,181818.1818,51948.05195,FTP-Patator
21,260,2,1,14,0,7.0,0.0,53846.15385,11538.46154,FTP-Patator
21,226,2,1,14,0,7.0,0.0,61946.90265,13274.33628,FTP-Patator
21,8437401,9,15,103,188,11.44444444,12.53333333,34.48929356,2.84447782,FTP-Patator
21,8591758,9,15,105,188,11.66666667,12.53333333,34.10245028,2.793374767,FTP-Patator
21,8646847,9,15,99,188,11.0,12.53333333,33.19128926,2.775578196,FTP-Patator
21,8646918,9,15,103,188,11.44444444,12.53333333,33.6536093,2.775555406,FTP-Patator
21,234,2,1,14,0,7.0,0.0,59829.05983,12820.51282,FTP-Patator
21,3,2,0,14,0,7.0,0.0,4666666.667,666666.6667,FTP-Patator
21,9207463,9,15,107,188,11.88888889,12.53333333,32.03922731,2.606581205,FTP-Patator
21,9209883,9,15,110,188,12.22222222,12.53333333,32.35654568,2.605896296,FTP-Patator
21,234,2,1,14,0,7.0,0.0,59829.05983,12820.51282,FTP-Patator
21,9258254,9,15,111,188,12.33333333,12.53333333,32.29550626,2.592281439,FTP-Patator
21,233,2,1,14,0,7.0,0.0,60085.83691,12875.53648,FTP-Patator
21,3,2,0,14,0,7.0,0.0,4666666.667,666666.6667,FTP-Patator
21,313,2,1,14,0,7.0,0.0,44728.4345,9584.664537,FTP-Patator
21,8761958,9,15,109,188,12.11111111,12.53333333,33.89653317,2.739113792,FTP-Patator
21,8819589,9,15,107,188,11.88888889,12.53333333,33.44827066,2.72121524,FTP-Patator
21,8821994,9,15,113,188,12.55555556,12.53333333,34.11927054,2.720473399,FTP-Patator
21,48,2,0,14,0,7.0,0.0,291666.6667,41666.66667,FTP-Patator
21,203,2,1,14,0,7.0,0.0,68965.51724,14778.32512,FTP-Patator
21,217,2,1,14,0,7.0,0.0,64516.12903,13824.88479,FTP-Patator
21,261,2,1,14,0,7.0,0.0,53639.84674,11494.25287,FTP-Patator
21,8594296,9,15,109,188,12.11111111,12.53333333,34.55780439,2.792549849,FTP-Patator
21,8587446,9,15,109,188,12.11111111,12.53333333,34.58537032,2.794777399,FTP-Patator
21,8868400,9,15,113,188,12.55555556,12.53333333,33.94073339,2.706237878,FTP-Patator
21,8857703,9,15,101,188,11.22222222,12.53333333,32.62696887,2.709506065,FTP-Patator
21,3,2,0,14,0,7.0,0.0,4666666.667,666666.6667,FTP-Patator
21,4,2,0,14,0,7.0,0.0,3500000.0,500000.0,FTP-Patator
21,9742971,9,15,108,188,12.0,12.53333333,30.38087663,2.463314322,FTP-Patator
21,9742188,9,15,108,188,12.0,12.53333333,30.38331841,2.463512303,FTP-Patator
21,238,2,1,14,0,7.0,0.0,58823.52941,12605.04202,FTP-Patator
21,8159968,9,15,107,188,11.88888889,12.53333333,36.15210256,2.941188005,FTP-Patator
21,329,2,1,14,0,7.0,0.0,42553.19149,9118.541033,FTP-Patator
21,248,2,1,14,0,7.0,0.0,56451.6129,12096.77419,FTP-Patator
21,42,2,0,14,0,7.0,0.0,333333.3333,47619.04762,FTP-Patator
21,9647930,9,15,109,188,12.11111111,12.53333333,30.78380544,2.487580237,FTP-Patator
21,9653518,9,15,117,188,13.0,12.53333333,31.59469947,2.486140286,FTP-Patator
21,9645990,9,15,110,188,12.22222222,12.53333333,30.89366669,2.488080539,FTP-Patator
21,48,2,0,14,0,7.0,0.0,291666.6667,41666.66667,FTP-Patator
21,248,2,1,14,0,7.0,0.0,56451.6129,12096.77419,FTP-Patator
21,273,2,1,14,0,7.0,0.0,51282.05128,10989.01099,FTP-Patator
21,220,2,1,14,0,7.0,0.0,63636.36364,13636.36364,FTP-Patator
21,8767733,9,15,117,188,13.0,12.53333333,34.78664325,2.737309633,FTP-Patator
21,8764012,9,15,109,188,12.11111111,12.53333333,33.88858892,2.738471832,FTP-Patator
21,8877327,9,15,98,188,10.88888889,12.53333333,32.21690493,2.703516498,FTP-Patator
21,8897840,9,15,116,188,12.88888889,12.53333333,34.16559525,2.697283835,FTP-Patator
21,8821832,9,15,107,188,11.88888889,12.53333333,33.43976625,2.720523356,FTP-Patator
21,8837508,9,15,107,188,11.88888889,12.53333333,33.38045069,2.715697683,FTP-Patator
21,228,2,1,14,0,7.0,0.0,61403.50877,13157.89474,FTP-Patator
21,251,2,1,14,0,7.0,0.0,55776.89243,11952.19124,FTP-Patator
21,232,2,1,14,0,7.0,0.0,60344.82759,12931.03448,FTP-Patator
21,9785070,9,15,109,188,12.11111111,12.53333333,30.35236335,2.45271623,FTP-Patator
21,314,2,1,14,0,7.0,0.0,44585.98726,9554.140127,FTP-Patator
21,294,2,1,14,0,7.0,0.0,47619.04762,10204.08163,FTP-Patator
21,4,2,0,14,0,7.0,0.0,3500000.0,500000.0,FTP-Patator
21,8211996,9,15,100,188,11.11111111,12.53333333,35.07064543,2.922553786,FTP-Patator
21,8224921,9,15,114,188,12.66666667,12.53333333,36.7176779,2.917961157,FTP-Patator
21,8234522,9,15,121,188,13.44444444,12.53333333,37.5249468,2.914558975,FTP-Patator
21,227,2,1,14,0,7.0,0.0,61674.00881,13215.85903,FTP-Patator
21,247,2,1,14,0,7.0,0.0,56680.16194,12145.74899,FTP-Patator
21,226,2,1,14,0,7.0,0.0,61946.90265,13274.33628,FTP-Patator
21,3,2,0,14,0,7.0,0.0,4666666.667,666666.6667,FTP-Patator
21,253,2,1,14,0,7.0,0.0,55335.96838,11857.70751,FTP-Patator
21,8458452,9,15,106,188,11.77777778,12.53333333,34.75813305,2.837398616,FTP-Patator
21,8458616,9,15,101,188,11.22222222,12.53333333,34.16634589,2.837343603,FTP-Patator
21,8567099,9,15,114,188,12.66666667,12.53333333,35.25113927,2.801415041,FTP-Patator
21,8458307,9,15,107,188,11.88888889,12.53333333,34.87695587,2.837447257,FTP-Patator
21,9323165,9,15,105,188,11.66666667,12.53333333,31.42709584,2.574233106,FTP-Patator
21,237,2,1,14,0,7.0,0.0,59071.72996,12658.22785,FTP-Patator
21,9714396,9,15,110,188,12.22222222,12.53333333,30.67612232,2.470560187,FTP-Patator
21,273,2,1,14,0,7.0,0.0,51282.05128,10989.01099,FTP-Patator
21,8803729,9,15,106,188,11.77777778,12.53333333,33.3949398,2.726117535,FTP-Patator
21,271,2,1,14,0,7.0,0.0,51660.51661,11070.1107,FTP-Patator
21,271,2,1,14,0,7.0,0.0,51660.51661,11070.1107,FTP-Patator
21,1,2,0,14,0,7.0,0.0,14000000.0,2000000.0,FTP-Patator
21,9513283,9,15,113,188,12.55555556,12.53333333,31.63997119,2.5227884,FTP-Patator
21,9509705,9,15,100,188,11.11111111,12.53333333,30.28485111,2.523737592,FTP-Patator
21,9507635,9,15,105,188,11.66666667,12.53333333,30.81733786,2.52428706,FTP-Patator
21,237,2,1,14,0,7.0,0.0,59071.72996,12658.22785,FTP-Patator
21,9488220,9,15,95,188,10.55555556,12.53333333,29.82645849,2.52945231,FTP-Patator
21,9486858,9,15,100,188,11.11111111,12.53333333,30.35778548,2.529815456,FTP-Patator
21,1,2,0,14,0,7.0,0.0,14000000.0,2000000.0,FTP-Patator
21,231,2,1,14,0,7.0,0.0,60606.06061,12987.01299,FTP-Patator
21,24,2,0,14,0,7.0,0.0,583333.3333,83333.33333,FTP-Patator
21,234,2,1,14,0,7.0,0.0,59829.05983,12820.51282,FTP-Patator
21,257,2,1,14,0,7.0,0.0,54474.70817,11673.15175,FTP-Patator
21,8993490,9,15,99,188,11.0,12.53333333,31.91197188,2.668596952,FTP-Patator
21,9643510,9,15,97,188,10.77777778,12.53333333,29.55355467,2.488720393,FTP-Patator
21,9652187,9,15,112,188,12.44444444,12.53333333,31.08103894,2.486483115,FTP-Patator
21,9670898,9,15,107,188,11.88888889,12.53333333,30.50388909,2.481672333,FTP-Patator
21,1,2,0,14,0,7.0,0.0,14000000.0,2000000.0,FTP-Patator
21,9445931,9,15,107,188,11.88888889,12.53333333,31.23037846,2.540776552,FTP-Patator
21,268,2,1,14,0,7.0,0.0,52238.80597,11194.02985,FTP-Patator
21,4,2,0,14,0,7.0,0.0,3500000.0,500000.0,FTP-Patator
21,217,2,1,14,0,7.0,0.0,64516.12903,13824.88479,FTP-Patator
21,8466202,9,15,101,188,11.22222222,12.53333333,34.1357317,2.834801249,FTP-Patator
21,8469000,9,15,100,188,11.11111111,12.53333333,34.0063762,2.833864683,FTP-Patator
21,8466872,9,15,105,188,11.66666667,12.53333333,34.60545996,2.834576925,FTP-Patator
21,47,2,0,14,0,7.0,0.0,297872.3404,42553.19149,FTP-Patator
21,3,2,0,14,0,7.0,0.0,4666666.667,666666.6667,FTP-Patator
21,220,2,1,14,0,7.0,0.0,63636.36364,13636.36364,FTP-Patator
21,4,2,0,14,0,7.0,0.0,3500000.0,500000.0,FTP-Patator
21,3,2,0,14,0,7.0,0.0,4666666.667,666666.6667,FTP-Patator
21,8100539,9,15,113,188,12.55555556,12.53333333,37.15802121,2.962765811,FTP-Patator
21,8134903,9,15,96,188,10.66666667,12.53333333,34.91129519,2.950250298,FTP-Patator
21,8151069,9,15,97,188,10.77777778,12.53333333,34.96473898,2.944399072,FTP-Patator
21,8149089,9,15,99,188,11.0,12.53333333,35.21866064,2.945114478,FTP-Patator
21,8898913,9,15,99,188,11.0,12.53333333,32.25113,2.696958606,FTP-Patator
21,282,2,1,14,0,7.0,0.0,49645.39007,10638.29787,FTP-Patator
21,8904861,9,15,103,188,11.44444444,12.53333333,32.67878072,2.695157173,FTP-Patator
21,257,2,1,14,0,7.0,0.0,54474.70817,11673.15175,FTP-Patator
21,7993257,9,15,103,188,11.44444444,12.53333333,36.40568544,3.002530758,FTP-Patator
21,246,2,1,14,0,7.0,0.0,56910.56911,12195.12195,FTP-Patator
21,259,2,1,14,0,7.0,0.0,54054.05405,11583.01158,FTP-Patator
21,3,2,0,14,0,7.0,0.0,4666666.667,666666.6667,FTP-Patator
21,9488667,9,15,108,188,12.0,12.53333333,31.19510886,2.529333151,FTP-Patator
21,9490509,9,15,104,188,11.55555556,12.53333333,30.76758054,2.528842236,FTP-Patator
21,9498804,9,15,104,188,11.55555556,12.53333333,30.7407122,2.526633879,FTP-Patator
21,526,2,1,14,0,7.0,0.0,26615.96958,5703.422053,FTP-Patator
21,232,2,1,14,0,7.0,0.0,60344.82759,12931.03448,FTP-Patator
21,287,2,1,14,0,7.0,0.0,48780.4878,10452.96167,FTP-Patator
21,224,2,1,14,0,7.0,0.0,62500.0,13392.85714,FTP-Patator
21,225,2,1,14,0,7.0,0.0,62222.22222,13333.33333,FTP-Patator
21,243,2,1,14,0,7.0,0.0,57613.16872,12345.67901,FTP-Patator
21,9254316,9,15,105,188,11.66666667,12.53333333,31.66090287,2.593384535,FTP-Patator
21,9271901,9,15,94,188,10.44444444,12.53333333,30.41447487,2.588465947,FTP-Patator
21,9585360,9,15,105,188,11.66666667,12.53333333,30.56744869,2.503818323,FTP-Patator
21,9467156,9,15,107,188,11.88888889,12.53333333,31.16036115,2.535080229,FTP-Patator
21,9596779,9,15,114,188,12.66666667,12.53333333,31.4688918,2.500839084,FTP-Patator
21,9464389,9,15,109,188,12.11111111,12.53333333,31.38078961,2.535821383,FTP-Patator
21,233,2,1,14,0,7.0,0.0,60085.83691,12875.53648,FTP-Patator
21,9347300,9,15,98,188,10.88888889,12.53333333,30.59707081,2.567586362,FTP-Patator
21,253,2,1,14,0,7.0,0.0,55335.96838,11857.70751,FTP-Patator
21,263,2,1,14,0,7.0,0.0,53231.93916,11406.84411,FTP-Patator
21,3,2,0,14,0,7.0,0.0,4666666.667,666666.6667,FTP-Patator
21,8381214,9,15,100,188,11.11111111,12.53333333,34.3625637,2.863546975,FTP-Patator
21,8383522,9,15,106,188,11.77777778,12.53333333,35.06879328,2.862758635,FTP-Patator
21,8384614,9,15,96,188,10.66666667,12.53333333,33.87156523,2.862385794,FTP-Patator
21,4,2,0,14,0,7.0,0.0,3500000.0,500000.0,FTP-Patator
21,244,2,1,14,0,7.0,0.0,57377.04918,12295.08197,FTP-Patator
21,226,2,1,14,0,7.0,0.0,61946.90265,13274.33628,FTP-Patator
21,3,2,0,14,0,7.0,0.0,4666666.667,666666.6667,FTP-Patator
21,216,2,1,14,0,7.0,0.0,64814.81481,13888.88889,FTP-Patator
22,404,2,0,0,0,0.0,0.0,0.0,4950.49505,SSH-Patator
22,5808851,15,18,1496,2297,99.73333333,127.6111111,652.9690639,5.680985792,SSH-Patator
22,5840763,18,19,1480,2297,82.22222222,120.8947368,646.6620885,6.334788794,SSH-Patator
22,5797001,17,19,1480,2297,87.05882353,120.8947368,651.5437896,6.210107606,SSH-Patator
22,5776990,15,19,1480,2297,98.66666667,120.8947368,653.8006817,5.885417839,SSH-Patator
22,20,1,1,0,0,0.0,0.0,0.0,100000.0,SSH-Patator
22,69,1,1,0,0,0.0,0.0,0.0,28985.50725,SSH-Patator
22,6114814,17,19,1480,2297,87.05882353,120.8947368,617.6802761,5.88734179,SSH-Patator
22,84,1,1,0,0,0.0,0.0,0.0,23809.52381,SSH-Patator
22,58,1,1,0,0,0.0,0.0,0.0,34482.75862,SSH-Patator
22,8283147,19,23,1656,2441,87.15789474,106.1304348,494.6187723,5.070536597,SSH-Patator
22,8589122,19,22,1656,2441,87.15789474,110.9545455,476.9986967,4.773479757,SSH-Patator
22,8582434,20,23,1656,2441,82.8,106.1304348,477.3704056,5.010233694,SSH-Patator
22,8528425,17,22,1656,2441,97.41176471,110.9545455,480.3935076,4.572942835,SSH-Patator
22,105,1,1,0,0,0.0,0.0,0.0,19047.61905,SSH-Patator
22,75,1,1,0,0,0.0,0.0,0.0,26666.66667,SSH-Patator
22,74,1,1,0,0,0.0,0.0,0.0,27027.02703,SSH-Patator
22,10510835,21,27,1832,2585,87.23809524,95.74074074,420.2330262,4.566716155,SSH-Patator
22,92,1,1,0,0,0.0,0.0,0.0,21739.13043,SSH-Patator
22,11931559,20,33,2008,2745,100.4,83.18181818,398.3553197,4.442001251,SSH-Patator
22,11689048,21,32,2008,2745,95.61904762,85.78125,406.6199403,4.534158813,SSH-Patator
22,11730759,21,31,2008,2745,95.61904762,88.5483871,405.1741239,4.432790751,SSH-Patator
22,12052436,24,32,2008,2745,83.66666667,85.78125,394.3601111,4.646363606,SSH-Patator
22,11760925,22,32,2008,2745,91.27272727,85.78125,404.1348788,4.591475585,SSH-Patator
22,73,1,1,0,0,0.0,0.0,0.0,27397.26027,SSH-Patator
22,42,1,1,0,0,0.0,0.0,0.0,47619.04762,SSH-Patator
22,48,1,1,0,0,0.0,0.0,0.0,41666.66667,SSH-Patator
22,107,1,1,0,0,0.0,0.0,0.0,18691.58879,SSH-Patator
22,11748798,23,32,2008,2745,87.30434783,85.78125,404.5520231,4.681329954,SSH-Patator
22,11777314,22,32,2008,2745,91.27272727,85.78125,403.5724954,4.585086209,SSH-Patator
22,11734906,21,32,2008,2745,95.61904762,85.78125,405.0309393,4.516440098,SSH-Patator
22,11908603,21,32,2008,2745,95.61904762,85.78125,399.1232221,4.450564017,SSH-Patator
22,43,1,1,0,0,0.0,0.0,0.0,46511.62791,SSH-Patator
22,81,1,1,0,0,0.0,0.0,0.0,24691.35802,SSH-Patator
22,70,1,1,0,0,0.0,0.0,0.0,28571.42857,SSH-Patator
22,33,1,1,0,0,0.0,0.0,0.0,60606.06061,SSH-Patator
22,11191994,21,32,2008,2745,95.61904762,85.78125,424.6785693,4.735527914,SSH-Patator
22,100,1,1,0,0,0.0,0.0,0.0,20000.0,SSH-Patator
22,11751439,21,32,2008,2745,95.61904762,85.78125,404.4611047,4.510085956,SSH-Patator
22,11203065,21,33,2008,2745,95.61904762,83.18181818,424.258897,4.820109497,SSH-Patator
22,11201013,20,33,2008,2745,100.4,83.18181818,424.3366203,4.73171489,SSH-Patator
22,11554537,21,31,2008,2745,95.61904762,88.5483871,411.3535661,4.500396684,SSH-Patator
22,11843513,23,32,2008,2745,87.30434783,85.78125,401.3167377,4.643892399,SSH-Patator
22,90,1,1,0,0,0.0,0.0,0.0,22222.22222,SSH-Patator
22,58,1,1,0,0,0.0,0.0,0.0,34482.75862,SSH-Patator
22,115,1,1,0,0,0.0,0.0,0.0,17391.30435,SSH-Patator
22,105,1,1,0,0,0.0,0.0,0.0,19047.61905,SSH-Patator
22,129,1,1,0,0,0.0,0.0,0.0,15503.87597,SSH-Patator
22,12016469,21,33,2008,2745,95.61904762,83.18181818,395.540487,4.493832589,SSH-Patator
22,11990639,22,32,2008,2745,91.27272727,85.78125,396.3925526,4.503513116,SSH-Patator
22,11998420,22,32,2008,2745,91.27272727,85.78125,396.1354912,4.500592578,SSH-Patator
22,11745109,19,31,2008,2745,105.6842105,88.5483871,404.6790881,4.257091186,SSH-Patator
22,70,1,1,0,0,0.0,0.0,0.0,28571.42857,SSH-Patator
22,110,1,1,0,0,0.0,0.0,0.0,18181.81818,SSH-Patator
22,60,1,1,0,0,0.0,0.0,0.0,33333.33333,SSH-Patator
22,75,1,1,0,0,0.0,0.0,0.0,26666.66667,SSH-Patator
22,11951085,21,32,2008,2745,95.61904762,85.78125,397.7044762,4.434743791,SSH-Patator
22,75,1,1,0,0,0.0,0.0,0.0,26666.66667,SSH-Patator
22,11493318,19,31,2008,2745,105.6842105,88.5483871,413.5446352,4.350353832,SSH-Patator
22,11534354,21,31,2008,2745,95.61904762,88.5483871,412.0733593,4.508271551,SSH-Patator
22,11479179,21,32,2008,2745,95.61904762,85.78125,414.0540016,4.61705493,SSH-Patator
22,11537316,22,32,2008,2745,91.27272727,85.78125,411.9675668,4.680464677,SSH-Patator
22,11534598,20,33,2008,2745,100.4,83.18181818,412.0646424,4.59487188,SSH-Patator
22,74,1,1,0,0,0.0,0.0,0.0,27027.02703,SSH-Patator
22,74,1,1,0,0,0.0,0.0,0.0,27027.02703,SSH-Patator
22,11097485,21,32,2008,2745,95.61904762,85.78125,428.2952399,4.775856872,SSH-Patator
22,11148600,22,32,2008,2745,91.27272727,85.78125,426.3315573,4.8436575,SSH-Patator
22,11100362,21,32,2008,2745,95.61904762,85.78125,428.184234,4.774619062,SSH-Patator
22,11677187,23,32,2008,2745,87.30434783,85.78125,407.0329609,4.710038471,SSH-Patator
22,69,1,1,0,0,0.0,0.0,0.0,28985.50725,SSH-Patator
22,75,1,1,0,0,0.0,0.0,0.0,26666.66667,SSH-Patator
22,84,1,1,0,0,0.0,0.0,0.0,23809.52381,SSH-Patator
22,118,1,1,0,0,0.0,0.0,0.0,16949.15254,SSH-Patator
22,12238738,23,32,2008,2745,87.30434783,85.78125,388.3570349,4.493927397,SSH-Patator
22,97,1,1,0,0,0.0,0.0,0.0,20618.5567,SSH-Patator
22,12331234,21,33,2008,2745,95.61904762,83.18181818,385.4439872,4.379123776,SSH-Patator
22,12340327,21,31,2008,2745,95.61904762,88.5483871,385.1599719,4.213826749,SSH-Patator
22,12311900,21,32,2008,2745,95.61904762,85.78125,386.0492694,4.304778304,SSH-Patator
22,12381673,22,32,2008,2745,91.27272727,85.78125,383.8738109,4.361284618,SSH-Patator
22,76,1,1,0,0,0.0,0.0,0.0,26315.78947,SSH-Patator
22,74,1,1,0,0,0.0,0.0,0.0,27027.02703,SSH-Patator
22,110,1,1,0,0,0.0,0.0,0.0,18181.81818,SSH-Patator
22,10833572,21,32,2008,2745,95.61904762,85.78125,438.728796,4.892199913,SSH-Patator
22,12518387,21,32,2008,2745,95.61904762,85.78125,379.6815037,4.23377229,SSH-Patator
22,111,1,1,0,0,0.0,0.0,0.0,18018.01802,SSH-Patator
22,50,1,1,0,0,0.0,0.0,0.0,40000.0,SSH-Patator
22,11797063,20,33,2008,2745,100.4,83.18181818,402.8968905,4.492643635,SSH-Patator
22,11795532,21,32,2008,2745,95.61904762,85.78125,402.9491845,4.493226757,SSH-Patator
22,43,1,1,0,0,0.0,0.0,0.0,46511.62791,SSH-Patator
22,11974392,21,32,2008,2745,95.61904762,85.78125,396.9303828,4.42611199,SSH-Patator
22,75,1,1,0,0,0.0,0.0,0.0,26666.66667,SSH-Patator
22,74,1,1,0,0,0.0,0.0,0.0,27027.02703,SSH-Patator
22,51,1,1,0,0,0.0,0.0,0.0,39215.68627,SSH-Patator
22,12005679,21,32,2008,2745,95.61904762,85.78125,395.8959756,4.414577468,SSH-Patator
22,81,1,1,0,0,0.0,0.0,0.0,24691.35802,SSH-Patator
22,12338731,21,32,2008,2745,95.61904762,85.78125,385.2097918,4.295417414,SSH-Patator
22,11522653,21,32,2008,2745,95.61904762,85.78125,412.4918107,4.599635171,SSH-Patator
22,12480943,19,33,2008,2745,105.6842105,83.18181818,380.8205838,4.166351853,SSH-Patator
22,12562323,24,33,2008,2745,83.66666667,83.18181818,378.3535895,4.537377362,SSH-Patator
22,12378090,22,32,2008,2745,91.27272727,85.78125,383.9849282,4.362547049,SSH-Patator
22,12606800,22,33,2008,2745,91.27272727,83.18181818,377.0187518,4.362724879,SSH-Patator
22,69,1,1,0,0,0.0,0.0,0.0,28985.50725,SSH-Patator
22,77,1,1,0,0,0.0,0.0,0.0,25974.02597,SSH-Patator
22,61,1,1,0,0,0.0,0.0,0.0,32786.88525,SSH-Patator
22,81,1,1,0,0,0.0,0.0,0.0,24691.35802,SSH-Patator
22,33,1,1,0,0,0.0,0.0,0.0,60606.06061,SSH-Patator
22,30,1,1,0,0,0.0,0.0,0.0,66666.66667,SSH-Patator
22,11677668,21,32,2008,2745,95.61904762,85.78125,407.0161954,4.538577394,SSH-Patator
22,11709126,21,32,2008,2745,95.61904762,85.78125,405.9226965,4.52638395,SSH-Patator
22,11681108,21,32,2008,2745,95.61904762,85.78125,406.8963321,4.537240817,SSH-Patator
22,94,1,1,0,0,0.0,0.0,0.0,21276.59574,SSH-Patator
22,69,1,1,0,0,0.0,0.0,0.0,28985.50725,SSH-Patator
22,75,1,1,0,0,0.0,0.0,0.0,26666.66667,SSH-Patator
22,11760914,23,32,2008,2745,87.30434783,85.78125,404.1352568,4.676507285,SSH-Patator
22,85,1,1,0,0,0.0,0.0,0.0,23529.41176,SSH-Patator
22,11466186,22,32,2008,2745,91.27272727,85.78125,414.5231902,4.709499741,SSH-Patator
22,11547806,22,33,2008,2745,91.27272727,83.18181818,411.5933364,4.76280949,SSH-Patator
22,11497130,22,32,2008,2745,91.27272727,85.78125,413.40752,4.696824338,SSH-Patator
22,11494439,21,31,2008,2745,95.61904762,88.5483871,413.5043041,4.523926744,SSH-Patator
22,11459418,21,32,2008,2745,95.61904762,85.78125,414.76801,4.625016733,SSH-Patator
22,11556531,19,33,2008,2745,105.6842105,83.18181818,411.2825899,4.499620171,SSH-Patator
22,113,1,1,0,0,0.0,0.0,0.0,17699.11504,SSH-Patator
22,64,1,1,0,0,0.0,0.0,0.0,31250.0,SSH-Patator
22,158,1,1,0,0,0.0,0.0,0.0,12658.22785,SSH-Patator
22,89,1,1,0,0,0.0,0.0,0.0,22471.91011,SSH-Patator
22,68,1,1,0,0,0.0,0.0,0.0,29411.76471,SSH-Patator
22,105,1,1,0,0,0.0,0.0,0.0,19047.61905,SSH-Patator
22,11866745,22,32,2008,2745,91.27272727,85.78125,400.5310639,4.550531759,SSH-Patator
22,11832891,21,32,2008,2745,95.61904762,85.78125,401.6769866,4.479040667,SSH-Patator
22,11848110,21,32,2008,2745,95.61904762,85.78125,401.1610291,4.473287301,SSH-Patator
22,67,1,1,0,0,0.0,0.0,0.0,29850.74627,SSH-Patator
22,76,1,1,0,0,0.0,0.0,0.0,26315.78947,SSH-Patator
22,83,1,1,0,0,0.0,0.0,0.0,24096.38554,SSH-Patator
22,11507874,21,32,2008,2745,95.61904762,85.78125,413.0215538,4.605542257,SSH-Patator
22,106,1,1,0,0,0.0,0.0,0.0,18867.92453,SSH-Patator
22,12015337,21,32,2008,2745,95.61904762,85.78125,395.577752,4.411029004,SSH-Patator
22,12024933,20,33,2008,2745,100.4,83.18181818,395.2620776,4.407508965,SSH-Patator
22,12020053,21,32,2008,2745,95.61904762,85.78125,395.4225493,4.409298362,SSH-Patator
22,12261684,22,32,2008,2745,91.27272727,85.78125,387.6302798,4.403962784,SSH-Patator
22,12021607,21,32,2008,2745,95.61904762,85.78125,395.3714341,4.408728384,SSH-Patator
22,12235091,21,32,2008,2745,95.61904762,85.78125,388.4727952,4.331802681,SSH-Patator
22,45,1,1,0,0,0.0,0.0,0.0,44444.44444,SSH-Patator
22,80,1,1,0,0,0.0,0.0,0.0,25000.0,SSH-Patator
22,68,1,1,0,0,0.0,0.0,0.0,29411.76471,SSH-Patator
22,69,1,1,0,0,0.0,0.0,0.0,28985.50725,SSH-Patator
22,74,1,1,0,0,0.0,0.0,0.0,27027.02703,SSH-Patator
22,12082199,22,32,2008,2745,91.27272727,85.78125,393.3886538,4.469385085,SSH-Patator
22,12080347,20,33,2008,2745,100.4,83.18181818,393.448963,4.387291193,SSH-Patator
22,12081050,21,32,2008,2745,95.61904762,85.78125,393.4260681,4.387035895,SSH-Patator
22,76,1,1,0,0,0.0,0.0,0.0,26315.78947,SSH-Patator
22,50,1,1,0,0,0.0,0.0,0.0,40000.0,SSH-Patator
22,36,1,1,0,0,0.0,0.0,0.0,55555.55556,SSH-Patator
22,11738815,21,32,2008,2745,95.61904762,85.78125,404.8960649,4.514936133,SSH-Patator
22,73,1,1,0,0,0.0,0.0,0.0,27397.26027,SSH-Patator
22,11586234,20,33,2008,2745,100.4,83.18181818,410.228207,4.574394061,SSH-Patator
22,11651783,22,32,2008,2745,91.27272727,85.78125,407.9204015,4.634483838,SSH-Patator
22,11659241,22,33,2008,2745,91.27272727,83.18181818,407.6594694,4.717288201,SSH-Patator
22,11636023,21,32,2008,2745,95.61904762,85.78125,408.4728949,4.554820835,SSH-Patator
22,11618920,20,33,2008,2745,100.4,83.18181818,409.0741652,4.561525512,SSH-Patator
22,11614722,21,32,2008,2745,95.61904762,85.78125,409.2220201,4.56317422,SSH-Patator
22,79,1,1,0,0,0.0,0.0,0.0,25316.4557,SSH-Patator
22,67,1,1,0,0,0.0,0.0,0.0,29850.74627,SSH-Patator
22,99,1,1,0,0,0.0,0.0,0.0,20202.0202,SSH-Patator
22,80,1,1,0,0,0.0,0.0,0.0,25000.0,SSH-Patator
22,91,1,1,0,0,0.0,0.0,0.0,21978.02198,SSH-Patator
22,73,1,1,0,0,0.0,0.0,0.0,27397.26027,SSH-Patator
22,11066410,21,32,2008,2745,95.61904762,85.78125,429.4979131,4.789267703,SSH-Patator
22,84,1,1,0,0,0.0,0.0,0.0,23809.52381,SSH-Patator
22,12185357,22,32,2008,2745,91.27272727,85.78125,390.0583298,4.431548456,SSH-Patator
22,12179333,20,33,2008,2745,100.4,83.18181818,390.251256,4.351634034,SSH-Patator
22,27,1,1,0,0,0.0,0.0,0.0,74074.07407,SSH-Patator
22,78,1,1,0,0,0.0,0.0,0.0,25641.02564,SSH-Patator
22,11550358,21,32,2008,2745,95.61904762,85.78125,411.5023967,4.588602362,SSH-Patator
22,47,1,1,0,0,0.0,0.0,0.0,42553.19149,SSH-Patator
22,11609704,19,31,2008,2745,105.6842105,88.5483871,409.398896,4.306742015,SSH-Patator
22,74,1,1,0,0,0.0,0.0,0.0,27027.02703,SSH-Patator
22,12320366,23,32,2008,2745,87.30434783,85.78125,385.7839938,4.464153094,SSH-Patator
22,12287850,21,31,2008,2745,95.61904762,88.5483871,386.8048519,4.231822491,SSH-Patator
22,12290508,21,32,2024,2745,96.38095238,85.78125,388.0230174,4.3122709,SSH-Patator
22,12332690,23,32,2008,2745,87.30434783,85.78125,385.3984816,4.459692087,SSH-Patator
22,12278515,19,32,2008,2745,105.6842105,85.78125,387.0989285,4.15359675,SSH-Patator
22,93,1,1,0,0,0.0,0.0,0.0,21505.37634,SSH-Patator
22,84,1,1,0,0,0.0,0.0,0.0,23809.52381,SSH-Patator
22,90,1,1,0,0,0.0,0.0,0.0,22222.22222,SSH-Patator
22,103,1,1,0,0,0.0,0.0,0.0,19417.47573,SSH-Patator
22,67,1,1,0,0,0.0,0.0,0.0,29850.74627,SSH-Patator
22,11662904,23,32,2008,2745,87.30434783,85.78125,407.5314347,4.715806629,SSH-Patator
22,80,1,1,0,0,0.0,0.0,0.0,25000.0,SSH-Patator
22,12445841,21,32,2008,2745,95.61904762,85.78125,381.8946426,4.258450674,SSH-Patator
22,11627417,21,32,2008,2745,95.61904762,85.78125,408.775225,4.558192073,SSH-Patator
22,12563056,21,32,2008,2745,95.61904762,85.78125,378.3315142,4.218718758,SSH-Patator
22,67,1,1,0,0,0.0,0.0,0.0,29850.74627,SSH-Patator
22,37,1,1,0,0,0.0,0.0,0.0,54054.05405,SSH-Patator
22,76,1,1,0,0,0.0,0.0,0.0,26315.78947,SSH-Patator
22,13075799,21,32,2008,2745,95.61904762,85.78125,363.4959516,4.053289592,SSH-Patator
22,12407442,21,32,2008,2745,95.61904762,85.78125,383.0765439,4.271629881,SSH-Patator
22,12428996,21,32,2008,2745,95.61904762,85.78125,382.4122238,4.264222146,SSH-Patator
22,12287944,21,32,2008,2745,95.61904762,85.78125,386.801893,4.313170698,SSH-Patator
22,74,1,1,0,0,0.0,0.0,0.0,27027.02703,SSH-Patator
22,110,1,1,0,0,0.0,0.0,0.0,18181.81818,SSH-Patator
444,119302728,2685,1729,8299,7556917,3.090875233,4370.686524,63411.92802,36.99831575,Heartbleed
444,119262215,2792,2110,13712,7878135,4.911174785,3733.71327,66172.23234,41.10270801,Heartbleed
444,119261118,2794,2130,12264,7879536,4.38940587,3699.312676,66172.44692,41.28755526,Heartbleed
444,119260295,2791,2114,13712,7878088,4.912934432,3726.626301,66172.90356,41.1285248,Heartbleed
444,119297996,2782,2089,9368,7882432,3.36736161,3773.303973,66151.99135,40.83052661,Heartbleed
444,119259886,2782,2091,12264,7879536,4.408339324,3768.3099,66173.1305,40.86034427,Heartbleed
444,119259012,2801,2069,12264,7879536,4.378436273,3808.378927,66173.61546,40.83548839,Heartbleed
444,119257653,2802,2067,20858,7812389,7.443968594,3779.578616,65683.39057,40.82756853,Heartbleed
444,119299621,2805,2028,13712,7878627,4.888413547,3884.924556,66155.60832,40.51144471,Heartbleed
444,119296592,2797,2006,13712,7878088,4.902395424,3927.262213,66152.7699,40.26099924,Heartbleed
444,24719667,590,436,7442,1636683,12.61355932,3753.860092,66510.80696,41.50541348,Heartbleed
80,5185118,7,7,1022,2321,146.0,331.5714286,644.7297824,2.700034985,Web Attack Brute Force
80,5057374,10,7,736,9880,73.6,1411.428571,2099.113097,3.361428283,Web Attack Brute Force
80,81,1,1,0,0,0.0,0.0,0.0,24691.35802,Web Attack Brute Force
80,5271123,7,5,969,1430,138.4285714,286.0,455.1212332,2.27655473,Web Attack Brute Force
80,5020638,7,4,973,1430,139.0,357.5,478.6244298,2.190956608,Web Attack Brute Force
80,1629049,12,8,2145,10218,178.75,1277.25,7589.090322,12.27710155,Web Attack Brute Force
80,5088371,4,4,358,763,89.5,190.75,220.306263,1.572212404,Web Attack Brute Force
80,21405204,28,19,5927,19891,211.6785714,1046.894737,1206.155288,2.195727731,Web Attack Brute Force
80,66,1,1,0,0,0.0,0.0,0.0,30303.0303,Web Attack Brute Force
80,4050296,3,1,0,0,0.0,0.0,0.0,0.987582142,Web Attack Brute Force
80,4139304,27,16,4801,17044,177.8148148,1065.25,5277.457273,10.38821986,Web Attack Brute Force
80,3533310,3,1,0,0,0.0,0.0,0.0,1.132082948,Web Attack Brute Force
80,3533692,3,1,0,0,0.0,0.0,0.0,1.131960567,Web Attack Brute Force
80,5537889,3,1,0,0,0.0,0.0,0.0,0.72229689,Web Attack Brute Force
80,5537874,3,1,0,0,0.0,0.0,0.0,0.722298846,Web Attack Brute Force
80,5947237,3,1,0,0,0.0,0.0,0.0,0.672581234,Web Attack Brute Force
80,20847788,83,43,16995,36979,204.7590361,859.9767442,2588.95572,6.043806662,Web Attack Brute Force
80,5848206,3,1,0,0,0.0,0.0,0.0,0.683970435,Web Attack Brute Force
80,5587532,3,1,0,0,0.0,0.0,0.0,0.715879569,Web Attack Brute Force
80,5294438,3,1,0,0,0.0,0.0,0.0,0.755509839,Web Attack Brute Force
80,3876494,3,1,0,0,0.0,0.0,0.0,1.031860232,Web Attack Brute Force
80,1595898,3,1,0,0,0.0,0.0,0.0,2.506425849,Web Attack Brute Force
80,31485275,204,105,43523,80534,213.3480392,766.9904762,3940.159328,9.814111517,Web Attack Brute Force
80,5587804,3,1,0,0,0.0,0.0,0.0,0.715844722,Web Attack Brute Force
80,5597577,3,1,0,0,0.0,0.0,0.0,0.714594904,Web Attack Brute Force
80,6161169,4,4,341,506,85.25,126.5,137.4739112,1.298454887,Web Attack Brute Force
80,5756528,3,1,0,0,0.0,0.0,0.0,0.694863293,Web Attack Brute Force
80,69,1,1,0,0,0.0,0.0,0.0,28985.50725,Web Attack Brute Force
80,5457414,3,1,0,0,0.0,0.0,0.0,0.732947876,Web Attack Brute Force
80,5185197,3,1,0,0,0.0,0.0,0.0,0.771426814,Web Attack Brute Force
80,5662798,3,1,0,0,0.0,0.0,0.0,0.706364592,Web Attack Brute Force
80,5406316,3,1,0,0,0.0,0.0,0.0,0.739875361,Web Attack Brute Force
80,5869415,3,1,0,0,0.0,0.0,0.0,0.681498923,Web Attack Brute Force
80,5613125,3,1,0,0,0.0,0.0,0.0,0.712615522,Web Attack Brute Force
80,5310342,3,1,0,0,0.0,0.0,0.0,0.753247154,Web Attack Brute Force
80,5768922,3,1,0,0,0.0,0.0,0.0,0.693370443,Web Attack Brute Force
80,5501396,3,1,0,0,0.0,0.0,0.0,0.727088179,Web Attack Brute Force
80,5242445,3,1,0,0,0.0,0.0,0.0,0.763002759,Web Attack Brute Force
80,5604620,3,1,0,0,0.0,0.0,0.0,0.713696914,Web Attack Brute Force
80,5062105,3,1,0,0,0.0,0.0,0.0,0.790185111,Web Attack Brute Force
80,7557761,4,4,602,364,150.5,91.0,127.8156322,1.058514552,Web Attack Brute Force
80,33026758,203,104,43951,72195,216.5073892,694.1826923,3516.724227,9.295493067,Web Attack Brute Force
80,5295498,3,1,0,0,0.0,0.0,0.0,0.755358608,Web Attack Brute Force
80,66,1,1,0,0,0.0,0.0,0.0,30303.0303,Web Attack Brute Force
80,5771371,3,1,0,0,0.0,0.0,0.0,0.693076221,Web Attack Brute Force
80,5507483,3,1,0,0,0.0,0.0,0.0,0.726284584,Web Attack Brute Force
80,5229184,3,1,0,0,0.0,0.0,0.0,0.764937703,Web Attack Brute Force
80,78,1,1,0,0,0.0,0.0,0.0,25641.02564,Web Attack Brute Force
80,5709622,3,1,0,0,0.0,0.0,0.0,0.700571772,Web Attack Brute Force
80,5437735,3,1,0,0,0.0,0.0,0.0,0.735600392,Web Attack Brute Force
80,5180475,3,1,0,0,0.0,0.0,0.0,0.772129969,Web Attack Brute Force
80,5620327,3,1,0,0,0.0,0.0,0.0,0.711702362,Web Attack Brute Force
80,5359339,3,1,0,0,0.0,0.0,0.0,0.746360699,Web Attack Brute Force
80,5810846,3,1,0,0,0.0,0.0,0.0,0.688367924,Web Attack Brute Force
80,5511574,3,1,0,0,0.0,0.0,0.0,0.725745495,Web Attack Brute Force
80,5247601,3,1,0,0,0.0,0.0,0.0,0.762253075,Web Attack Brute Force
80,5727481,3,1,0,0,0.0,0.0,0.0,0.698387302,Web Attack Brute Force
80,5419842,3,1,0,0,0.0,0.0,0.0,0.738028895,Web Attack Brute Force
80,5152737,3,1,0,0,0.0,0.0,0.0,0.776286467,Web Attack Brute Force
80,5885177,3,1,0,0,0.0,0.0,0.0,0.679673695,Web Attack Brute Force
80,5623932,3,1,0,0,0.0,0.0,0.0,0.711246153,Web Attack Brute Force
80,9841375,4,4,383,370,95.75,92.5,76.51369854,0.81289454,Web Attack Brute Force
80,34047767,203,104,43906,72188,216.2857143,694.1153846,3409.739029,9.016744035,Web Attack Brute Force
80,5553195,3,1,0,0,0.0,0.0,0.0,0.720306058,Web Attack Brute Force
80,60,1,1,0,0,0.0,0.0,0.0,33333.33333,Web Attack Brute Force
80,5289340,3,1,0,0,0.0,0.0,0.0,0.756238018,Web Attack Brute Force
80,5750530,3,1,0,0,0.0,0.0,0.0,0.695588059,Web Attack Brute Force
80,5489877,3,1,0,0,0.0,0.0,0.0,0.728613774,Web Attack Brute Force
80,5224059,3,1,0,0,0.0,0.0,0.0,0.765688136,Web Attack Brute Force
80,75,1,1,0,0,0.0,0.0,0.0,26666.66667,Web Attack Brute Force
80,5702143,3,1,0,0,0.0,0.0,0.0,0.70149065,Web Attack Brute Force
80,5417724,3,1,0,0,0.0,0.0,0.0,0.738317419,Web Attack Brute Force
80,5155697,3,1,0,0,0.0,0.0,0.0,0.775840784,Web Attack Brute Force
80,5890593,3,1,0,0,0.0,0.0,0.0,0.679048782,Web Attack Brute Force
80,5625769,3,1,0,0,0.0,0.0,0.0,0.711013908,Web Attack Brute Force
80,5361780,3,1,0,0,0.0,0.0,0.0,0.746020911,Web Attack Brute Force
80,5800304,3,1,0,0,0.0,0.0,0.0,0.689619027,Web Attack Brute Force
80,5539765,3,1,0,0,0.0,0.0,0.0,0.722052289,Web Attack Brute Force
80,5276930,3,1,0,0,0.0,0.0,0.0,0.758016498,Web Attack Brute Force
80,5667031,3,1,0,0,0.0,0.0,0.0,0.705836972,Web Attack Brute Force
80,5407817,3,1,0,0,0.0,0.0,0.0,0.73967,Web Attack Brute Force
80,5878747,3,1,0,0,0.0,0.0,0.0,0.680417102,Web Attack Brute Force
80,5056176,3,1,0,0,0.0,0.0,0.0,0.791111702,Web Attack Brute Force
80,8801351,4,4,602,364,150.5,91.0,109.7558773,0.908951364,Web Attack Brute Force
80,33138583,203,104,43951,72194,216.5073892,694.1730769,3504.826987,9.264125747,Web Attack Brute Force
80,5542077,3,1,0,0,0.0,0.0,0.0,0.721751069,Web Attack Brute Force
80,35,1,1,0,0,0.0,0.0,0.0,57142.85714,Web Attack Brute Force
80,5259603,3,1,0,0,0.0,0.0,0.0,0.760513674,Web Attack Brute Force
80,5729684,3,1,0,0,0.0,0.0,0.0,0.698118779,Web Attack Brute Force
80,5471446,3,1,0,0,0.0,0.0,0.0,0.731068167,Web Attack Brute Force
80,71,1,1,0,0,0.0,0.0,0.0,28169.01408,Web Attack Brute Force
80,5210466,3,1,0,0,0.0,0.0,0.0,0.767685654,Web Attack Brute Force
80,5654983,3,1,0,0,0.0,0.0,0.0,0.707340765,Web Attack Brute Force
80,5394673,3,1,0,0,0.0,0.0,0.0,0.741472189,Web Attack Brute Force
80,5863798,3,1,0,0,0.0,0.0,0.0,0.682151739,Web Attack Brute Force
80,5573904,3,1,0,0,0.0,0.0,0.0,0.717629869,Web Attack Brute Force
80,5310210,3,1,0,0,0.0,0.0,0.0,0.753265878,Web Attack Brute Force
80,5783696,3,1,0,0,0.0,0.0,0.0,0.691599282,Web Attack Brute Force
80,5392841,3,1,0,0,0.0,0.0,0.0,0.741724075,Web Attack Brute Force
80,5848224,3,1,0,0,0.0,0.0,0.0,0.68396833,Web Attack Brute Force
80,5576453,3,1,0,0,0.0,0.0,0.0,0.71730184,Web Attack Brute Force
80,5319306,3,1,0,0,0.0,0.0,0.0,0.751977796,Web Attack Brute Force
80,5761847,3,1,0,0,0.0,0.0,0.0,0.694221835,Web Attack Brute Force
80,9834102,4,4,383,370,95.75,92.5,76.57028573,0.813495731,Web Attack Brute Force
80,35403514,203,104,43906,72187,216.2857143,694.1057692,3279.137771,8.671455607,Web Attack Brute Force
80,5686937,3,1,0,0,0.0,0.0,0.0,0.703366329,Web Attack Brute Force
80,60,1,1,0,0,0.0,0.0,0.0,33333.33333,Web Attack Brute Force
80,5419619,3,1,0,0,0.0,0.0,0.0,0.738059262,Web Attack Brute Force
80,5898673,3,1,0,0,0.0,0.0,0.0,0.678118621,Web Attack Brute Force
80,5637855,3,1,0,0,0.0,0.0,0.0,0.709489691,Web Attack Brute Force
80,5351955,3,1,0,0,0.0,0.0,0.0,0.74739044,Web Attack Brute Force
80,42,1,1,0,0,0.0,0.0,0.0,47619.04762,Web Attack Brute Force
80,5827373,3,1,0,0,0.0,0.0,0.0,0.686415646,Web Attack Brute Force
80,5558477,3,1,0,0,0.0,0.0,0.0,0.71962158,Web Attack Brute Force
80,5297648,3,1,0,0,0.0,0.0,0.0,0.755052053,Web Attack Brute Force
80,5735629,3,1,0,0,0.0,0.0,0.0,0.697395177,Web Attack Brute Force
80,5474325,3,1,0,0,0.0,0.0,0.0,0.730683692,Web Attack Brute Force
80,5212701,3,1,0,0,0.0,0.0,0.0,0.767356501,Web Attack Brute Force
80,5544299,3,1,0,0,0.0,0.0,0.0,0.721461811,Web Attack Brute Force
80,5282518,3,1,0,0,0.0,0.0,0.0,0.757214647,Web Attack Brute Force
80,5758188,3,1,0,0,0.0,0.0,0.0,0.694662974,Web Attack Brute Force
80,5476125,3,1,0,0,0.0,0.0,0.0,0.730443516,Web Attack Brute Force
80,5215835,3,1,0,0,0.0,0.0,0.0,0.766895425,Web Attack Brute Force
80,5077436,3,1,0,0,0.0,0.0,0.0,0.787799196,Web Attack Brute Force
80,8821808,4,4,602,364,150.5,91.0,109.501363,0.906843586,Web Attack Brute Force
80,33137000,203,104,43951,72199,216.5073892,694.2211538,3505.145306,9.264568307,Web Attack Brute Force
80,5609201,3,1,0,0,0.0,0.0,0.0,0.713114042,Web Attack Brute Force
80,72,1,1,0,0,0.0,0.0,0.0,27777.77778,Web Attack Brute Force
80,5348426,3,1,0,0,0.0,0.0,0.0,0.747883583,Web Attack Brute Force
80,5789167,3,1,0,0,0.0,0.0,0.0,0.690945692,Web Attack Brute Force
80,5527176,3,1,0,0,0.0,0.0,0.0,0.723696875,Web Attack Brute Force
80,46,1,1,0,0,0.0,0.0,0.0,43478.26087,Web Attack Brute Force
80,5235647,3,1,0,0,0.0,0.0,0.0,0.763993447,Web Attack Brute Force
80,5658025,3,1,0,0,0.0,0.0,0.0,0.706960468,Web Attack Brute Force
80,5361343,3,1,0,0,0.0,0.0,0.0,0.746081719,Web Attack Brute Force
80,5812829,3,1,0,0,0.0,0.0,0.0,0.688133093,Web Attack Brute Force
80,5542777,3,1,0,0,0.0,0.0,0.0,0.721659919,Web Attack Brute Force
80,5189143,3,1,0,0,0.0,0.0,0.0,0.770840195,Web Attack Brute Force
80,5926844,3,1,0,0,0.0,0.0,0.0,0.674895442,Web Attack Brute Force
80,5656301,3,1,0,0,0.0,0.0,0.0,0.707175944,Web Attack Brute Force
80,5381748,3,1,0,0,0.0,0.0,0.0,0.743252936,Web Attack Brute Force
80,5829027,3,1,0,0,0.0,0.0,0.0,0.686220874,Web Attack Brute Force
80,5562534,3,1,0,0,0.0,0.0,0.0,0.719096728,Web Attack Brute Force
80,5300328,3,1,0,0,0.0,0.0,0.0,0.754670277,Web Attack Brute Force
80,5792128,3,1,0,0,0.0,0.0,0.0,0.690592473,Web Attack Brute Force
80,9787732,4,4,383,370,95.75,92.5,76.9330423,0.817349719,Web Attack Brute Force
80,35070126,203,104,43906,72184,216.2857143,694.0769231,3310.224776,8.753889279,Web Attack Brute Force
80,5757896,3,1,0,0,0.0,0.0,0.0,0.694698202,Web Attack Brute Force
80,49,1,1,0,0,0.0,0.0,0.0,40816.32653,Web Attack Brute Force
80,5511810,3,1,0,0,0.0,0.0,0.0,0.72571442,Web Attack Brute Force
80,5231608,3,1,0,0,0.0,0.0,0.0,0.764583279,Web Attack Brute Force
80,5729301,3,1,0,0,0.0,0.0,0.0,0.698165448,Web Attack Brute Force
80,5472884,3,1,0,0,0.0,0.0,0.0,0.730876079,Web Attack Brute Force
80,83,1,1,0,0,0.0,0.0,0.0,24096.38554,Web Attack Brute Force
80,5205455,3,1,0,0,0.0,0.0,0.0,0.768424662,Web Attack Brute Force
80,5655292,3,1,0,0,0.0,0.0,0.0,0.707302116,Web Attack Brute Force
80,5390406,3,1,0,0,0.0,0.0,0.0,0.742059132,Web Attack Brute Force
80,5881033,3,1,0,0,0.0,0.0,0.0,0.680152619,Web Attack Brute Force
80,5612555,3,1,0,0,0.0,0.0,0.0,0.712687893,Web Attack Brute Force
80,5352289,3,1,0,0,0.0,0.0,0.0,0.7473438,Web Attack Brute Force
80,5842448,3,1,0,0,0.0,0.0,0.0,0.684644519,Web Attack Brute Force
80,5585355,3,1,0,0,0.0,0.0,0.0,0.716158597,Web Attack Brute Force
80,5322229,3,1,0,0,0.0,0.0,0.0,0.751564805,Web Attack Brute Force
80,5810638,3,1,0,0,0.0,0.0,0.0,0.688392565,Web Attack Brute Force
80,5559905,3,1,0,0,0.0,0.0,0.0,0.719436753,Web Attack Brute Force
80,5275375,3,1,0,0,0.0,0.0,0.0,0.758239936,Web Attack Brute Force
80,8827875,4,4,602,364,150.5,91.0,109.4261076,0.906220353,Web Attack Brute Force
80,34166352,203,104,43951,72200,216.5073892,694.2307692,3399.572773,8.985448607,Web Attack Brute Force
80,5233154,3,1,0,0,0.0,0.0,0.0,0.764357403,Web Attack Brute Force
80,50,1,1,0,0,0.0,0.0,0.0,40000.0,Web Attack Brute Force
80,5578909,3,1,0,0,0.0,0.0,0.0,0.716986063,Web Attack Brute Force
80,5316957,3,1,0,0,0.0,0.0,0.0,0.752310015,Web Attack Brute Force
80,5810185,3,1,0,0,0.0,0.0,0.0,0.688446237,Web Attack Brute Force
80,45,1,1,0,0,0.0,0.0,0.0,44444.44444,Web Attack Brute Force
80,5524204,3,1,0,0,0.0,0.0,0.0,0.724086221,Web Attack Brute Force
80,5269996,3,1,0,0,0.0,0.0,0.0,0.759013859,Web Attack Brute Force
80,5766685,3,1,0,0,0.0,0.0,0.0,0.693639413,Web Attack Brute Force
80,5518991,3,1,0,0,0.0,0.0,0.0,0.724770162,Web Attack Brute Force
80,5247767,3,1,0,0,0.0,0.0,0.0,0.762228963,Web Attack Brute Force
80,5738475,3,1,0,0,0.0,0.0,0.0,0.697049303,Web Attack Brute Force
80,5485286,3,1,0,0,0.0,0.0,0.0,0.729223599,Web Attack Brute Force
80,5227344,3,1,0,0,0.0,0.0,0.0,0.765206958,Web Attack Brute Force
80,5699886,3,1,0,0,0.0,0.0,0.0,0.701768421,Web Attack Brute Force
80,5442987,3,1,0,0,0.0,0.0,0.0,0.734890603,Web Attack Brute Force
80,5948346,3,1,0,0,0.0,0.0,0.0,0.672455839,Web Attack Brute Force
80,5668983,3,1,0,0,0.0,0.0,0.0,0.705593931,Web Attack Brute Force
80,5412345,3,1,0,0,0.0,0.0,0.0,0.739051188,Web Attack Brute Force
80,8598463,4,4,383,370,95.75,92.5,87.5737908,0.93039884,Web Attack Brute Force
80,34082607,203,104,43906,72170,216.2857143,693.9423077,3405.725389,9.007526918,Web Attack Brute Force
80,5338534,3,1,0,0,0.0,0.0,0.0,0.749269369,Web Attack Brute Force
80,93,1,1,0,0,0.0,0.0,0.0,21505.37634,Web Attack Brute Force
80,5831423,3,1,0,0,0.0,0.0,0.0,0.685938921,Web Attack Brute Force
80,5579430,3,1,0,0,0.0,0.0,0.0,0.716919112,Web Attack Brute Force
80,53,1,1,0,0,0.0,0.0,0.0,37735.84906,Web Attack Brute Force
80,5932530,3,1,0,0,0.0,0.0,0.0,0.674248592,Web Attack Brute Force
80,5677170,3,1,0,0,0.0,0.0,0.0,0.7045764,Web Attack Brute Force
80,5418193,3,1,0,0,0.0,0.0,0.0,0.73825351,Web Attack Brute Force
80,5866949,3,1,0,0,0.0,0.0,0.0,0.681785371,Web Attack Brute Force
80,5599994,3,1,0,0,0.0,0.0,0.0,0.71428648,Web Attack Brute Force
80,5340731,3,1,0,0,0.0,0.0,0.0,0.748961144,Web Attack Brute Force
80,5638432,3,1,0,0,0.0,0.0,0.0,0.709417086,Web Attack XSS
80,5638527,3,1,0,0,0.0,0.0,0.0,0.709405134,Web Attack XSS
80,5945704,3,1,0,0,0.0,0.0,0.0,0.672754648,Web Attack XSS
80,6075117,16,12,2615,13133,163.4375,1094.416667,2592.21345,4.608964733,Web Attack XSS
80,34,1,1,0,0,0.0,0.0,0.0,58823.52941,Web Attack XSS
80,3958444,3,1,0,0,0.0,0.0,0.0,1.010498064,Web Attack XSS
80,4020679,20,11,2972,13653,148.6,1241.181818,4134.873737,7.710140501,Web Attack XSS
80,3607565,3,1,0,0,0.0,0.0,0.0,1.108781131,Web Attack XSS
80,3607613,3,1,0,0,0.0,0.0,0.0,1.108766378,Web Attack XSS
80,5607142,3,1,0,0,0.0,0.0,0.0,0.713375905,Web Attack XSS
80,5906119,4,4,358,1707,89.5,426.75,349.6373845,1.354527398,Web Attack XSS
80,6236799,6,5,759,6093,126.5,1218.6,1098.640505,1.76372527,Web Attack XSS
80,60168745,206,106,47903,183657,232.538835,1732.613208,3848.50972,5.185416448,Web Attack XSS
80,77,1,1,0,0,0.0,0.0,0.0,25974.02597,Web Attack XSS
80,79,1,1,0,0,0.0,0.0,0.0,25316.4557,Web Attack XSS
80,5431774,3,1,0,0,0.0,0.0,0.0,0.736407663,Web Attack XSS
80,5138861,3,1,0,0,0.0,0.0,0.0,0.778382603,Web Attack XSS
80,5846705,3,1,0,0,0.0,0.0,0.0,0.684146028,Web Attack XSS
80,5028615,3,1,0,0,0.0,0.0,0.0,0.795447653,Web Attack XSS
80,5175643,3,1,0,0,0.0,0.0,0.0,0.772850832,Web Attack XSS
80,5879737,3,1,0,0,0.0,0.0,0.0,0.680302537,Web Attack XSS
80,5296701,3,1,0,0,0.0,0.0,0.0,0.755187049,Web Attack XSS
80,5032535,3,1,0,0,0.0,0.0,0.0,0.794828054,Web Attack XSS
80,5500666,3,1,0,0,0.0,0.0,0.0,0.727184672,Web Attack XSS
80,5212381,3,1,0,0,0.0,0.0,0.0,0.767403611,Web Attack XSS
80,5915952,3,1,0,0,0.0,0.0,0.0,0.676138008,Web Attack XSS
80,5378518,3,1,0,0,0.0,0.0,0.0,0.743699287,Web Attack XSS
80,5116299,3,1,0,0,0.0,0.0,0.0,0.781815136,Web Attack XSS
80,5532025,3,1,0,0,0.0,0.0,0.0,0.723062531,Web Attack XSS
80,5262915,3,1,0,0,0.0,0.0,0.0,0.760035076,Web Attack XSS
80,5995367,3,1,0,0,0.0,0.0,0.0,0.667181842,Web Attack XSS
80,5447823,3,1,0,0,0.0,0.0,0.0,0.734238245,Web Attack XSS
80,5869618,3,1,0,0,0.0,0.0,0.0,0.681475353,Web Attack XSS
80,5285387,3,1,0,0,0.0,0.0,0.0,0.756803617,Web Attack XSS
80,5994063,3,1,0,0,0.0,0.0,0.0,0.667326987,Web Attack XSS
80,5419209,3,1,0,0,0.0,0.0,0.0,0.738115101,Web Attack XSS
80,5105668,3,1,0,0,0.0,0.0,0.0,0.783443028,Web Attack XSS
80,5529900,3,1,0,0,0.0,0.0,0.0,0.723340386,Web Attack XSS
80,5243646,3,1,0,0,0.0,0.0,0.0,0.762828002,Web Attack XSS
80,5977322,3,1,0,0,0.0,0.0,0.0,0.669196004,Web Attack XSS
80,68115473,203,104,48985,183692,241.3054187,1766.269231,3415.919904,4.507052311,Web Attack XSS
80,5150151,3,1,0,0,0.0,0.0,0.0,0.776676257,Web Attack XSS
80,5867968,3,1,0,0,0.0,0.0,0.0,0.681666976,Web Attack XSS
80,848,2,0,0,0,0.0,0.0,0.0,2358.490566,Web Attack XSS
80,5341879,3,1,0,0,0.0,0.0,0.0,0.748800188,Web Attack XSS
80,5031257,3,1,0,0,0.0,0.0,0.0,0.79502995,Web Attack XSS
80,5468902,3,1,0,0,0.0,0.0,0.0,0.731408242,Web Attack XSS
80,5202519,3,1,0,0,0.0,0.0,0.0,0.768858317,Web Attack XSS
80,5945647,3,1,0,0,0.0,0.0,0.0,0.672761097,Web Attack XSS
80,5373103,3,1,0,0,0.0,0.0,0.0,0.744448785,Web Attack XSS
80,5074930,3,1,0,0,0.0,0.0,0.0,0.788188211,Web Attack XSS
80,5479361,3,1,0,0,0.0,0.0,0.0,0.730012131,Web Attack XSS
80,5189380,3,1,0,0,0.0,0.0,0.0,0.77080499,Web Attack XSS
80,5888934,3,1,0,0,0.0,0.0,0.0,0.67924008,Web Attack XSS
80,5292403,3,1,0,0,0.0,0.0,0.0,0.755800342,Web Attack XSS
80,5450476,3,1,0,0,0.0,0.0,0.0,0.733880857,Web Attack XSS
80,5888484,3,1,0,0,0.0,0.0,0.0,0.679291988,Web Attack XSS
80,5070248,3,1,0,0,0.0,0.0,0.0,0.788916045,Web Attack XSS
80,5483359,3,1,0,0,0.0,0.0,0.0,0.729479868,Web Attack XSS
80,5208136,3,1,0,0,0.0,0.0,0.0,0.768029099,Web Attack XSS
80,5945270,3,1,0,0,0.0,0.0,0.0,0.672803758,Web Attack XSS
80,5364141,3,1,0,0,0.0,0.0,0.0,0.745692554,Web Attack XSS
80,5036259,3,1,0,0,0.0,0.0,0.0,0.794240328,Web Attack XSS
80,5464552,3,1,0,0,0.0,0.0,0.0,0.731990472,Web Attack XSS
80,5184440,3,1,0,0,0.0,0.0,0.0,0.771539453,Web Attack XSS
80,5841311,3,1,0,0,0.0,0.0,0.0,0.684777784,Web Attack XSS
80,5551353,3,1,0,0,0.0,0.0,0.0,0.720545064,Web Attack XSS
80,5277757,3,1,0,0,0.0,0.0,0.0,0.757897721,Web Attack XSS
80,5993240,3,1,0,0,0.0,0.0,0.0,0.667418625,Web Attack XSS
80,5381794,3,1,0,0,0.0,0.0,0.0,0.743246583,Web Attack XSS
80,5084910,3,1,0,0,0.0,0.0,0.0,0.786641258,Web Attack XSS
80,5535654,3,1,0,0,0.0,0.0,0.0,0.722588514,Web Attack XSS
80,5264166,3,1,0,0,0.0,0.0,0.0,0.759854457,Web Attack XSS
80,5977611,3,1,0,0,0.0,0.0,0.0,0.669163651,Web Attack XSS
80,5437883,3,1,0,0,0.0,0.0,0.0,0.735580372,Web Attack XSS
80,69296712,203,106,48783,183592,240.3103448,1732.0,3353.333705,4.459086024,Web Attack XSS
80,5893881,3,1,0,0,0.0,0.0,0.0,0.678669963,Web Attack XSS
80,318,2,0,0,0,0.0,0.0,0.0,6289.308176,Web Attack XSS
80,5327032,3,1,0,0,0.0,0.0,0.0,0.750887173,Web Attack XSS
80,5031527,3,1,0,0,0.0,0.0,0.0,0.794987287,Web Attack XSS
80,5487328,3,1,0,0,0.0,0.0,0.0,0.728952233,Web Attack XSS
80,5203429,3,1,0,0,0.0,0.0,0.0,0.768723855,Web Attack XSS
80,5922799,3,1,0,0,0.0,0.0,0.0,0.675356364,Web Attack XSS
80,5375847,3,1,0,0,0.0,0.0,0.0,0.744068795,Web Attack XSS
80,5531388,3,1,0,0,0.0,0.0,0.0,0.7231458,Web Attack XSS
80,5235466,3,1,0,0,0.0,0.0,0.0,0.76401986,Web Attack XSS
80,5938149,3,1,0,0,0.0,0.0,0.0,0.673610581,Web Attack XSS
80,5308030,3,1,0,0,0.0,0.0,0.0,0.753575244,Web Attack XSS
80,5041839,3,1,0,0,0.0,0.0,0.0,0.793361311,Web Attack XSS
80,5470963,3,1,0,0,0.0,0.0,0.0,0.731132709,Web Attack XSS
80,5193466,3,1,0,0,0.0,0.0,0.0,0.770198553,Web Attack XSS
80,5905000,3,1,0,0,0.0,0.0,0.0,0.677392041,Web Attack XSS
80,5337081,3,1,0,0,0.0,0.0,0.0,0.749473354,Web Attack XSS
80,5064745,3,1,0,0,0.0,0.0,0.0,0.789773226,Web Attack XSS
80,5216065,3,1,0,0,0.0,0.0,0.0,0.766861609,Web Attack XSS
80,5948197,3,1,0,0,0.0,0.0,0.0,0.672472684,Web Attack XSS
80,5411997,3,1,0,0,0.0,0.0,0.0,0.73909871,Web Attack XSS
80,5099613,3,1,0,0,0.0,0.0,0.0,0.784373246,Web Attack XSS
80,5541209,3,1,0,0,0.0,0.0,0.0,0.721864127,Web Attack XSS
80,5239918,3,1,0,0,0.0,0.0,0.0,0.763370725,Web Attack XSS
80,5976571,3,1,0,0,0.0,0.0,0.0,0.669280094,Web Attack XSS
80,5130556,3,1,0,0,0.0,0.0,0.0,0.779642596,Web Attack XSS
80,5418306,3,1,0,0,0.0,0.0,0.0,0.738238114,Web Attack XSS
80,5134920,3,1,0,0,0.0,0.0,0.0,0.778980004,Web Attack XSS
80,5869131,3,1,0,0,0.0,0.0,0.0,0.6815319,Web Attack XSS
80,5311304,3,1,0,0,0.0,0.0,0.0,0.753110724,Web Attack XSS
80,5027603,3,1,0,0,0.0,0.0,0.0,0.795607768,Web Attack XSS
80,5335376,3,1,0,0,0.0,0.0,0.0,0.74971286,Web Attack XSS
80,5076769,3,1,0,0,0.0,0.0,0.0,0.7879027,Web Attack XSS
80,67517268,203,104,48985,183673,241.3054187,1766.086538,3445.903646,4.546984928,Web Attack XSS
80,5199466,3,1,0,0,0.0,0.0,0.0,0.769309771,Web Attack XSS
80,5918636,3,1,0,0,0.0,0.0,0.0,0.675831391,Web Attack XSS
80,333,2,0,0,0,0.0,0.0,0.0,6006.006006,Web Attack XSS
80,5357988,3,1,0,0,0.0,0.0,0.0,0.746548891,Web Attack XSS
80,5086569,3,1,0,0,0.0,0.0,0.0,0.786384693,Web Attack XSS
80,5562293,3,1,0,0,0.0,0.0,0.0,0.719127885,Web Attack XSS
80,5287389,3,1,0,0,0.0,0.0,0.0,0.756517064,Web Attack XSS
80,5993980,3,1,0,0,0.0,0.0,0.0,0.667336227,Web Attack XSS
80,5414135,3,1,0,0,0.0,0.0,0.0,0.738806845,Web Attack XSS
80,5122192,3,1,0,0,0.0,0.0,0.0,0.78091567,Web Attack XSS
80,5485228,3,1,0,0,0.0,0.0,0.0,0.72923131,Web Attack XSS
80,5228394,3,1,0,0,0.0,0.0,0.0,0.765053284,Web Attack XSS
80,5949689,3,1,0,0,0.0,0.0,0.0,0.672304048,Web Attack XSS
80,5378410,3,1,0,0,0.0,0.0,0.0,0.74371422,Web Attack XSS
80,5117024,3,1,0,0,0.0,0.0,0.0,0.781704366,Web Attack XSS
80,5866993,3,1,0,0,0.0,0.0,0.0,0.681780258,Web Attack XSS
80,5615519,3,1,0,0,0.0,0.0,0.0,0.71231172,Web Attack XSS
80,5367229,3,1,0,0,0.0,0.0,0.0,0.745263524,Web Attack XSS
80,5569501,3,1,0,0,0.0,0.0,0.0,0.718197196,Web Attack XSS
80,5328174,3,1,0,0,0.0,0.0,0.0,0.750726234,Web Attack XSS
80,5042181,3,1,0,0,0.0,0.0,0.0,0.793307499,Web Attack XSS
80,5500437,3,1,0,0,0.0,0.0,0.0,0.727214947,Web Attack XSS
80,5199731,3,1,0,0,0.0,0.0,0.0,0.769270564,Web Attack XSS
80,5949382,3,1,0,0,0.0,0.0,0.0,0.67233874,Web Attack XSS
80,5458024,3,1,0,0,0.0,0.0,0.0,0.73286596,Web Attack XSS
80,5175767,3,1,0,0,0.0,0.0,0.0,0.772832316,Web Attack XSS
80,5404657,3,1,0,0,0.0,0.0,0.0,0.740102471,Web Attack XSS
80,5152684,3,1,0,0,0.0,0.0,0.0,0.776294452,Web Attack XSS
80,5586384,3,1,0,0,0.0,0.0,0.0,0.716026682,Web Attack XSS
80,5313804,3,1,0,0,0.0,0.0,0.0,0.752756406,Web Attack XSS
80,5016603,3,1,0,0,0.0,0.0,0.0,0.797352312,Web Attack XSS
80,5468773,3,1,0,0,0.0,0.0,0.0,0.731425495,Web Attack XSS
80,5229394,3,1,0,0,0.0,0.0,0.0,0.764906985,Web Attack XSS
80,5982206,3,1,0,0,0.0,0.0,0.0,0.668649659,Web Attack XSS
80,5339676,3,1,0,0,0.0,0.0,0.0,0.749109122,Web Attack XSS
80,5088427,3,1,0,0,0.0,0.0,0.0,0.78609755,Web Attack XSS
80,5263171,3,1,0,0,0.0,0.0,0.0,0.759998108,Web Attack XSS
80,345,2,0,0,0,0.0,0.0,0.0,5797.101449,Web Attack XSS
80,5990459,3,1,0,0,0.0,0.0,0.0,0.667728466,Web Attack XSS
80,5462062,3,1,0,0,0.0,0.0,0.0,0.732324166,Web Attack XSS
80,5212072,3,1,0,0,0.0,0.0,0.0,0.767449107,Web Attack XSS
80,5965370,3,1,0,0,0.0,0.0,0.0,0.670536781,Web Attack XSS
80,5421903,3,1,0,0,0.0,0.0,0.0,0.737748351,Web Attack XSS
80,5165397,3,1,0,0,0.0,0.0,0.0,0.774383847,Web Attack XSS
80,5350092,3,1,0,0,0.0,0.0,0.0,0.747650695,Web Attack XSS
80,5103796,3,1,0,0,0.0,0.0,0.0,0.783730384,Web Attack XSS
80,5570816,3,1,0,0,0.0,0.0,0.0,0.718027664,Web Attack XSS
80,5312511,3,1,0,0,0.0,0.0,0.0,0.752939617,Web Attack XSS
80,5034538,3,1,0,0,0.0,0.0,0.0,0.79451183,Web Attack XSS
80,5507745,3,1,0,0,0.0,0.0,0.0,0.726250035,Web Attack XSS
80,5242705,3,1,0,0,0.0,0.0,0.0,0.76296492,Web Attack XSS
80,5974306,3,1,0,0,0.0,0.0,0.0,0.669533834,Web Attack XSS
80,5463784,3,1,0,0,0.0,0.0,0.0,0.732093362,Web Attack XSS
80,5214902,3,1,0,0,0.0,0.0,0.0,0.767032631,Web Attack XSS
80,5930736,3,1,0,0,0.0,0.0,0.0,0.674452547,Web Attack XSS
80,5401537,3,1,0,0,0.0,0.0,0.0,0.740529964,Web Attack XSS
80,5148819,3,1,0,0,0.0,0.0,0.0,0.776877183,Web Attack XSS
80,5887145,3,1,0,0,0.0,0.0,0.0,0.679446489,Web Attack XSS
80,5593959,3,1,0,0,0.0,0.0,0.0,0.715057082,Web Attack XSS
80,5316273,3,1,0,0,0.0,0.0,0.0,0.752406808,Web Attack XSS
80,5033713,3,1,0,0,0.0,0.0,0.0,0.794642047,Web Attack XSS
80,5530704,3,1,0,0,0.0,0.0,0.0,0.723235234,Web Attack XSS
80,5224415,3,1,0,0,0.0,0.0,0.0,0.765635961,Web Attack XSS
80,5952394,3,1,0,0,0.0,0.0,0.0,0.671998527,Web Attack XSS
80,5416366,3,1,0,0,0.0,0.0,0.0,0.738502531,Web Attack XSS
80,5174320,3,1,0,0,0.0,0.0,0.0,0.773048439,Web Attack XSS
80,5646735,3,1,0,0,0.0,0.0,0.0,0.708373954,Web Attack XSS
80,5371072,3,1,0,0,0.0,0.0,0.0,0.744730288,Web Attack XSS
80,5122233,3,1,0,0,0.0,0.0,0.0,0.78090942,Web Attack XSS
80,5583116,3,1,0,0,0.0,0.0,0.0,0.716445798,Web Attack XSS
80,5038079,3,1,0,0,0.0,0.0,0.0,0.79395341,Web Attack XSS
80,5063973,3,1,0,0,0.0,0.0,0.0,0.789893627,Web Attack XSS
80,67552491,203,104,48985,183689,241.3054187,1766.240385,3444.343747,4.544614054,Web Attack XSS
80,5974036,3,1,0,0,0.0,0.0,0.0,0.669564094,Web Attack XSS
80,259,2,0,0,0,0.0,0.0,0.0,7722.007722,Web Attack XSS
80,5475890,3,1,0,0,0.0,0.0,0.0,0.730474863,Web Attack XSS
80,5238372,3,1,0,0,0.0,0.0,0.0,0.763596018,Web Attack XSS
80,5968066,3,1,0,0,0.0,0.0,0.0,0.670233875,Web Attack XSS
80,5437577,3,1,0,0,0.0,0.0,0.0,0.735621767,Web Attack XSS
80,5180854,3,1,0,0,0.0,0.0,0.0,0.772073484,Web Attack XSS
80,5576392,3,1,0,0,0.0,0.0,0.0,0.717309687,Web Attack XSS
80,5300059,3,1,0,0,0.0,0.0,0.0,0.75470858,Web Attack XSS
80,5022162,3,1,0,0,0.0,0.0,0.0,0.796469728,Web Attack XSS
80,5389098,3,1,0,0,0.0,0.0,0.0,0.742239239,Web Attack XSS
80,5136870,3,1,0,0,0.0,0.0,0.0,0.778684296,Web Attack XSS
80,5598676,3,1,0,0,0.0,0.0,0.0,0.714454632,Web Attack XSS
80,5346632,3,1,0,0,0.0,0.0,0.0,0.748134527,Web Attack XSS
80,5073622,3,1,0,0,0.0,0.0,0.0,0.78839141,Web Attack XSS
80,5524256,3,1,0,0,0.0,0.0,0.0,0.724079405,Web Attack XSS
80,5993237,3,1,0,0,0.0,0.0,0.0,0.667418959,Web Attack XSS
80,5006127,4,4,447,530,111.75,132.5,195.1608499,1.59804176,Web Attack Sql Injection
80,508,2,1,0,0,0.0,0.0,0.0,5905.511811,Web Attack Sql Injection
80,5069927,4,4,460,1840,115.0,460.0,453.6554471,1.57793199,Web Attack Sql Injection
80,42,1,1,0,0,0.0,0.0,0.0,47619.04762,Web Attack Sql Injection
80,5038618,4,4,537,1881,134.25,470.25,479.8934946,1.587736955,Web Attack Sql Injection
80,43,1,1,0,0,0.0,0.0,0.0,46511.62791,Web Attack Sql Injection
80,5086516,5,4,600,4149,120.0,1037.25,933.6449546,1.769383995,Web Attack Sql Injection
80,48,1,1,0,0,0.0,0.0,0.0,41666.66667,Web Attack Sql Injection
80,5006168,4,4,599,2021,149.75,505.25,523.35439,1.598028672,Web Attack Sql Injection
80,78,1,1,0,0,0.0,0.0,0.0,25641.02564,Web Attack Sql Injection
80,5009041,4,4,523,530,130.75,132.5,210.2198804,1.597112102,Web Attack Sql Injection
80,71,1,1,0,0,0.0,0.0,0.0,28169.01408,Web Attack Sql Injection
80,5009673,4,4,536,1840,134.0,460.0,474.2824532,1.596910617,Web Attack Sql Injection
80,73,1,1,0,0,0.0,0.0,0.0,27397.26027,Web Attack Sql Injection
80,5007460,5,3,537,1881,107.4,627.0,482.8795437,1.597616356,Web Attack Sql Injection
80,5012479,6,4,600,4149,100.0,1037.25,947.4353908,1.995020827,Web Attack Sql Injection
80,5005388,5,3,599,2021,119.8,673.6666667,523.4359454,1.598277696,Web Attack Sql Injection
80,5016759,5,5,599,4149,119.8,829.8,946.4277634,1.993318794,Web Attack Sql Injection
80,5009163,4,4,599,2021,149.75,505.25,523.0414742,1.597073204,Web Attack Sql Injection
80,73,1,1,0,0,0.0,0.0,0.0,27397.26027,Web Attack Sql Injection
80,109,1,1,0,0,0.0,0.0,0.0,18348.62385,Web Attack Sql Injection
