Destination Port,Flow Duration,Total Fwd Packets,Total Backward Packets,Total Length of Fwd Packets,Total Length of Bwd Packets,Fwd Packet Length Mean,Bwd Packet Length Mean,Flow Bytes/s,Flow Packets/s,Label
50831,9202939,1,5,6,30,6.0,6.0,3.91179383,0.651965638,BENIGN
443,60906318,14,16,1135,4292,81.07142857,268.25,89.1040565,0.492559737,BENIGN
53,89031,1,1,58,143,58.0,143.0,2257.640597,22.46408554,BENIGN
53,820,2,2,86,198,43.0,99.0,346341.4634,4878.04878,BENIGN
53,206,2,2,64,204,32.0,102.0,1300970.874,19417.47573,BENIGN
53,50624,1,1,44,204,44.0,204.0,4898.8622,39.50695322,BENIGN
54096,8,1,1,0,0,0.0,0.0,0.0,250000.0,BENIGN
53,187,2,2,78,358,39.0,179.0,2331550.802,21390.37433,BENIGN
443,173,2,0,12,0,6.0,0.0,69364.16185,11560.69364,BENIGN
35670,2070977,1,5,6,30,6.0,6.0,17.38309986,2.89718331,BENIGN
443,63545087,7,2,187,92,26.71428571,46.0,4.390583335,0.14163172,BENIGN
53,73124608,2,2,102,130,51.0,65.0,3.17266658,0.054701148,BENIGN
53,64371,4,2,156,134,39.0,67.0,4505.1343,93.20967516,BENIGN
53,60848,1,1,58,114,58.0,114.0,2826.715751,32.8687878,BENIGN
6757,957,3,0,18,0,6.0,0.0,18808.77743,3134.796238,BENIGN
80,603592,3,4,436,872,145.3333333,218.0,2167.026733,11.59723787,BENIGN
55391,199,3,1,253,6,84.33333333,6.0,1301507.538,20100.50251,BENIGN
53,47488,2,2,98,234,49.0,117.0,6991.239892,84.23180593,BENIGN
41736,22,1,1,0,0,0.0,0.0,0.0,90909.09091,BENIGN
56960,39,1,1,6,6,6.0,6.0,307692.3077,51282.05128,BENIGN
443,11657889,14,14,997,7908,71.21428571,564.8571429,763.860421,2.401807051,BENIGN
80,20690,2,0,12,0,6.0,0.0,579.9903335,96.66505558,BENIGN
53,30703,2,2,86,148,43.0,74.0,7621.405074,130.2804286,BENIGN
53,31038,1,1,48,108,48.0,108.0,5026.097042,64.43714157,BENIGN
443,4,2,0,31,0,15.5,0.0,7750000.0,500000.0,BENIGN
443,119220669,62,81,3339,119399,53.85483871,1474.061728,1029.502695,1.199456447,BENIGN
53,337219,1,1,55,137,55.0,137.0,569.3629363,5.930863919,BENIGN
53,174,2,2,102,134,51.0,67.0,1356321.839,22988.50575,BENIGN
443,425,3,0,43,0,14.33333333,0.0,101176.4706,7058.823529,BENIGN
57664,4,3,0,31,0,10.33333333,0.0,7750000.0,750000.0,BENIGN
53,190,2,2,74,286,37.0,143.0,1894736.842,21052.63158,BENIGN
58379,94698006,7,9,11607,62,1658.142857,6.888888889,123.2232915,0.168958151,BENIGN
80,5328272,3,1,12,0,4.0,0.0,2.252137278,0.750712426,BENIGN
53780,71330568,7,10,11613,68,1659.0,6.8,163.7586848,0.238326996,BENIGN
54236,57,1,1,6,6,6.0,6.0,210526.3158,35087.7193,BENIGN
53,170,2,2,64,96,32.0,48.0,941176.4706,23529.41176,BENIGN
53,179,2,2,76,140,38.0,70.0,1206703.911,22346.36872,BENIGN
53,2393083,2,2,94,176,47.0,88.0,112.8251715,1.671484023,BENIGN
80,115599039,18,15,588,768,32.66666667,51.2,11.73020132,0.285469501,BENIGN
443,117898028,13,12,626,4311,48.15384615,359.25,41.8751703,0.212047652,BENIGN
80,86679,3,2,431,110,143.6666667,55.0,6241.41949,57.6840988,BENIGN
54370,277,2,0,12,0,6.0,0.0,43321.29964,7220.216606,BENIGN
39534,219,3,1,31,6,10.33333333,6.0,168949.7717,18264.84018,BENIGN
53,200,2,2,70,326,35.0,163.0,1980000.0,20000.0,BENIGN
443,117219058,14,12,918,5366,65.57142857,447.1666667,53.60903003,0.221806935,BENIGN
80,419266,3,4,690,421,230.0,105.25,2649.869057,16.69584464,BENIGN
389,200,2,2,330,330,165.0,165.0,3300000.0,20000.0,BENIGN
52751,96,1,1,0,0,0.0,0.0,0.0,20833.33333,BENIGN
53,23369,1,1,93,175,93.0,175.0,11468.18435,85.58346527,BENIGN
443,77041600,17,15,2052,4094,120.7058824,272.9333333,79.77508255,0.415360013,BENIGN
59516,255,2,0,37,0,18.5,0.0,145098.0392,7843.137255,BENIGN
53,198,2,2,110,174,55.0,87.0,1434343.434,20202.0202,BENIGN
443,1731792,8,8,724,5085,90.5,635.625,3354.328926,9.23898482,BENIGN
443,32363,2,1,12,6,6.0,6.0,556.1907116,92.69845194,BENIGN
8938,2,1,2,0,0,0.0,0.0,0.0,1500000.0,BENIGN
443,3,2,0,0,0,0.0,0.0,0.0,666666.6667,BENIGN
443,867371,9,12,703,13392,78.11111111,1116.0,16250.25508,24.21109306,BENIGN
53,279,2,2,82,254,41.0,127.0,1204301.075,14336.91756,BENIGN
53,71704,2,2,74,190,37.0,95.0,3681.802968,55.78489345,BENIGN
443,197560,44,56,1313,105841,29.84090909,1890.017857,542387.1229,506.1753391,BENIGN
53,50762,2,2,72,146,36.0,73.0,4294.551042,78.79910169,BENIGN
52890,115834,2,1,0,0,0.0,0.0,0.0,25.89913152,BENIGN
53,30815,2,2,94,268,47.0,134.0,11747.52556,129.8069122,BENIGN
53,273376,4,4,120,528,30.0,132.0,2370.3617,29.26372469,BENIGN
53,61000,2,2,72,234,36.0,117.0,5016.393443,65.57377049,BENIGN
21,183384,18,25,176,440,9.777777778,17.6,3359.071675,234.4806526,BENIGN
50676,1340313,6,2,11607,26,1934.5,13.0,8679.315951,5.968755059,BENIGN
53,181,2,2,90,222,45.0,111.0,1723756.906,22099.44751,BENIGN
22015,10039111,1,6,6,36,6.0,6.0,4.183637376,0.697272896,BENIGN
80,6393502,3,1,0,0,0.0,0.0,0.0,0.625635215,BENIGN
53,11470856,10,2,460,92,46.0,46.0,48.12195358,1.046129426,BENIGN
443,115969140,48,64,14273,6025,297.3541667,94.140625,175.0293225,0.965774171,BENIGN
56893,49,1,2,0,0,0.0,0.0,0.0,61224.4898,BENIGN
3650,3,2,0,31,0,15.5,0.0,10300000.0,666666.6667,BENIGN
53,23824,1,1,51,113,51.0,113.0,6883.814641,83.94895903,BENIGN
49339,4,2,0,124,0,62.0,0.0,31000000.0,500000.0,BENIGN
443,5147775,6,7,1188,609,198.0,87.0,349.0828562,2.5253629,BENIGN
53,187,2,2,66,194,33.0,97.0,1390374.332,21390.37433,BENIGN
53,206,2,2,96,128,48.0,64.0,1087378.641,19417.47573,BENIGN
53,180582,2,2,74,276,37.0,138.0,1938.17767,22.15060194,BENIGN
60584,47,1,1,0,0,0.0,0.0,0.0,42553.19149,BENIGN
49953,1057494,1,7,6,42,6.0,6.0,45.39032846,7.565054743,BENIGN
55928,696,2,0,12,0,6.0,0.0,17241.37931,2873.563218,BENIGN
80,34087678,7,7,420,1767,60.0,252.4285714,64.15808082,0.410705593,BENIGN
443,5682513,8,6,378,4875,47.25,812.5,924.4149551,2.463698719,BENIGN
53,31297,1,1,44,122,44.0,122.0,5304.02275,63.90388855,BENIGN
53,267,2,2,142,242,71.0,121.0,1438202.247,14981.27341,BENIGN
80,5288678,4,2,0,0,0.0,0.0,0.0,1.134499018,BENIGN
53,30862,4,2,136,182,34.0,91.0,10303.93364,194.4138423,BENIGN
53,152,2,2,46,46,23.0,23.0,605263.1579,26315.78947,BENIGN
80,115643918,37,26,5806,10360,156.9189189,398.4615385,139.7911821,0.544775731,BENIGN
53,174,2,2,60,264,30.0,132.0,1862068.966,22988.50575,BENIGN
53,280,2,2,60,168,30.0,84.0,814285.7143,14285.71429,BENIGN
53,169,2,2,64,120,32.0,60.0,1088757.396,23668.63905,BENIGN
80,113663847,13,11,0,0,0.0,0.0,0.0,0.211148933,BENIGN
443,3,2,0,12,0,6.0,0.0,4000000.0,666666.6667,BENIGN
80,70,2,0,12,0,6.0,0.0,171428.5714,28571.42857,BENIGN
80,433016,3,4,604,931,201.3333333,232.75,3544.903653,16.16568441,BENIGN
62891,81839944,6,9,12982,56,2163.666667,6.222222222,159.3109595,0.183284583,BENIGN
53,109689,4,4,160,404,40.0,101.0,5141.810027,72.93347555,BENIGN
53,47390,1,1,55,120,55.0,120.0,3692.762186,42.20299641,BENIGN
443,15828454,40,55,2417,97490,60.425,1772.545455,6311.860906,6.001849581,BENIGN
80,81,2,0,12,0,6.0,0.0,148148.1481,24691.35802,BENIGN
443,142443,47,55,1325,101497,28.19148936,1845.4,721846.6334,716.075904,BENIGN
53,356626,4,2,124,182,31.0,91.0,858.041758,16.8243482,BENIGN
53,164213,2,2,64,198,32.0,99.0,1595.488786,24.35860742,BENIGN
80,65173187,38,51,372,84756,9.789473684,1661.882353,1306.181329,1.365592264,BENIGN
0,117845238,292,0,0,0,0.0,0.0,0.0,2.477826045,BENIGN
53,30814,2,2,68,158,34.0,79.0,7334.328552,129.8111248,BENIGN
22,173,1,1,6,6,6.0,6.0,69364.16185,11560.69364,BENIGN
53,30273,1,1,55,111,55.0,111.0,5483.434083,66.06547088,BENIGN
9849,8,1,1,6,6,6.0,6.0,1500000.0,250000.0,BENIGN
53,142611,4,2,132,246,33.0,123.0,2650.566927,42.0724909,BENIGN
53,23446,1,1,47,91,47.0,91.0,5885.865393,85.302397,BENIGN
80,243239,3,2,486,278,162.0,139.0,3140.943681,20.55591414,BENIGN
443,97212,12,7,745,2393,62.08333333,341.8571429,32279.96544,195.4491215,BENIGN
53,30566,1,1,47,63,47.0,63.0,3598.769875,65.43217955,BENIGN
53,173,2,2,80,336,40.0,168.0,2404624.277,23121.38728,BENIGN
53,147,2,2,88,188,44.0,94.0,1877551.02,27210.88435,BENIGN
53,274,2,2,66,534,33.0,267.0,2189781.022,14598.54015,BENIGN
14393,8045607,1,5,6,30,6.0,6.0,4.474491483,0.745748581,BENIGN
51179,6045526,1,5,6,30,6.0,6.0,5.954816835,0.992469472,BENIGN
80,116521189,19,16,1311,2388,69.0,149.25,31.74529913,0.300374552,BENIGN
53,24153,2,2,68,100,34.0,50.0,6955.657682,165.6108972,BENIGN
443,5754981,10,7,386,5133,38.6,733.2857143,958.9953468,2.953962837,BENIGN
443,10112055,11,9,3636,5857,330.5454545,650.7777778,938.7804952,1.977837344,BENIGN
53,187,2,2,66,164,33.0,82.0,1229946.524,21390.37433,BENIGN
80,6012386,3,1,0,0,0.0,0.0,0.0,0.66529328,BENIGN
42045,7114116,1,5,6,30,6.0,6.0,5.060361681,0.843393613,BENIGN
53,348,2,2,66,218,33.0,109.0,816091.954,11494.25287,BENIGN
53,206,2,2,84,116,42.0,58.0,970873.7864,19417.47573,BENIGN
10246,6,5,0,420,0,84.0,0.0,70000000.0,833333.3333,BENIGN
59800,103,1,1,0,0,0.0,0.0,0.0,19417.47573,BENIGN
443,119762023,44,56,1340,80453,30.45454545,1436.660714,682.9627452,0.834989235,BENIGN
51546,67,2,1,0,0,0.0,0.0,0.0,44776.1194,BENIGN
443,10981052,8,9,1038,1024,129.75,113.7777778,187.7780016,1.548121255,BENIGN
53,55467,2,2,66,224,33.0,112.0,5228.333964,72.11495123,BENIGN
53,60089,1,1,54,110,54.0,110.0,2729.284894,33.28396212,BENIGN
59241,468,1,1,0,0,0.0,0.0,0.0,4273.504274,BENIGN
59229,104,1,1,6,6,6.0,6.0,115384.6154,19230.76923,BENIGN
123,61134,1,1,48,48,48.0,48.0,1570.320934,32.71501947,BENIGN
53,48224,2,2,90,226,45.0,113.0,6552.753816,82.94625083,BENIGN
53,30929,1,1,49,65,49.0,65.0,3685.861166,64.66423098,BENIGN
443,111958775,50,76,16867,7945,337.34,104.5394737,221.6172873,1.125414243,BENIGN
53,23477,1,1,81,145,81.0,145.0,9626.442902,85.18976019,BENIGN
53,4098656,2,2,106,154,53.0,77.0,63.43542859,0.975929671,BENIGN
53,71746,2,2,72,256,36.0,128.0,4571.683439,55.75223706,BENIGN
53,94186,1,1,48,113,48.0,113.0,1709.38356,21.23457839,BENIGN
54766,72632354,5,10,11613,68,2322.6,6.8,160.8236462,0.206519535,BENIGN
53,32146,4,2,128,532,32.0,266.0,20531.32583,186.6484166,BENIGN
53,251,2,2,68,164,34.0,82.0,924302.7888,15936.25498,BENIGN
53,23540,2,2,68,158,34.0,79.0,9600.679694,169.9235344,BENIGN
53,592,1,1,57,116,57.0,116.0,292229.7297,3378.378378,BENIGN
53,46881,2,2,60,264,30.0,132.0,6911.115377,85.32241206,BENIGN
21431,8900548,1,6,1375,30,1375.0,5.0,157.8554489,0.786468429,BENIGN
53,60530,1,1,46,113,46.0,113.0,2626.79663,33.04146704,BENIGN
53,115816257,3,3,150,354,50.0,118.0,4.351720674,0.051806199,BENIGN
443,98988,20,25,2126,41017,106.3,1640.68,435840.708,454.6005576,BENIGN
51051,4,2,0,0,0,0.0,0.0,0.0,500000.0,BENIGN
53,277,2,2,88,218,44.0,109.0,1104693.141,14440.43321,BENIGN
443,60839596,11,8,4444,4556,404.0,569.5,147.9299764,0.312296617,BENIGN
443,88992353,29,33,3936,6430,135.7241379,194.8484848,116.4819184,0.696689074,BENIGN
53,47923,1,1,50,132,50.0,132.0,3797.758905,41.73361434,BENIGN
53,170,2,2,80,112,40.0,56.0,1129411.765,23529.41176,BENIGN
31086,8759572,1,5,6,30,6.0,6.0,4.109789839,0.684964973,BENIGN
80,27020,2,0,0,0,0.0,0.0,0.0,74.019245,BENIGN
53,853,2,2,66,166,33.0,83.0,271981.2427,4689.33177,BENIGN
53,30776,4,2,124,162,31.0,81.0,9292.95555,194.9571094,BENIGN
443,21054248,16,14,1287,14865,80.4375,1061.785714,767.1610974,1.424890597,BENIGN
53,204,2,2,66,386,33.0,193.0,2215686.275,19607.84314,BENIGN
51762,2864,2,0,0,0,0.0,0.0,0.0,698.3240223,BENIGN
53,66301,2,2,76,238,38.0,119.0,4735.976833,60.33091507,BENIGN
41645,9812537,1,7,6,42,6.0,6.0,4.8917013,0.81528355,BENIGN
53,155,2,2,84,116,42.0,58.0,1290322.581,25806.45161,BENIGN
53,61425,2,2,60,344,30.0,172.0,6577.126577,65.12006512,BENIGN
53,65837,4,2,160,212,40.0,106.0,5650.31821,91.13416468,BENIGN
443,118144173,30,29,3472,5483,115.7333333,189.0689655,75.79722108,0.499389843,BENIGN
56284,92303237,7,9,11607,62,1658.142857,6.888888889,126.4202684,0.1733417,BENIGN
443,65171529,13,14,1551,4264,119.3076923,304.5714286,89.22607908,0.414291339,BENIGN
49348,11996924,1,7,6,42,6.0,6.0,4.001025596,0.666837599,BENIGN
9362,3,2,0,37,0,18.5,0.0,12300000.0,666666.6667,BENIGN
57912,999976,2,0,0,0,0.0,0.0,0.0,2.000048001,BENIGN
53,175,2,2,72,200,36.0,100.0,1554285.714,22857.14286,BENIGN
53,152,2,2,62,94,31.0,47.0,1026315.789,26315.78947,BENIGN
56320,531,2,0,12,0,6.0,0.0,22598.87006,3766.478343,BENIGN
56631,20921,6,3,6333,0,1055.5,0.0,302710.1955,430.1897615,BENIGN
53,120427,1,1,50,66,50.0,66.0,963.2391407,16.60757139,BENIGN
443,1968068,12,11,3530,2893,294.1666667,263.0,3263.606745,11.68658807,BENIGN
53,192,2,2,94,222,47.0,111.0,1645833.333,20833.33333,BENIGN
53,214,2,2,64,258,32.0,129.0,1504672.897,18691.58879,BENIGN
53,59782,1,1,63,128,63.0,128.0,3194.941621,33.45488609,BENIGN
53,213,2,2,64,204,32.0,102.0,1258215.962,18779.34272,BENIGN
80,140,2,0,0,0,0.0,0.0,0.0,14285.71429,BENIGN
53,92834,2,2,82,406,41.0,203.0,5256.694745,43.08766185,BENIGN
443,5060741,9,7,377,6007,41.88888889,858.1428571,1261.475345,3.161592344,BENIGN
55518,3,2,0,0,0,0.0,0.0,0.0,666666.6667,BENIGN
443,110007081,16,16,1148,1810,71.75,113.125,26.88917816,0.290890366,BENIGN
443,5763756,10,7,854,3483,85.4,497.5714286,752.4607218,2.949465592,BENIGN
62478,134719,1,5,6,30,6.0,6.0,267.2228862,44.53714769,BENIGN
53,592,1,1,83,211,83.0,211.0,496621.6216,3378.378378,BENIGN
53,167279,1,1,41,204,41.0,204.0,1464.61899,11.95607339,BENIGN
55840,3,2,0,37,0,18.5,0.0,12300000.0,666666.6667,BENIGN
51672,37,2,1,31,0,15.5,0.0,837837.8378,81081.08108,BENIGN
40529,5167851,1,6,6,36,6.0,6.0,8.127169301,1.354528217,BENIGN
55005,90147027,6,9,12976,56,2162.666667,6.222222222,144.5638357,0.166394839,BENIGN
36518,77,1,1,6,6,6.0,6.0,155844.1558,25974.02597,BENIGN
53,197,2,2,66,258,33.0,129.0,1644670.051,20304.56853,BENIGN
80,416311,3,4,692,421,230.6666667,105.25,2673.482084,16.81435273,BENIGN
63284,1114057,6,2,11607,26,1934.5,13.0,10442.01509,7.180961118,BENIGN
443,154480,22,47,871,63088,39.59090909,1342.297872,414027.7059,446.6597618,BENIGN
53,23512,1,1,56,117,56.0,117.0,7357.944879,85.06294658,BENIGN
80,985458,3,4,431,2267,143.6666667,566.75,2737.813281,7.103296132,BENIGN
5549,68,1,1,6,6,6.0,6.0,176470.5882,29411.76471,BENIGN
53,71812,1,1,56,272,56.0,272.0,4567.481758,27.85049852,BENIGN
37238,50,1,2,0,0,0.0,0.0,0.0,60000.0,BENIGN
53,140997,1,1,45,252,45.0,252.0,2106.427796,14.18469897,BENIGN
53,162,2,2,80,112,40.0,56.0,1185185.185,24691.35802,BENIGN
53143,59,1,1,0,0,0.0,0.0,0.0,33898.30508,BENIGN
80,5529184,6,6,2085,3207,347.5,534.5,957.1032543,2.170302164,BENIGN
50310,234,1,1,0,0,0.0,0.0,0.0,8547.008547,BENIGN
80,5450884,3,1,12,0,4.0,0.0,2.201477779,0.733825926,BENIGN
443,721258,9,7,560,5267,62.22222222,752.4285714,8078.939852,22.18346278,BENIGN
53,23474,1,1,45,61,45.0,61.0,4515.634319,85.20064752,BENIGN
57447,42,1,1,6,6,6.0,6.0,285714.2857,47619.04762,BENIGN
443,106,2,0,0,0,0.0,0.0,0.0,18867.92453,BENIGN
443,117963230,16,16,1281,4636,80.0625,289.75,50.15969807,0.271270971,BENIGN
443,62700541,7,2,169,92,24.14285714,46.0,4.162643509,0.143539431,BENIGN
80,114430053,15,15,432,1963,28.8,130.8666667,20.9298164,0.26216889,BENIGN
53,48240,1,1,58,107,58.0,107.0,3420.39801,41.45936982,BENIGN
54323,89324,1,5,6,30,6.0,6.0,403.0271819,67.17119699,BENIGN
53,252,2,2,46,46,23.0,23.0,365079.3651,15873.01587,BENIGN
60030,63,1,1,0,0,0.0,0.0,0.0,31746.03175,BENIGN
80,5575316,3,1,0,0,0.0,0.0,0.0,0.717448123,BENIGN
53,214,2,2,64,120,32.0,60.0,859813.0841,18691.58879,BENIGN
57079,3,2,0,0,0,0.0,0.0,0.0,666666.6667,BENIGN
53,48965,2,2,78,184,39.0,92.0,5350.760747,81.69100378,BENIGN
61455,67,1,1,0,0,0.0,0.0,0.0,29850.74627,BENIGN
53,206,2,2,78,252,39.0,126.0,1601941.748,19417.47573,BENIGN
53,152,2,2,60,116,30.0,58.0,1157894.737,26315.78947,BENIGN
443,5168361,8,5,395,3203,49.375,640.6,696.1588016,2.515304175,BENIGN
55974,73580093,6,9,11613,62,1935.5,6.888888889,158.6706339,0.203859487,BENIGN
53,205,2,2,64,204,32.0,102.0,1307317.073,19512.19512,BENIGN
44677,2,2,0,31,0,15.5,0.0,15500000.0,1000000.0,BENIGN
80,11340833,53,71,100516,48630,1896.528302,684.9295775,13151.23854,10.9339411,BENIGN
50047,81360683,1,5,6,30,6.0,6.0,0.442474162,0.073745694,BENIGN
22,1362474,41,44,2664,6954,64.97560976,158.0454545,7059.217277,62.3865116,BENIGN
80,87902401,18,16,1765,2115,98.05555556,132.1875,44.13986371,0.38679262,BENIGN
80,23645,1,1,0,0,0.0,0.0,0.0,84.58447875,BENIGN
53,171,2,2,66,386,33.0,193.0,2643274.854,23391.81287,BENIGN
62956,8016921,1,5,1375,24,1375.0,4.8,174.5058982,0.748417004,BENIGN
443,29549,1,2,0,38,0.0,19.0,1285.999526,101.5262784,BENIGN
49800,90,1,1,0,0,0.0,0.0,0.0,22222.22222,BENIGN
80,13634546,105,178,2007,338842,19.11428571,1903.606742,24998.92552,20.75609998,BENIGN
443,57,2,0,12,0,6.0,0.0,210526.3158,35087.7193,BENIGN
51963,417072,6,2,11601,26,1933.5,13.0,27877.68059,19.18134039,BENIGN
53,40410725,2,2,96,429,48.0,214.5,12.99160062,0.098983624,BENIGN
53,23639,2,2,92,254,46.0,127.0,14636.82897,169.2118956,BENIGN
80,9541,2,0,0,0,0.0,0.0,0.0,209.621633,BENIGN
50057,9475083,7,9,12976,56,1853.714286,6.222222222,1375.396923,1.688639561,BENIGN
22,169,1,1,0,0,0.0,0.0,0.0,11834.31953,BENIGN
443,115337464,20,15,1078,2503,53.9,166.8666667,31.04802096,0.30345734,BENIGN
443,3,2,0,12,0,6.0,0.0,4000000.0,666666.6667,BENIGN
80,32149174,6,6,362,5234,60.33333333,872.3333333,174.06357,0.373259979,BENIGN
443,6336740,38,43,901,75288,23.71052632,1750.883721,12023.3748,12.78259799,BENIGN
55806,70,1,1,6,6,6.0,6.0,171428.5714,28571.42857,BENIGN
53,48137,1,1,47,63,47.0,63.0,2285.144483,41.54808152,BENIGN
53,193,2,2,98,130,49.0,65.0,1181347.15,20725.3886,BENIGN
53,48732,2,2,94,268,47.0,134.0,7428.383814,82.0815891,BENIGN
80,15157,1,1,6,6,6.0,6.0,791.7133997,131.9522333,BENIGN
53,23669,1,1,95,223,95.0,223.0,13435.29511,84.49871139,BENIGN
63491,82419272,6,9,11613,62,1935.5,6.888888889,141.6537627,0.181996269,BENIGN
53,23405,1,1,58,74,58.0,74.0,5639.820551,85.45182653,BENIGN
53,49930,2,2,92,170,46.0,85.0,5247.346285,80.11215702,BENIGN
80,5461978,11,16,352,21992,32.0,1374.5,4090.825705,4.943264144,BENIGN
80,54677,4,4,438,860,109.5,215.0,23739.41511,146.3138065,BENIGN
53,48223,1,1,41,97,41.0,97.0,2861.704996,41.47398544,BENIGN
58949,23580,6,2,11601,26,1933.5,13.0,493087.3622,339.2705683,BENIGN
61226,91181,6,3,11607,26,1934.5,8.666666667,127581.404,98.70477402,BENIGN
53,60808,4,2,140,174,35.0,87.0,5163.794238,98.67122747,BENIGN
54758,3,2,0,12,0,6.0,0.0,4000000.0,666666.6667,BENIGN
53,204,2,2,88,188,44.0,94.0,1352941.176,19607.84314,BENIGN
80,19887001,5,5,448,1780,89.6,356.0,112.0329807,0.502841027,BENIGN
53,84570,2,2,60,264,30.0,132.0,3831.145796,47.29809625,BENIGN
53,204,2,2,64,204,32.0,102.0,1313725.49,19607.84314,BENIGN
53,62212,2,2,62,174,31.0,87.0,3793.480357,64.29627725,BENIGN
443,80278422,16,17,1939,7053,121.1875,414.8823529,112.0101738,0.411069366,BENIGN
443,3939468,7,6,1660,3369,237.1428571,561.5,1276.568308,3.299937961,BENIGN
80,115711251,17,17,407,5718,23.94117647,336.3529412,52.933487,0.293834867,BENIGN
53,909,2,2,94,206,47.0,103.0,330033.0033,4400.440044,BENIGN
80,65232269,11,11,346,308,31.45454545,28.0,10.02571289,0.337256397,BENIGN
53,92,2,2,60,344,30.0,172.0,4391304.348,43478.26087,BENIGN
60979,9415958,1,6,6,36,6.0,6.0,4.460512674,0.743418779,BENIGN
53,203,2,2,74,204,37.0,102.0,1369458.128,19704.4335,BENIGN
60897,1273325,1,6,6,36,6.0,6.0,32.98450906,5.497418177,BENIGN
80,50792,1,1,0,0,0.0,0.0,0.0,39.37627973,BENIGN
53,61057,4,2,148,262,37.0,131.0,6715.036769,98.26883076,BENIGN
55205,3852,3,0,31,0,10.33333333,0.0,8047.767394,778.8161994,BENIGN
56562,1306,2,0,12,0,6.0,0.0,9188.361409,1531.393568,BENIGN
53,8041238,10,2,450,90,45.0,45.0,67.15383875,1.492307528,BENIGN
52590,3,2,0,0,0,0.0,0.0,0.0,666666.6667,BENIGN
53,99938,2,2,78,202,39.0,101.0,2801.737077,40.02481539,BENIGN
443,158,2,0,0,0,0.0,0.0,0.0,12658.22785,BENIGN
465,49,3,0,37,0,12.33333333,0.0,755102.0408,61224.4898,BENIGN
80,108668,3,2,548,368,182.6666667,184.0,8429.344425,46.01170538,BENIGN
57153,1455,2,0,0,0,0.0,0.0,0.0,1374.570447,BENIGN
53,122003,2,2,68,254,34.0,127.0,2639.279362,32.78607903,BENIGN
58258,392501,6,2,11607,26,1934.5,13.0,29638.14105,20.38211368,BENIGN
49843,51182,6,2,11601,26,1933.5,13.0,227169.7081,156.304951,BENIGN
443,465,3,1,0,0,0.0,0.0,0.0,8602.150538,BENIGN
53,158,2,2,66,98,33.0,49.0,1037974.684,25316.4557,BENIGN
53,405,1,1,80,162,80.0,162.0,597530.8642,4938.271605,BENIGN
9523,5,3,0,18,0,6.0,0.0,3600000.0,600000.0,BENIGN
443,443780,7,11,1375,5990,196.4285714,544.5454545,16596.06111,40.56063815,BENIGN
53,23578,1,1,47,111,47.0,111.0,6701.1621,84.82483671,BENIGN
53,61108,4,2,168,310,42.0,155.0,7822.216404,98.18681678,BENIGN
53,1062,2,2,64,152,32.0,76.0,203389.8305,3766.478343,BENIGN
61093,85,1,1,6,6,6.0,6.0,141176.4706,23529.41176,BENIGN
64197,2153,2,1,0,0,0.0,0.0,0.0,1393.404552,BENIGN
53,164,2,2,60,252,30.0,126.0,1902439.024,24390.2439,BENIGN
53,70753814,2,2,105,266,52.5,133.0,5.243533585,0.056534055,BENIGN
443,1798721,33,30,805,37942,24.39393939,1264.733333,21541.41748,35.02488713,BENIGN
443,34900,1,1,6,6,6.0,6.0,343.8395415,57.30659026,BENIGN
443,4092004,5,1,135,46,27.0,46.0,44.23260583,1.466274227,BENIGN
443,60941834,14,13,1340,3587,95.71428571,275.9230769,80.84758329,0.443045413,BENIGN
33839,10756662,1,5,6,30,6.0,6.0,3.34676315,0.557793858,BENIGN
54412,2,2,0,12,0,6.0,0.0,6000000.0,1000000.0,BENIGN
53,48712,2,2,68,220,34.0,110.0,5912.30087,82.11528987,BENIGN
3268,117,2,2,114,12,57.0,6.0,1076923.077,34188.03419,BENIGN
3268,93402420,28,14,5642,1008,201.5,72.0,71.19729874,0.44966715,BENIGN
58056,29,1,1,0,0,0.0,0.0,0.0,68965.51724,BENIGN
53,371,2,2,78,134,39.0,67.0,571428.5714,10781.67116,BENIGN
53,214,2,2,70,102,35.0,51.0,803738.3178,18691.58879,BENIGN
53,235,2,2,64,204,32.0,102.0,1140425.532,17021.2766,BENIGN
443,31224594,34,38,881,41820,25.91176471,1100.526316,1367.543802,2.305874658,BENIGN
443,118917652,12,14,12,31,1.0,2.214285714,0.361594761,0.218638693,BENIGN
53,194,2,2,64,96,32.0,48.0,824742.268,20618.5567,BENIGN
53,230,2,2,66,234,33.0,117.0,1304347.826,17391.30435,BENIGN
53,169303,2,2,72,186,36.0,93.0,1523.895028,23.62627951,BENIGN
52685,142,1,1,0,0,0.0,0.0,0.0,14084.50704,BENIGN
80,5563098,4,2,0,0,0.0,0.0,0.0,1.078535737,BENIGN
443,166,2,0,12,0,6.0,0.0,72289.15663,12048.19277,BENIGN
29654,11046411,1,6,1375,30,1375.0,5.0,127.1906323,0.633689983,BENIGN
80,78423,3,5,1680,309,560.0,61.8,25362.45744,102.0108897,BENIGN
58460,3,2,0,0,0,0.0,0.0,0.0,666666.6667,BENIGN
54501,72676496,7,9,11613,62,1659.0,6.888888889,160.643408,0.220153707,BENIGN
56759,4900,3,1,50,6,16.66666667,6.0,11428.57143,816.3265306,BENIGN
53,209,2,2,62,190,31.0,95.0,1205741.627,19138.75598,BENIGN
80,3227718,3,3,0,0,0.0,0.0,0.0,1.858898454,BENIGN
443,61636,9,5,528,3506,58.66666667,701.2,65448.76371,227.1399831,BENIGN
53,3368575,2,2,93,174,46.5,87.0,79.26200248,1.18744573,BENIGN
80,5013797,26,34,4411,40797,169.6538462,1199.911765,9016.719265,11.96697832,BENIGN
53,23761,2,2,60,92,30.0,46.0,6397.037162,168.3430832,BENIGN
80,105291,1,1,6,6,6.0,6.0,113.969855,18.99497583,BENIGN
35506,82,1,2,0,0,0.0,0.0,0.0,36585.36585,BENIGN
80,3106364,3,3,6,6,2.0,2.0,3.8630373,1.93151865,BENIGN
443,5298367,29,43,898,77264,30.96551724,1796.837209,14752.09248,13.58909264,BENIGN
53,218700,1,1,39,123,39.0,123.0,740.7407407,9.144947417,BENIGN
80,131,2,0,0,0,0.0,0.0,0.0,15267.17557,BENIGN
53,61194,2,2,68,380,34.0,190.0,7320.979181,65.36588554,BENIGN
56393,4,2,0,12,0,6.0,0.0,3000000.0,500000.0,BENIGN
53,48224,2,2,70,262,35.0,131.0,6884.538819,82.94625083,BENIGN
53,24027,1,1,46,124,46.0,124.0,7075.373538,83.23968868,BENIGN
51438,438080,5,2,11601,26,2320.2,13.0,26540.81446,15.97881665,BENIGN
80,77161,4,5,1690,309,422.5,61.8,25906.87005,116.6392348,BENIGN
443,933462,54,75,935,157825,17.31481481,2104.333333,170076.5537,138.1952345,BENIGN
53,48097,1,1,54,110,54.0,110.0,3409.776078,41.58263509,BENIGN
80,314,2,0,12,0,6.0,0.0,38216.56051,6369.426752,BENIGN
80,119875243,19,16,1425,2943,75.0,183.9375,36.43788234,0.291970211,BENIGN
55175,74006733,6,9,11613,62,1935.5,6.888888889,157.7559166,0.202684261,BENIGN
443,189,2,0,12,0,6.0,0.0,63492.06349,10582.01058,BENIGN
7890,4,2,0,31,0,15.5,0.0,7750000.0,500000.0,BENIGN
53,263,2,2,54,86,27.0,43.0,532319.3916,15209.12548,BENIGN
443,118483582,24,21,5322,2463,221.75,117.2857143,65.7053059,0.379799456,BENIGN
58363,3,1,1,0,0,0.0,0.0,0.0,666666.6667,BENIGN
53,122609,1,1,44,186,44.0,186.0,1875.881868,16.31201625,BENIGN
53,62646286,2,2,98,215,49.0,107.5,4.996305767,0.063850553,BENIGN
443,158839,25,43,871,64624,34.84,1502.883721,412335.7614,428.1064474,BENIGN
443,892510,9,11,703,3950,78.11111111,359.0909091,5213.386965,22.40871251,BENIGN
443,5141203,7,3,617,166,88.14285714,55.33333333,152.2989853,1.945070055,BENIGN
53,171,2,2,74,106,37.0,53.0,1052631.579,23391.81287,BENIGN
80,59481,3,4,419,2265,139.6666667,566.25,45123.65293,117.6846388,BENIGN
53,71845,1,1,58,248,58.0,248.0,4259.169044,27.83770617,BENIGN
57753,205385,6,2,11601,26,1933.5,13.0,56610.75541,38.95123792,BENIGN
88,455,2,2,356,358,178.0,179.0,1569230.769,8791.208791,BENIGN
53,88217017,2,2,121,380,60.5,190.0,5.679176388,0.045342726,BENIGN
53,258,2,2,64,258,32.0,129.0,1248062.016,15503.87597,BENIGN
80,81,2,0,12,0,6.0,0.0,148148.1481,24691.35802,BENIGN
53,221286,1,1,73,125,73.0,125.0,894.7696646,9.03807742,BENIGN
53,540,1,1,44,60,44.0,60.0,192592.5926,3703.703704,BENIGN
443,5788260,6,4,611,168,101.8333333,42.0,134.5827589,1.727634902,BENIGN
53,197,2,2,70,166,35.0,83.0,1197969.543,20304.56853,BENIGN
60824,736,1,1,0,0,0.0,0.0,0.0,2717.391304,BENIGN
80,115397432,16,14,588,704,36.75,50.28571429,11.1960897,0.259971123,BENIGN
6460,22,1,1,6,6,6.0,6.0,545454.5455,90909.09091,BENIGN
53,723,1,1,72,129,72.0,129.0,278008.2988,2766.251729,BENIGN
53,132,2,2,90,122,45.0,61.0,1606060.606,30303.0303,BENIGN
80,116091279,35,37,1091,57547,31.17142857,1555.324324,505.1025409,0.620201626,BENIGN
53,236,2,2,68,220,34.0,110.0,1220338.983,16949.15254,BENIGN
53,30498,1,1,53,128,53.0,128.0,5934.815398,65.57807069,BENIGN
80,5364028,3,1,0,0,0.0,0.0,0.0,0.745708263,BENIGN
80,560355,3,5,26,11607,8.666666667,2321.4,20760.05389,14.2766639,DDoS
80,56138,5,0,30,0,6.0,0.0,534.3973779,89.06622965,DDoS
80,801425,3,5,26,11607,8.666666667,2321.4,14515.39445,9.982219172,DDoS
80,629138,3,5,26,11607,8.666666667,2321.4,18490.3789,12.71581116,DDoS
80,9172767,6,0,36,0,6.0,0.0,3.924660901,0.65411015,DDoS
80,1333049,3,6,26,11607,8.666666667,1934.5,8726.61095,6.751439745,DDoS
80,71100,3,5,26,11607,8.666666667,2321.4,163614.6273,112.5175809,DDoS
80,74885905,8,5,56,11607,7.0,2321.4,155.7435942,0.173597421,DDoS
80,7669811,5,0,30,0,6.0,0.0,3.911439278,0.651906546,DDoS
80,685147,4,0,24,0,6.0,0.0,35.02897918,5.838163197,DDoS
80,73711431,8,5,56,11601,7.0,2320.2,158.1437213,0.176363419,DDoS
80,7848854,4,0,24,0,6.0,0.0,3.057771236,0.509628539,DDoS
80,1044171,3,6,26,11601,8.666666667,1933.5,11135.14932,8.619277877,DDoS
80,80220982,8,6,56,11601,7.0,1933.5,145.3111108,0.174517933,DDoS
80,76934576,8,4,56,11601,7.0,2900.25,151.5183498,0.155976683,DDoS
80,5761863,4,0,24,0,6.0,0.0,4.165319446,0.694219908,DDoS
80,116194,3,6,26,11601,8.666666667,1933.5,100065.4079,77.4566673,DDoS
80,67732,3,5,26,11607,8.666666667,2321.4,171750.4282,118.1125613,DDoS
80,1797045,3,6,26,11601,8.666666667,1933.5,6470.066136,5.008221831,DDoS
80,71349475,8,4,56,11601,7.0,2900.25,163.3789176,0.168186241,DDoS
80,82746878,8,5,56,11607,7.0,2321.4,140.9479159,0.157105625,DDoS
80,803659,3,5,26,11607,8.666666667,2321.4,14475.04476,9.954470739,DDoS
80,8102882,4,0,24,0,6.0,0.0,2.961909108,0.493651518,DDoS
80,8962769,4,0,24,0,6.0,0.0,2.677743898,0.44629065,DDoS
80,171653,3,5,26,11601,8.666666667,2320.2,67735.48962,46.6056521,DDoS
80,2018962,4,0,24,0,6.0,0.0,11.88729654,1.98121609,DDoS
80,6683844,4,0,24,0,6.0,0.0,3.590748079,0.598458013,DDoS
80,80238241,8,5,56,11607,7.0,2321.4,145.3546321,0.16201751,DDoS
80,77023507,8,5,56,11607,7.0,2321.4,151.4213057,0.168779643,DDoS
80,8724775,4,0,24,0,6.0,0.0,2.75078727,0.458464545,DDoS
80,482237,3,6,26,11607,8.666666667,1934.5,24122.99347,18.66302254,DDoS
80,3077438,4,0,24,0,6.0,0.0,7.798694888,1.299782481,DDoS
80,1368749,3,4,26,11601,8.666666667,2900.25,8494.618078,5.114158988,DDoS
80,100201165,8,4,56,11607,7.0,2901.75,116.3958523,0.119759087,DDoS
80,158270,3,5,26,11607,8.666666667,2321.4,73500.97934,50.5465344,DDoS
80,10077751,4,0,24,0,6.0,0.0,2.381483726,0.396913954,DDoS
80,1045800,3,4,26,11607,8.666666667,2901.75,11123.54179,6.693440428,DDoS
80,99104403,8,4,56,11601,7.0,2900.25,117.6234319,0.121084429,DDoS
80,60014,3,4,26,11601,8.666666667,2900.25,193738.1278,116.6394508,DDoS
80,1639053,3,6,26,11607,8.666666667,1934.5,7097.390993,5.490975582,DDoS
80,4875868,6,0,36,0,6.0,0.0,7.383300778,1.23055013,DDoS
80,161,2,1,12,6,6.0,6.0,111801.2422,18633.54037,DDoS
80,7470841,5,0,30,0,6.0,0.0,4.015612165,0.669268694,DDoS
80,1149813,3,7,26,11607,8.666666667,1658.142857,10117.29733,8.697066393,DDoS
80,2076965,5,0,30,0,6.0,0.0,14.44415289,2.407358814,DDoS
80,1862935,3,5,26,11607,8.666666667,2321.4,6244.447606,4.29429905,DDoS
80,1346970,4,0,24,0,6.0,0.0,17.81776877,2.969628128,DDoS
80,5211885,4,0,24,0,6.0,0.0,4.604859854,0.767476642,DDoS
80,300034,5,0,30,0,6.0,0.0,99.98866795,16.66477799,DDoS
80,8032160,8,4,56,11607,7.0,2901.75,1452.037808,1.493994144,DDoS
80,698145,3,5,26,11601,8.666666667,2320.2,16654.13345,11.45893761,DDoS
80,749550,3,5,26,11607,8.666666667,2321.4,15519.97865,10.67307051,DDoS
80,1665953,4,0,24,0,6.0,0.0,14.40616872,2.40102812,DDoS
80,1770718,3,6,26,11607,8.666666667,1934.5,6569.651407,5.082683973,DDoS
80,512246,3,5,26,11601,8.666666667,2320.2,22698.07866,15.61749628,DDoS
80,8057711,4,0,24,0,6.0,0.0,2.978513377,0.496418896,DDoS
80,51367,3,5,26,11601,8.666666667,2320.2,226351.5487,155.7420134,DDoS
80,1402911,3,5,26,11607,8.666666667,2321.4,8292.044185,5.702428736,DDoS
80,97907323,8,4,56,11607,7.0,2901.75,119.1228566,0.122564887,DDoS
80,810361,3,4,26,11601,8.666666667,2900.25,14347.92642,8.638125477,DDoS
80,5331867,5,0,30,0,6.0,0.0,5.626546949,0.937757825,DDoS
80,764348,3,6,26,11607,8.666666667,1934.5,15219.50734,11.77474135,DDoS
80,71344584,8,4,56,11601,7.0,2900.25,163.390118,0.168197771,DDoS
80,696484,3,5,26,11607,8.666666667,2321.4,16702.46553,11.4862653,DDoS
80,1176537,3,5,26,11601,8.666666667,2320.2,9882.392139,6.799616162,DDoS
80,77029955,8,5,56,11607,7.0,2321.4,151.4086306,0.168765515,DDoS
80,6209758,4,0,24,0,6.0,0.0,3.864884912,0.644147485,DDoS
80,175681,3,6,26,11607,8.666666667,1934.5,66216.60851,51.22921659,DDoS
80,53692,3,5,26,11607,8.666666667,2321.4,216661.7001,148.9979885,DDoS
80,127781,3,5,26,11607,8.666666667,2321.4,91038.57381,62.60711686,DDoS
80,293175,3,4,26,11607,8.666666667,2901.75,39679.37239,23.87652426,DDoS
80,3081950,4,0,24,0,6.0,0.0,7.787277535,1.297879589,DDoS
80,990551,3,6,26,11601,8.666666667,1933.5,11737.91153,9.085852218,DDoS
80,96947485,8,4,56,11607,7.0,2901.75,120.302244,0.123778353,DDoS
80,1396206,3,6,26,11607,8.666666667,1934.5,8331.865069,6.446040198,DDoS
80,9050819,5,0,30,0,6.0,0.0,3.314617163,0.552436194,DDoS
80,1421314,3,6,26,11607,8.666666667,1934.5,8184.67981,6.332168683,DDoS
80,89399711,8,5,56,11607,7.0,2321.4,130.4590347,0.14541434,DDoS
80,1900988,6,0,36,0,6.0,0.0,18.93752091,3.156253485,DDoS
80,1666658,3,4,26,11601,8.666666667,2900.25,6976.236276,4.20002184,DDoS
80,7844810,5,0,30,0,6.0,0.0,3.824184397,0.637364066,DDoS
80,250042,3,5,26,11601,8.666666667,2320.2,46500.18797,31.9946249,DDoS
80,672241,3,4,26,11601,8.666666667,2900.25,17295.8805,10.41293227,DDoS
80,11129677,6,0,36,0,6.0,0.0,3.234595218,0.539099203,DDoS
80,910418,3,5,26,11607,8.666666667,2321.4,12777.64719,8.787172486,DDoS
80,637495,3,6,26,11607,8.666666667,1934.5,18247.98626,14.11775779,DDoS
80,4089941,5,0,30,0,6.0,0.0,7.335069137,1.222511523,DDoS
80,93817,3,5,26,11607,8.666666667,2321.4,123996.717,85.272392,DDoS
80,2642006,5,0,30,0,6.0,0.0,11.35500828,1.89250138,DDoS
80,38915,3,7,26,11601,8.666666667,1657.285714,298779.391,256.9703199,DDoS
80,1849292,3,6,26,11607,8.666666667,1934.5,6290.515505,4.866727375,DDoS
80,1607019,3,6,26,11601,8.666666667,1933.5,7235.135366,5.600431607,DDoS
80,73896588,8,5,56,11601,7.0,2320.2,157.7474727,0.175921519,DDoS
80,7091853,5,0,30,0,6.0,0.0,4.230206125,0.705034354,DDoS
80,3022356,4,0,24,0,6.0,0.0,7.940824972,1.323470829,DDoS
80,115154,3,5,26,11601,8.666666667,2320.2,100969.137,69.47218507,DDoS
80,8133532,4,0,24,0,6.0,0.0,2.950747596,0.491791266,DDoS
80,1838591,3,6,26,11607,8.666666667,1934.5,6327.127675,4.895052788,DDoS
80,1164345,3,4,26,11601,8.666666667,2900.25,9985.871885,6.011963808,DDoS
80,51158,3,4,26,11607,8.666666667,2901.75,227393.565,136.8309942,DDoS
80,72030665,9,5,62,11601,6.888888889,2320.2,161.9171501,0.194361665,DDoS
80,1792966,3,6,26,11607,8.666666667,1934.5,6488.131956,5.019615542,DDoS
80,82830957,8,6,56,11607,7.0,1934.5,140.8048443,0.169018933,DDoS
80,7935776,4,0,24,0,6.0,0.0,3.024278911,0.504046485,DDoS
80,80940539,8,5,56,11607,7.0,2321.4,144.0934314,0.16061173,DDoS
80,47230,3,6,26,11601,8.666666667,1933.5,246178.2765,190.5568495,DDoS
80,1731994,3,4,26,11607,8.666666667,2901.75,6716.53597,4.04158444,DDoS
80,10207142,4,0,24,0,6.0,0.0,2.351294809,0.391882468,DDoS
80,3004886,5,0,30,0,6.0,0.0,9.983739816,1.663956636,DDoS
80,9614761,4,0,24,0,6.0,0.0,2.496161891,0.416026982,DDoS
80,10135733,5,0,30,0,6.0,0.0,2.959825402,0.493304234,DDoS
80,10407781,5,0,30,0,6.0,0.0,2.882458807,0.480409801,DDoS
80,98561980,8,4,56,11601,7.0,2900.25,118.2707571,0.121750801,DDoS
80,1250562,3,6,26,11607,8.666666667,1934.5,9302.217723,7.196764335,DDoS
80,6053860,4,0,24,0,6.0,0.0,3.964412788,0.660735465,DDoS
80,338823,3,5,26,11607,8.666666667,2321.4,34333.56059,23.611148,DDoS
80,530049,3,6,26,11607,8.666666667,1934.5,21947.02754,16.97956227,DDoS
80,1610961,4,0,24,0,6.0,0.0,14.8979398,2.482989967,DDoS
80,7688096,4,0,24,0,6.0,0.0,3.121709198,0.520284866,DDoS
80,6024834,5,0,30,0,6.0,0.0,4.979390304,0.829898384,DDoS
80,6130840,5,0,30,0,6.0,0.0,4.893293578,0.81554893,DDoS
80,3275699,2,0,12,0,6.0,0.0,3.663340252,0.610556709,DDoS
80,96705385,8,6,56,11601,7.0,1933.5,120.5413742,0.144769601,DDoS
80,1834145,3,5,26,11601,8.666666667,2320.2,6339.193466,4.361705318,DDoS
80,1832984,3,6,26,11601,8.666666667,1933.5,6343.20867,4.910026492,DDoS
80,102301761,8,6,56,11601,7.0,1933.5,113.9472076,0.136850039,DDoS
80,4853020,4,0,24,0,6.0,0.0,4.945374221,0.824229037,DDoS
80,92618319,8,5,56,11607,7.0,2321.4,125.9254122,0.140361001,DDoS
80,12056657,4,0,24,0,6.0,0.0,1.990601541,0.331766923,DDoS
80,8138037,4,0,24,0,6.0,0.0,2.949114141,0.491519024,DDoS
80,1733994,4,0,24,0,6.0,0.0,13.84087834,2.306813057,DDoS
80,6313943,5,0,30,0,6.0,0.0,4.751389108,0.791898185,DDoS
80,70587,3,5,26,11601,8.666666667,2320.2,164718.7159,113.3353167,DDoS
80,4733889,5,0,30,0,6.0,0.0,6.337284208,1.056214035,DDoS
80,79198942,8,5,56,11601,7.0,2320.2,147.1863096,0.164143607,DDoS
80,817456,3,4,26,11607,8.666666667,2901.75,14230.73535,8.563152023,DDoS
80,932321,2,7,20,11601,10.0,1657.285714,12464.59106,9.653327556,DDoS
80,1257624,3,5,26,11607,8.666666667,2321.4,9249.982507,6.361201758,DDoS
80,930476,3,6,26,11607,8.666666667,1934.5,12502.20317,9.672468715,DDoS
80,7646826,4,0,24,0,6.0,0.0,3.138557095,0.523092849,DDoS
80,4114661,4,0,24,0,6.0,0.0,5.832801293,0.972133549,DDoS
80,91524565,8,6,56,11607,7.0,1934.5,127.4302697,0.152964398,DDoS
80,249857,3,6,26,11607,8.666666667,1934.5,46558.63154,36.02060379,DDoS
80,817237,3,6,26,11601,8.666666667,1933.5,14227.20704,11.01271724,DDoS
80,1014294,3,6,26,11607,8.666666667,1934.5,11469.06124,8.873166952,DDoS
80,1209089,5,0,30,0,6.0,0.0,24.81206925,4.135344875,DDoS
80,9933713,5,0,30,0,6.0,0.0,3.020018799,0.503336466,DDoS
80,65268,3,6,26,11601,8.666666667,1933.5,178142.4281,137.892995,DDoS
80,2037950,5,0,30,0,6.0,0.0,14.72067519,2.453445865,DDoS
80,4163283,4,0,24,0,6.0,0.0,5.764681382,0.96078023,DDoS
80,97000477,8,4,56,11607,7.0,2901.75,120.2365221,0.123710732,DDoS
80,5877892,5,0,30,0,6.0,0.0,5.103870571,0.850645095,DDoS
80,1607289,3,4,26,11601,8.666666667,2900.25,7233.919973,4.355159526,DDoS
80,10121755,5,0,30,0,6.0,0.0,2.963912879,0.49398548,DDoS
80,2190984,5,0,30,0,6.0,0.0,13.6924779,2.28207965,DDoS
80,224182,3,6,26,11601,8.666666667,1933.5,51864.11041,40.14595284,DDoS
80,71280242,9,4,62,11601,6.888888889,2900.25,163.6217789,0.18237873,DDoS
80,97852061,8,7,56,11601,7.0,1657.285714,119.1288143,0.153292632,DDoS
80,576344,3,6,26,11607,8.666666667,1934.5,20184.12615,15.61567397,DDoS
80,1798902,3,5,26,11607,8.666666667,2321.4,6466.722478,4.44715721,DDoS
80,90813903,8,5,56,11601,7.0,2320.2,128.361403,0.143149888,DDoS
80,8261031,7,5,50,11607,7.142857143,2321.4,1411.082951,1.452603192,DDoS
80,631324,2,5,20,11607,10.0,2321.4,18416.85094,11.08780911,DDoS
80,21470,3,6,26,11601,8.666666667,1933.5,541546.3437,419.1895668,DDoS
80,786335,3,5,26,11607,8.666666667,2321.4,14793.94914,10.17378089,DDoS
80,4114451,4,0,24,0,6.0,0.0,5.833098997,0.972183166,DDoS
80,100343734,8,6,56,11601,7.0,1933.5,116.1706819,0.139520421,DDoS
80,10533899,4,0,24,0,6.0,0.0,2.278358659,0.379726443,DDoS
80,3563005,4,0,24,0,6.0,0.0,6.735887264,1.122647877,DDoS
80,8295140,5,0,30,0,6.0,0.0,3.616575489,0.602762581,DDoS
80,80275854,8,5,56,11601,7.0,2320.2,145.2117844,0.161941597,DDoS
80,2093132,5,0,30,0,6.0,0.0,14.33258868,2.388764779,DDoS
80,454590,3,5,26,11607,8.666666667,2321.4,25590.09217,17.59827537,DDoS
80,10060375,4,0,24,0,6.0,0.0,2.385596958,0.397599493,DDoS
80,1678599,3,5,26,11607,8.666666667,2321.4,6930.18404,4.765879165,DDoS
80,11794740,4,0,24,0,6.0,0.0,2.034805345,0.339134224,DDoS
80,99528364,8,6,56,11607,7.0,1934.5,117.1826757,0.140663419,DDoS
80,8022815,4,0,24,0,6.0,0.0,2.991468705,0.498578118,DDoS
80,2264128,5,0,30,0,6.0,0.0,13.25013427,2.208355711,DDoS
80,6759970,4,0,24,0,6.0,0.0,3.550311614,0.591718602,DDoS
80,1132759,3,7,26,11607,8.666666667,1658.142857,10269.61604,8.828003132,DDoS
80,176251,3,5,26,11607,8.666666667,2321.4,66002.4624,45.38981339,DDoS
80,544772,3,6,26,11607,8.666666667,1934.5,21353.8875,16.52067287,DDoS
80,855074,5,0,30,0,6.0,0.0,35.08468273,5.847447122,DDoS
80,88693352,8,6,56,11601,7.0,1933.5,131.4303692,0.157847231,DDoS
80,80592970,8,4,56,11607,7.0,2901.75,144.7148554,0.148896362,DDoS
80,5391892,5,0,30,0,6.0,0.0,5.563909663,0.927318277,DDoS
80,9519744,5,0,30,0,6.0,0.0,3.151345246,0.525224208,DDoS
80,1061955,4,0,24,0,6.0,0.0,22.59982768,3.766637946,DDoS
80,7493792,4,0,24,0,6.0,0.0,3.202650941,0.533775157,DDoS
80,166369,3,4,26,11607,8.666666667,2901.75,69922.88227,42.07514621,DDoS
80,1262399,3,5,26,11601,8.666666667,2320.2,9210.24177,6.337140635,DDoS
80,82669611,8,5,56,11601,7.0,2320.2,141.0070745,0.157252464,DDoS
80,5486911,5,0,30,0,6.0,0.0,5.467557247,0.911259541,DDoS
80,81245397,8,5,56,11607,7.0,2321.4,143.552748,0.160009065,DDoS
80,93950061,8,5,56,11601,7.0,2320.2,124.0765559,0.138371384,DDoS
80,82155788,8,5,56,11607,7.0,2321.4,141.9620003,0.15823596,DDoS
80,463869,3,6,26,11607,8.666666667,1934.5,25078.20096,19.40202945,DDoS
80,1339279,3,5,26,11607,8.666666667,2321.4,8686.016879,5.97336328,DDoS
80,8191798,4,0,24,0,6.0,0.0,2.929759743,0.48829329,DDoS
80,41730,3,5,26,11601,8.666666667,2320.2,278624.4908,191.7086029,DDoS
80,1886422,3,6,26,11607,8.666666667,1934.5,6166.70077,4.770936726,DDoS
80,2046939,5,0,30,0,6.0,0.0,14.6560303,2.442671716,DDoS
80,102095009,8,6,56,11607,7.0,1934.5,114.2367302,0.137127173,DDoS
80,81744925,8,4,56,11601,7.0,2900.25,142.6021248,0.146798104,DDoS
80,10292763,5,0,30,0,6.0,0.0,2.914669268,0.485778211,DDoS
80,6254817,4,0,24,0,6.0,0.0,3.837042714,0.639507119,DDoS
80,1782428,3,5,26,11601,8.666666667,2320.2,6523.124637,4.488259834,DDoS
80,208958,3,5,26,11607,8.666666667,2321.4,55671.47465,38.28520564,DDoS
80,754283,3,5,26,11607,8.666666667,2321.4,15422.59338,10.60609877,DDoS
80,12073729,5,0,30,0,6.0,0.0,2.48473359,0.414122265,DDoS
80,6051829,5,0,30,0,6.0,0.0,4.957179061,0.82619651,DDoS
80,391228,3,5,26,11601,8.666666667,2320.2,29719.243,20.44843416,DDoS
80,12163706,5,0,30,0,6.0,0.0,2.466353593,0.411058932,DDoS
80,10100728,5,0,30,0,6.0,0.0,2.970082948,0.495013825,DDoS
80,2706958,5,0,30,0,6.0,0.0,11.08255097,1.847091828,DDoS
80,10167780,4,0,24,0,6.0,0.0,2.360397255,0.393399542,DDoS
80,3127804,4,0,24,0,6.0,0.0,7.673115067,1.278852511,DDoS
80,445291,3,5,26,11607,8.666666667,2321.4,26124.48938,17.96577968,DDoS
80,35614,3,5,26,11601,8.666666667,2320.2,326472.7354,224.6307632,DDoS
80,81651357,8,5,56,11607,7.0,2321.4,142.8390223,0.15921352,DDoS
80,391364,3,5,26,11601,8.666666667,2320.2,29708.91549,20.44132828,DDoS
80,71553,3,4,26,11601,8.666666667,2900.25,162494.9338,97.82958087,DDoS
80,2569938,4,0,24,0,6.0,0.0,9.338746694,1.556457782,DDoS
80,9114459,7,5,50,11607,7.142857143,2321.4,1278.956875,1.316589388,DDoS
80,46288,3,4,26,11601,8.666666667,2900.25,251188.2129,151.2270999,DDoS
80,977347,3,6,26,11601,8.666666667,1933.5,11896.49122,9.208602472,DDoS
80,111640,3,6,26,11607,8.666666667,1934.5,104201.0032,80.61626657,DDoS
80,693751,3,6,26,11607,8.666666667,1934.5,16768.26412,12.97295427,DDoS
80,37,3,1,18,1375,6.0,1375.0,37600000.0,108108.1081,DDoS
80,773905,3,5,26,11601,8.666666667,2320.2,15023.80783,10.33718609,DDoS
80,172996,3,4,26,11601,8.666666667,2900.25,67209.64647,40.46336331,DDoS
80,77458473,8,4,56,11607,7.0,2901.75,150.5710034,0.154921722,DDoS
80,3917944,5,0,30,0,6.0,0.0,7.657077283,1.276179547,DDoS
80,8109789,5,0,30,0,6.0,0.0,3.699233112,0.616538852,DDoS
80,50848,3,7,26,11601,8.666666667,1657.285714,228661.8943,196.6645689,DDoS
80,99329784,8,5,56,11607,7.0,2321.4,117.4169472,0.13087716,DDoS
80,731070,3,5,26,11601,8.666666667,2320.2,15904.08579,10.94286457,DDoS
80,3429510,5,0,30,0,6.0,0.0,8.747605343,1.457934224,DDoS
80,217007,3,4,26,11607,8.666666667,2901.75,53606.56569,32.25702397,DDoS
80,75015201,8,6,56,11607,7.0,1934.5,155.475155,0.186628841,DDoS
80,1494890,3,6,26,11607,8.666666667,1934.5,7781.84348,6.02050987,DDoS
80,860487,4,0,24,0,6.0,0.0,27.89118255,4.648530425,DDoS
80,867956,3,5,26,11607,8.666666667,2321.4,13402.75313,9.217057086,DDoS
80,23988,3,5,26,11601,8.666666667,2320.2,484700.6837,333.5000834,DDoS
80,5194874,4,0,24,0,6.0,0.0,4.619938809,0.769989801,DDoS
80,6915872,6,0,36,0,6.0,0.0,5.205417336,0.867569556,DDoS
80,5550865,4,0,24,0,6.0,0.0,4.323650458,0.72060841,DDoS
80,228487,5,0,30,0,6.0,0.0,131.2984984,21.88308306,DDoS
80,58685,3,5,26,11601,8.666666667,2320.2,198125.5858,136.321036,DDoS
80,138582,3,6,26,11607,8.666666667,1934.5,83943.08063,64.94349916,DDoS
80,218928,3,4,26,11601,8.666666667,2900.25,53108.78462,31.97398231,DDoS
80,104269,3,7,26,11601,8.666666667,1657.285714,111509.6529,95.90578216,DDoS
80,799420,4,0,24,0,6.0,0.0,30.02176578,5.00362763,DDoS
80,1326390,3,6,26,11607,8.666666667,1934.5,8770.421972,6.78533463,DDoS
80,97782529,9,5,62,11607,6.888888889,2321.4,119.3362467,0.143174861,DDoS
80,801170,3,5,26,11601,8.666666667,2320.2,14512.52543,9.985396358,DDoS
80,669454,3,4,26,11607,8.666666667,2901.75,17376.8474,10.45628228,DDoS
80,726236,3,8,26,11601,8.666666667,1450.125,16009.94718,15.14659147,DDoS
80,62620,3,4,26,11601,8.666666667,2900.25,185675.503,111.7853721,DDoS
80,4540307,5,0,30,0,6.0,0.0,6.60748271,1.101247118,DDoS
80,8047850,5,0,30,0,6.0,0.0,3.727703672,0.621283945,DDoS
80,30138,3,5,26,11601,8.666666667,2320.2,385792.0234,265.4456168,DDoS
80,3080080,4,0,24,0,6.0,0.0,7.792005402,1.298667567,DDoS
80,54439,3,5,26,11601,8.666666667,2320.2,213578.5007,146.9534709,DDoS
80,8052853,4,0,24,0,6.0,0.0,2.980310208,0.496718368,DDoS
80,43127,3,4,26,11601,8.666666667,2900.25,269599.0911,162.3113131,DDoS
80,8046824,5,0,30,0,6.0,0.0,3.728178968,0.621363161,DDoS
80,8554003,4,0,24,0,6.0,0.0,2.805703949,0.467617325,DDoS
80,1042127,3,6,26,11607,8.666666667,1934.5,11162.74696,8.636183498,DDoS
80,80996643,8,4,56,11601,7.0,2900.25,143.9195449,0.148154288,DDoS
80,2120956,5,0,30,0,6.0,0.0,14.144565,2.3574275,DDoS
80,8031833,5,0,30,0,6.0,0.0,3.735137421,0.622522904,DDoS
80,687762,3,5,26,11607,8.666666667,2321.4,16914.28139,11.63193081,DDoS
80,860100,3,4,26,11601,8.666666667,2900.25,13518.19556,8.138588536,DDoS
80,1993976,5,0,30,0,6.0,0.0,15.04531649,2.507552749,DDoS
80,77009057,9,5,62,11601,6.888888889,2320.2,151.4497184,0.181796798,DDoS
80,87341,3,7,26,11607,8.666666667,1658.142857,133190.5978,114.4937658,DDoS
80,95898851,8,6,56,11601,7.0,1933.5,121.5551582,0.145987151,DDoS
80,22669,3,5,26,11607,8.666666667,2321.4,513167.7621,352.904848,DDoS
80,18456,3,6,26,11601,8.666666667,1933.5,629984.8288,487.6462939,DDoS
80,758773,3,4,26,11601,8.666666667,2900.25,15323.42347,9.225420514,DDoS
80,70015,5,0,30,0,6.0,0.0,428.4796115,71.41326859,DDoS
80,11371798,5,0,30,0,6.0,0.0,2.638105249,0.439684208,DDoS
80,51504,3,4,26,11601,8.666666667,2900.25,225749.4564,135.9117738,DDoS
80,35962,2,4,20,11601,10.0,2900.25,323146.6548,166.8427785,DDoS
80,104873,5,0,30,0,6.0,0.0,286.0602824,47.67671374,DDoS
80,1781290,3,5,26,11607,8.666666667,2321.4,6530.660364,4.491127217,DDoS
80,72870550,8,6,56,11607,7.0,1934.5,160.0509396,0.192121509,DDoS
80,9781544,5,0,30,0,6.0,0.0,3.067000465,0.511166744,DDoS
80,3409934,5,0,30,0,6.0,0.0,8.797824239,1.46630404,DDoS
80,89422344,8,5,56,11601,7.0,2320.2,130.3589179,0.145377536,DDoS
80,27778,3,5,26,11607,8.666666667,2321.4,418784.6497,287.997696,DDoS
80,120393,3,4,26,11607,8.666666667,2901.75,96625.21907,58.14291529,DDoS
80,81810531,8,6,56,11607,7.0,1934.5,142.5611087,0.171127113,DDoS
80,72274985,8,5,56,11601,7.0,2320.2,161.2867855,0.179868595,DDoS
80,78815309,8,4,56,11601,7.0,2900.25,147.902738,0.152254684,DDoS
80,4778977,4,0,24,0,6.0,0.0,5.021995293,0.836999216,DDoS
80,506556,4,0,24,0,6.0,0.0,47.37876957,7.896461596,DDoS
80,8024801,5,0,30,0,6.0,0.0,3.73841046,0.62306841,DDoS
80,3321547,5,0,30,0,6.0,0.0,9.031936023,1.50532267,DDoS
80,18592,3,5,26,11601,8.666666667,2320.2,625376.506,430.292599,DDoS
80,9322744,5,0,30,0,6.0,0.0,3.217936693,0.536322782,DDoS
80,804250,3,4,26,11601,8.666666667,2900.25,14456.94747,8.703761268,DDoS
80,81987517,8,4,56,11601,7.0,2900.25,142.1801809,0.146363745,DDoS
80,673563,3,5,26,11607,8.666666667,2321.4,17270.84178,11.87713696,DDoS
80,3964917,5,0,30,0,6.0,0.0,7.566362675,1.261060446,DDoS
80,1601166,5,0,30,0,6.0,0.0,18.73634589,3.122724315,DDoS
80,8696965,4,0,24,0,6.0,0.0,2.759583372,0.459930562,DDoS
80,64946,5,0,30,0,6.0,0.0,461.9222123,76.98703538,DDoS
80,6092798,5,0,30,0,6.0,0.0,4.923846154,0.820641026,DDoS
80,11481729,4,0,24,0,6.0,0.0,2.090277518,0.348379586,DDoS
80,1064011,5,0,30,0,6.0,0.0,28.19519723,4.699199538,DDoS
80,9708724,4,0,24,0,6.0,0.0,2.47200353,0.412000588,DDoS
80,98377751,8,5,56,11601,7.0,2320.2,118.4922392,0.1321437,DDoS
80,5419047,4,0,24,0,6.0,0.0,4.428823002,0.738137167,DDoS
80,71061537,8,5,56,11607,7.0,2321.4,164.1253552,0.182940034,DDoS
80,3097931,5,0,30,0,6.0,0.0,9.683882565,1.613980428,DDoS
80,666478,3,5,26,11607,8.666666667,2321.4,17454.43961,12.00339696,DDoS
80,23193,3,6,26,11601,8.666666667,1933.5,501315.052,388.048118,DDoS
80,1490683,3,4,26,11607,8.666666667,2901.75,7803.80537,4.695834057,DDoS
80,1259514,3,6,26,11607,8.666666667,1934.5,9236.102179,7.145613308,DDoS
80,11809696,4,0,24,0,6.0,0.0,2.032228433,0.338704739,DDoS
80,1448462,3,7,26,11601,8.666666667,1657.285714,8027.134989,6.903874592,DDoS
80,30170,3,5,26,11607,8.666666667,2321.4,385581.7037,265.1640703,DDoS
80,22268373,4,0,24,0,6.0,0.0,1.077761721,0.179626953,DDoS
80,832193,3,6,26,11601,8.666666667,1933.5,13971.51863,10.81479897,DDoS
80,1765280,3,4,26,11601,8.666666667,2900.25,6586.490528,3.965376597,DDoS
80,72996,3,4,26,11601,8.666666667,2900.25,159282.7004,95.89566552,DDoS
80,91346867,8,5,56,11607,7.0,2321.4,127.6781611,0.142314678,DDoS
80,97722725,8,5,56,11607,7.0,2321.4,119.3478794,0.133029446,DDoS
80,10963785,4,0,24,0,6.0,0.0,2.189025049,0.364837508,DDoS
80,1810967,3,5,26,11601,8.666666667,2320.2,6420.32682,4.417529419,DDoS
80,9219760,4,0,24,0,6.0,0.0,2.603104636,0.433850773,DDoS
80,78454706,8,6,56,11601,7.0,1933.5,148.5825465,0.178446912,DDoS
80,15081,3,6,26,11601,8.666666667,1933.5,770970.0948,596.777402,DDoS
80,63618,3,5,26,11607,8.666666667,2321.4,182857.053,125.7505737,DDoS
80,114054,3,6,26,11601,8.666666667,1933.5,101942.9393,78.90999,DDoS
80,1763478,3,4,26,11601,8.666666667,2900.25,6593.220896,3.969428595,DDoS
80,112535,3,6,26,11601,8.666666667,1933.5,103318.9674,79.97511885,DDoS
80,88604984,9,4,62,11607,6.888888889,2901.75,131.6968806,0.146718609,DDoS
80,11780785,5,0,30,0,6.0,0.0,2.546519608,0.424419935,DDoS
80,8257988,4,0,24,0,6.0,0.0,2.906276928,0.484379488,DDoS
80,7636832,4,0,24,0,6.0,0.0,3.142664393,0.523777399,DDoS
80,3794233,4,0,24,0,6.0,0.0,6.325389084,1.054231514,DDoS
80,858018,5,0,30,0,6.0,0.0,34.96430145,5.827383575,DDoS
80,8042773,5,0,30,0,6.0,0.0,3.730056785,0.621676131,DDoS
80,200256,3,6,26,11601,8.666666667,1933.5,58060.68233,44.94247363,DDoS
80,78465425,8,4,56,11601,7.0,2900.25,148.5622489,0.152933601,DDoS
80,763816,3,6,26,11607,8.666666667,1934.5,15230.10777,11.78294249,DDoS
80,81277824,8,5,56,11607,7.0,2321.4,143.4954755,0.159945227,DDoS
80,60382,3,4,26,11601,8.666666667,2900.25,192557.3847,115.928588,DDoS
80,10256710,4,0,24,0,6.0,0.0,2.339931615,0.389988603,DDoS
80,967401,3,5,26,11607,8.666666667,2321.4,12025.00308,8.26958004,DDoS
80,89258057,9,5,62,11607,6.888888889,2321.4,130.7332962,0.156848586,DDoS
80,5372797,4,0,24,0,6.0,0.0,4.466947104,0.744491184,DDoS
80,578680,3,6,26,11607,8.666666667,1934.5,20102.6474,15.55263704,DDoS
80,10323692,5,0,30,0,6.0,0.0,2.90593714,0.484322857,DDoS
80,9382753,5,0,30,0,6.0,0.0,3.197355829,0.532892638,DDoS
80,311573,3,5,26,11607,8.666666667,2321.4,37336.35456,25.67616578,DDoS
80,81014765,8,6,56,11607,7.0,1934.5,143.9614125,0.172808006,DDoS
80,32595,3,6,26,11601,8.666666667,1933.5,356711.152,276.1159687,DDoS
80,127017,4,2,32,6,8.0,3.0,299.1725517,47.23777132,DDoS
80,62852,3,4,26,11601,8.666666667,2900.25,184990.1356,111.3727487,DDoS
80,79197737,8,4,56,11607,7.0,2901.75,147.2643088,0.151519481,DDoS
80,81919644,9,6,62,11607,6.888888889,1934.5,142.4444667,0.183106264,DDoS
80,8761858,4,0,24,0,6.0,0.0,2.739145053,0.456524176,DDoS
80,26101,3,7,26,11601,8.666666667,1657.285714,445461.8597,383.1270833,DDoS
80,76842849,8,7,56,11601,7.0,1657.285714,151.6992167,0.19520359,DDoS
80,1287278,3,6,26,11607,8.666666667,1934.5,9036.898013,6.991496786,DDoS
80,168055,5,0,30,0,6.0,0.0,178.5129868,29.75216447,DDoS
80,654619,3,6,26,11607,8.666666667,1934.5,17770.64216,13.74845521,DDoS
80,2084972,4,0,24,0,6.0,0.0,11.51094595,1.918490992,DDoS
80,1827649,3,6,26,11601,8.666666667,1933.5,6361.724817,4.924359108,DDoS
80,1208182,3,4,26,11607,8.666666667,2901.75,9628.516233,5.793829075,DDoS
80,99917420,8,5,56,11601,7.0,2320.2,116.6663431,0.130107443,DDoS
80,1839066,3,5,26,11607,8.666666667,2321.4,6325.493484,4.350034202,DDoS
80,1529645,3,6,26,11607,8.666666667,1934.5,7605.03254,5.883718118,DDoS
80,97912702,8,5,56,11607,7.0,2321.4,119.1163124,0.132771333,DDoS
80,1261935,3,6,26,11601,8.666666667,1933.5,9213.628277,7.131904575,DDoS
80,11250933,5,0,30,0,6.0,0.0,2.666445529,0.444407588,DDoS
80,1134582,3,6,26,11601,8.666666667,1933.5,10247.82695,7.932436792,DDoS
80,1766590,3,5,26,11607,8.666666667,2321.4,6585.002745,4.528498407,DDoS
80,785252,3,6,26,11607,8.666666667,1934.5,14814.35259,11.46128886,DDoS
80,982092,3,5,26,11607,8.666666667,2321.4,11845.12245,8.145876354,DDoS
80,969158,3,6,26,11601,8.666666667,1933.5,11997.01184,9.286411504,DDoS
80,91774688,8,4,56,11607,7.0,2901.75,127.0829709,0.130755007,DDoS
80,22551394,5,0,30,0,6.0,0.0,1.330294704,0.221715784,DDoS
80,36916,3,6,26,11607,8.666666667,1934.5,315120.8148,243.7967277,DDoS
80,100864987,8,5,56,11607,7.0,2321.4,115.6298171,0.12888516,DDoS
80,111760,3,4,26,11601,8.666666667,2900.25,104035.4331,62.63421618,DDoS
80,3397368,4,0,24,0,6.0,0.0,7.064292123,1.17738202,DDoS
80,33012,3,4,26,11601,8.666666667,2900.25,352205.2587,212.0441052,DDoS
80,77440,3,4,26,11601,8.666666667,2900.25,150142.0455,90.39256198,DDoS
80,1268959,3,4,26,11601,8.666666667,2900.25,9162.62858,5.516332679,DDoS
80,1943995,4,0,24,0,6.0,0.0,12.34571077,2.057618461,DDoS
80,85065,3,4,26,11607,8.666666667,2901.75,136754.2468,82.29001352,DDoS
80,474756,3,5,26,11601,8.666666667,2320.2,24490.47511,16.85076123,DDoS
80,9345322,5,0,30,0,6.0,0.0,3.210162261,0.535027043,DDoS
80,3988871,4,0,24,0,6.0,0.0,6.016740075,1.002790013,DDoS
10012,62,1,1,0,6,0.0,6.0,96774.19355,32258.06452,PortScan
1501,43,1,1,0,6,0.0,6.0,139534.8837,46511.62791,PortScan
3077,23,1,1,0,6,0.0,6.0,260869.5652,86956.52174,PortScan
16113,49,1,1,2,6,2.0,6.0,163265.3061,40816.32653,PortScan
3905,31,1,1,2,6,2.0,6.0,258064.5161,64516.12903,PortScan
873,36,1,1,2,6,2.0,6.0,222222.2222,55555.55556,PortScan
1095,49,1,1,2,6,2.0,6.0,163265.3061,40816.32653,PortScan
50389,48,1,1,2,6,2.0,6.0,166666.6667,41666.66667,PortScan
4550,54,1,1,2,6,2.0,6.0,148148.1481,37037.03704,PortScan
2043,76,1,1,0,6,0.0,6.0,78947.36842,26315.78947,PortScan
5666,54,1,1,0,6,0.0,6.0,111111.1111,37037.03704,PortScan
8290,27,1,1,2,6,2.0,6.0,296296.2963,74074.07407,PortScan
1063,44,1,1,0,6,0.0,6.0,136363.6364,45454.54545,PortScan
2040,42,1,1,2,6,2.0,6.0,190476.1905,47619.04762,PortScan
1971,38,1,1,0,6,0.0,6.0,157894.7368,52631.57895,PortScan
4662,16,1,1,2,6,2.0,6.0,500000.0,125000.0,PortScan
30,75,1,1,2,6,2.0,6.0,106666.6667,26666.66667,PortScan
25735,49,1,1,0,6,0.0,6.0,122448.9796,40816.32653,PortScan
15660,44,1,1,2,6,2.0,6.0,181818.1818,45454.54545,PortScan
7937,48,1,1,2,6,2.0,6.0,166666.6667,41666.66667,PortScan
25,129,1,1,0,6,0.0,6.0,46511.62791,15503.87597,PortScan
8649,55,1,1,0,6,0.0,6.0,109090.9091,36363.63636,PortScan
1186,43,1,1,2,6,2.0,6.0,186046.5116,46511.62791,PortScan
2144,57,1,1,0,6,0.0,6.0,105263.1579,35087.7193,PortScan
5922,45,1,1,0,6,0.0,6.0,133333.3333,44444.44444,PortScan
16012,53,1,1,0,6,0.0,6.0,113207.5472,37735.84906,PortScan
5102,85,1,1,2,6,2.0,6.0,94117.64706,23529.41176,PortScan
3971,95,1,1,2,6,2.0,6.0,84210.52632,21052.63158,PortScan
9929,52,1,1,0,6,0.0,6.0,115384.6154,38461.53846,PortScan
2522,48,1,1,0,6,0.0,6.0,125000.0,41666.66667,PortScan
1199,78,1,1,0,6,0.0,6.0,76923.07692,25641.02564,PortScan
3998,106,1,1,0,6,0.0,6.0,56603.77358,18867.92453,PortScan
5825,93,1,1,0,6,0.0,6.0,64516.12903,21505.37634,PortScan
10000,53,1,1,0,6,0.0,6.0,113207.5472,37735.84906,PortScan
9002,49,1,1,2,6,2.0,6.0,163265.3061,40816.32653,PortScan
32779,62,1,1,0,6,0.0,6.0,96774.19355,32258.06452,PortScan
9535,56,1,1,2,6,2.0,6.0,142857.1429,35714.28571,PortScan
587,66,1,1,0,6,0.0,6.0,90909.09091,30303.0303,PortScan
2068,51,1,1,0,6,0.0,6.0,117647.0588,39215.68627,PortScan
1066,55,1,1,2,6,2.0,6.0,145454.5455,36363.63636,PortScan
15003,7,1,1,0,6,0.0,6.0,857142.8571,285714.2857,PortScan
1108,98,1,1,0,6,0.0,6.0,61224.4898,20408.16327,PortScan
1096,75,1,1,2,6,2.0,6.0,106666.6667,26666.66667,PortScan
10566,71,1,1,0,6,0.0,6.0,84507.04225,28169.01408,PortScan
1033,19,1,1,0,6,0.0,6.0,315789.4737,105263.1579,PortScan
4279,81,1,1,0,6,0.0,6.0,74074.07407,24691.35802,PortScan
1065,75,1,1,0,6,0.0,6.0,80000.0,26666.66667,PortScan
10617,49,1,1,2,6,2.0,6.0,163265.3061,40816.32653,PortScan
1148,43,1,1,0,6,0.0,6.0,139534.8837,46511.62791,PortScan
1999,44,1,1,0,6,0.0,6.0,136363.6364,45454.54545,PortScan
1783,55,1,1,2,6,2.0,6.0,145454.5455,36363.63636,PortScan
25735,41,1,1,0,6,0.0,6.0,146341.4634,48780.4878,PortScan
2100,38,1,1,0,6,0.0,6.0,157894.7368,52631.57895,PortScan
6565,41,1,1,0,6,0.0,6.0,146341.4634,48780.4878,PortScan
1025,71,1,1,2,6,2.0,6.0,112676.0563,28169.01408,PortScan
9944,9,1,1,2,6,2.0,6.0,888888.8889,222222.2222,PortScan
10629,49,1,1,2,6,2.0,6.0,163265.3061,40816.32653,PortScan
18101,43,1,1,0,6,0.0,6.0,139534.8837,46511.62791,PortScan
49155,73,1,1,0,6,0.0,6.0,82191.78082,27397.26027,PortScan
9001,43,1,1,2,6,2.0,6.0,186046.5116,46511.62791,PortScan
3580,44,1,1,0,6,0.0,6.0,136363.6364,45454.54545,PortScan
1001,37,1,1,2,6,2.0,6.0,216216.2162,54054.05405,PortScan
100,207,1,1,0,6,0.0,6.0,28985.50725,9661.835749,PortScan
1192,98,1,1,0,6,0.0,6.0,61224.4898,20408.16327,PortScan
1721,47,1,1,0,6,0.0,6.0,127659.5745,42553.19149,PortScan
5431,45,1,1,0,6,0.0,6.0,133333.3333,44444.44444,PortScan
1027,44,1,1,0,6,0.0,6.0,136363.6364,45454.54545,PortScan
8008,43,1,1,0,6,0.0,6.0,139534.8837,46511.62791,PortScan
4567,81,1,1,2,6,2.0,6.0,98765.4321,24691.35802,PortScan
33354,44,1,1,0,6,0.0,6.0,136363.6364,45454.54545,PortScan
6059,41,1,1,0,6,0.0,6.0,146341.4634,48780.4878,PortScan
6389,8,1,1,0,6,0.0,6.0,750000.0,250000.0,PortScan
50800,21,1,1,2,6,2.0,6.0,380952.381,95238.09524,PortScan
1011,48,1,1,0,6,0.0,6.0,125000.0,41666.66667,PortScan
44442,56,1,1,2,6,2.0,6.0,142857.1429,35714.28571,PortScan
163,44,1,1,2,6,2.0,6.0,181818.1818,45454.54545,PortScan
1111,19,1,1,0,6,0.0,6.0,315789.4737,105263.1579,PortScan
11110,24,1,1,2,6,2.0,6.0,333333.3333,83333.33333,PortScan
765,63,1,1,2,6,2.0,6.0,126984.127,31746.03175,PortScan
64623,73,1,1,2,6,2.0,6.0,109589.0411,27397.26027,PortScan
1154,47,1,1,0,6,0.0,6.0,127659.5745,42553.19149,PortScan
4444,77,1,1,0,6,0.0,6.0,77922.07792,25974.02597,PortScan
425,53,1,1,2,6,2.0,6.0,150943.3962,37735.84906,PortScan
7676,76,1,1,0,6,0.0,6.0,78947.36842,26315.78947,PortScan
1068,38,1,1,0,6,0.0,6.0,157894.7368,52631.57895,PortScan
3322,42,1,1,0,6,0.0,6.0,142857.1429,47619.04762,PortScan
12265,32,1,1,0,6,0.0,6.0,187500.0,62500.0,PortScan
700,43,1,1,0,6,0.0,6.0,139534.8837,46511.62791,PortScan
2323,62,1,1,0,6,0.0,6.0,96774.19355,32258.06452,PortScan
2608,64,1,1,2,6,2.0,6.0,125000.0,31250.0,PortScan
1148,85,1,1,2,6,2.0,6.0,94117.64706,23529.41176,PortScan
40193,31,1,1,0,6,0.0,6.0,193548.3871,64516.12903,PortScan
1503,44,1,1,2,6,2.0,6.0,181818.1818,45454.54545,PortScan
1149,44,1,1,2,6,2.0,6.0,181818.1818,45454.54545,PortScan
9081,44,1,1,2,6,2.0,6.0,181818.1818,45454.54545,PortScan
25735,43,1,1,0,6,0.0,6.0,139534.8837,46511.62791,PortScan
8994,15,1,1,2,6,2.0,6.0,533333.3333,133333.3333,PortScan
15742,71,1,1,2,6,2.0,6.0,112676.0563,28169.01408,PortScan
7800,56,1,1,2,6,2.0,6.0,142857.1429,35714.28571,PortScan
1086,88,1,1,2,6,2.0,6.0,90909.09091,22727.27273,PortScan
898,49,1,1,2,6,2.0,6.0,163265.3061,40816.32653,PortScan
1092,74,1,1,2,6,2.0,6.0,108108.1081,27027.02703,PortScan
3827,24,1,1,0,6,0.0,6.0,250000.0,83333.33333,PortScan
1001,12,1,1,0,6,0.0,6.0,500000.0,166666.6667,PortScan
8008,43,1,1,0,6,0.0,6.0,139534.8837,46511.62791,PortScan
1035,64,1,1,0,6,0.0,6.0,93750.0,31250.0,PortScan
2800,40,1,1,2,6,2.0,6.0,200000.0,50000.0,PortScan
2301,44,1,1,2,6,2.0,6.0,181818.1818,45454.54545,PortScan
9876,39,1,1,0,6,0.0,6.0,153846.1538,51282.05128,PortScan
15002,32,1,1,2,6,2.0,6.0,250000.0,62500.0,PortScan
5222,69,1,1,2,6,2.0,6.0,115942.029,28985.50725,PortScan
1198,10,1,1,2,6,2.0,6.0,800000.0,200000.0,PortScan
3007,71,1,1,0,6,0.0,6.0,84507.04225,28169.01408,PortScan
5950,57,1,1,2,6,2.0,6.0,140350.8772,35087.7193,PortScan
2107,44,1,1,2,6,2.0,6.0,181818.1818,45454.54545,PortScan
2005,43,1,1,0,6,0.0,6.0,139534.8837,46511.62791,PortScan
5054,72,1,1,0,6,0.0,6.0,83333.33333,27777.77778,PortScan
5962,60,1,1,0,6,0.0,6.0,100000.0,33333.33333,PortScan
16016,55,1,1,2,6,2.0,6.0,145454.5455,36363.63636,PortScan
6580,60,1,1,2,6,2.0,6.0,133333.3333,33333.33333,PortScan
1216,59,1,1,0,6,0.0,6.0,101694.9153,33898.30508,PortScan
4129,73,1,1,2,6,2.0,6.0,109589.0411,27397.26027,PortScan
9,49,1,1,2,6,2.0,6.0,163265.3061,40816.32653,PortScan
85,43,1,1,2,6,2.0,6.0,186046.5116,46511.62791,PortScan
32775,43,1,1,2,6,2.0,6.0,186046.5116,46511.62791,PortScan
5988,49,1,1,0,6,0.0,6.0,122448.9796,40816.32653,PortScan
9595,23,1,1,0,6,0.0,6.0,260869.5652,86956.52174,PortScan
1998,7,1,1,2,6,2.0,6.0,1142857.143,285714.2857,PortScan
5962,43,1,1,0,6,0.0,6.0,139534.8837,46511.62791,PortScan
524,44,1,1,2,6,2.0,6.0,181818.1818,45454.54545,PortScan
4321,30,1,1,2,6,2.0,6.0,266666.6667,66666.66667,PortScan
16993,67,1,1,2,6,2.0,6.0,119402.9851,29850.74627,PortScan
8045,73,1,1,2,6,2.0,6.0,109589.0411,27397.26027,PortScan
1309,70,1,1,0,6,0.0,6.0,85714.28571,28571.42857,PortScan
2020,48,1,1,2,6,2.0,6.0,166666.6667,41666.66667,PortScan
5999,86,1,1,0,6,0.0,6.0,69767.44186,23255.81395,PortScan
4002,53,1,1,0,6,0.0,6.0,113207.5472,37735.84906,PortScan
1050,44,1,1,0,6,0.0,6.0,136363.6364,45454.54545,PortScan
2811,89,1,1,2,6,2.0,6.0,89887.64045,22471.91011,PortScan
2022,44,1,1,2,6,2.0,6.0,181818.1818,45454.54545,PortScan
2605,25,1,1,0,6,0.0,6.0,240000.0,80000.0,PortScan
7999,43,1,1,0,6,0.0,6.0,139534.8837,46511.62791,PortScan
161,58,1,1,2,6,2.0,6.0,137931.0345,34482.75862,PortScan
49999,49,1,1,0,6,0.0,6.0,122448.9796,40816.32653,PortScan
9666,45,1,1,2,6,2.0,6.0,177777.7778,44444.44444,PortScan
1163,44,1,1,0,6,0.0,6.0,136363.6364,45454.54545,PortScan
55600,64,1,1,0,6,0.0,6.0,93750.0,31250.0,PortScan
60443,49,1,1,0,6,0.0,6.0,122448.9796,40816.32653,PortScan
1024,44,1,1,0,6,0.0,6.0,136363.6364,45454.54545,PortScan
109,12,1,1,0,6,0.0,6.0,500000.0,166666.6667,PortScan
5405,47,1,1,0,6,0.0,6.0,127659.5745,42553.19149,PortScan
2910,49,1,1,0,6,0.0,6.0,122448.9796,40816.32653,PortScan
9099,42,1,1,0,6,0.0,6.0,142857.1429,47619.04762,PortScan
17877,44,1,1,2,6,2.0,6.0,181818.1818,45454.54545,PortScan
3690,55,1,1,0,6,0.0,6.0,109090.9091,36363.63636,PortScan
56737,1,1,1,2,6,2.0,6.0,8000000.0,2000000.0,PortScan
3476,17,1,1,0,6,0.0,6.0,352941.1765,117647.0588,PortScan
24800,68,1,1,0,6,0.0,6.0,88235.29412,29411.76471,PortScan
7911,63,1,1,2,6,2.0,6.0,126984.127,31746.03175,PortScan
27353,46,1,1,2,6,2.0,6.0,173913.0435,43478.26087,PortScan
1037,48,1,1,2,6,2.0,6.0,166666.6667,41666.66667,PortScan
783,72,1,1,2,6,2.0,6.0,111111.1111,27777.77778,PortScan
83,55,1,1,0,6,0.0,6.0,109090.9091,36363.63636,PortScan
8500,22,1,1,2,6,2.0,6.0,363636.3636,90909.09091,PortScan
3971,41,1,1,0,6,0.0,6.0,146341.4634,48780.4878,PortScan
1666,45,1,1,0,6,0.0,6.0,133333.3333,44444.44444,PortScan
199,102,1,1,0,6,0.0,6.0,58823.52941,19607.84314,PortScan
3703,91,1,1,0,6,0.0,6.0,65934.06593,21978.02198,PortScan
31038,84,1,1,2,6,2.0,6.0,95238.09524,23809.52381,PortScan
1998,48,1,1,2,6,2.0,6.0,166666.6667,41666.66667,PortScan
4550,19,1,1,0,6,0.0,6.0,315789.4737,105263.1579,PortScan
9878,37,1,1,0,6,0.0,6.0,162162.1622,54054.05405,PortScan
5051,34,1,1,2,6,2.0,6.0,235294.1176,58823.52941,PortScan
26,62,1,1,0,6,0.0,6.0,96774.19355,32258.06452,PortScan
3369,39,1,1,0,6,0.0,6.0,153846.1538,51282.05128,PortScan
10621,59,1,1,2,6,2.0,6.0,135593.2203,33898.30508,PortScan
6510,43,1,1,2,6,2.0,6.0,186046.5116,46511.62791,PortScan
18988,68,1,1,2,6,2.0,6.0,117647.0588,29411.76471,PortScan
1026,54,1,1,0,6,0.0,6.0,111111.1111,37037.03704,PortScan
2004,43,1,1,2,6,2.0,6.0,186046.5116,46511.62791,PortScan
5414,66,1,1,2,6,2.0,6.0,121212.1212,30303.0303,PortScan
2100,79,1,1,2,6,2.0,6.0,101265.8228,25316.4557,PortScan
24444,43,1,1,0,6,0.0,6.0,139534.8837,46511.62791,PortScan
8085,41,1,1,0,6,0.0,6.0,146341.4634,48780.4878,PortScan
555,88,1,1,2,6,2.0,6.0,90909.09091,22727.27273,PortScan
1059,65,1,1,0,6,0.0,6.0,92307.69231,30769.23077,PortScan
3986,44,1,1,2,6,2.0,6.0,181818.1818,45454.54545,PortScan
1000,67,1,1,0,6,0.0,6.0,89552.23881,29850.74627,PortScan
667,46,1,1,2,6,2.0,6.0,173913.0435,43478.26087,PortScan
3367,91,1,1,2,6,2.0,6.0,87912.08791,21978.02198,PortScan
2910,54,1,1,0,6,0.0,6.0,111111.1111,37037.03704,PortScan
49153,49,1,1,0,6,0.0,6.0,122448.9796,40816.32653,PortScan
18101,49,1,1,0,6,0.0,6.0,122448.9796,40816.32653,PortScan
146,6,1,1,0,6,0.0,6.0,1000000.0,333333.3333,PortScan
1093,92,1,1,0,6,0.0,6.0,65217.3913,21739.13043,PortScan
1147,90,1,1,2,6,2.0,6.0,88888.88889,22222.22222,PortScan
88,88,1,1,2,6,2.0,6.0,90909.09091,22727.27273,PortScan
6346,56,1,1,0,6,0.0,6.0,107142.8571,35714.28571,PortScan
5679,30,1,1,2,6,2.0,6.0,266666.6667,66666.66667,PortScan
163,51,1,1,0,6,0.0,6.0,117647.0588,39215.68627,PortScan
49163,94,1,1,2,6,2.0,6.0,85106.38298,21276.59574,PortScan
32780,44,1,1,2,6,2.0,6.0,181818.1818,45454.54545,PortScan
28201,43,1,1,0,6,0.0,6.0,139534.8837,46511.62791,PortScan
902,56,1,1,0,6,0.0,6.0,107142.8571,35714.28571,PortScan
1049,46,1,1,2,6,2.0,6.0,173913.0435,43478.26087,PortScan
1352,71,1,1,0,6,0.0,6.0,84507.04225,28169.01408,PortScan
1972,21,1,1,2,6,2.0,6.0,380952.381,95238.09524,PortScan
9944,59,1,1,0,6,0.0,6.0,101694.9153,33898.30508,PortScan
7025,54,1,1,0,6,0.0,6.0,111111.1111,37037.03704,PortScan
1300,40,1,1,0,6,0.0,6.0,150000.0,50000.0,PortScan
2200,77,1,1,0,6,0.0,6.0,77922.07792,25974.02597,PortScan
34573,23,1,1,0,6,0.0,6.0,260869.5652,86956.52174,PortScan
26,80,1,1,2,6,2.0,6.0,100000.0,25000.0,PortScan
2702,49,1,1,2,6,2.0,6.0,163265.3061,40816.32653,PortScan
27715,49,1,1,2,6,2.0,6.0,163265.3061,40816.32653,PortScan
57294,55,1,1,2,6,2.0,6.0,145454.5455,36363.63636,PortScan
58080,64,1,1,2,6,2.0,6.0,125000.0,31250.0,PortScan
9878,44,1,1,0,6,0.0,6.0,136363.6364,45454.54545,PortScan
714,50,1,1,2,6,2.0,6.0,160000.0,40000.0,PortScan
8180,76,1,1,0,6,0.0,6.0,78947.36842,26315.78947,PortScan
10004,48,1,1,2,6,2.0,6.0,166666.6667,41666.66667,PortScan
9101,9,1,1,2,6,2.0,6.0,888888.8889,222222.2222,PortScan
445,895,3,1,0,0,0.0,0.0,0.0,4469.273743,PortScan
5859,44,1,1,2,6,2.0,6.0,181818.1818,45454.54545,PortScan
100,50,1,1,2,6,2.0,6.0,160000.0,40000.0,PortScan
9091,43,1,1,2,6,2.0,6.0,186046.5116,46511.62791,PortScan
1073,14,1,1,0,6,0.0,6.0,428571.4286,142857.1429,PortScan
3052,4,1,1,0,6,0.0,6.0,1500000.0,500000.0,PortScan
26214,42,1,1,2,6,2.0,6.0,190476.1905,47619.04762,PortScan
70,74,1,1,2,6,2.0,6.0,108108.1081,27027.02703,PortScan
5054,53,1,1,0,6,0.0,6.0,113207.5472,37735.84906,PortScan
5555,54,1,1,0,6,0.0,6.0,111111.1111,37037.03704,PortScan
4449,46,1,1,0,6,0.0,6.0,130434.7826,43478.26087,PortScan
9618,74,1,1,0,6,0.0,6.0,81081.08108,27027.02703,PortScan
8383,38,1,1,0,6,0.0,6.0,157894.7368,52631.57895,PortScan
32777,73,1,1,2,6,2.0,6.0,109589.0411,27397.26027,PortScan
3370,50,1,1,0,6,0.0,6.0,120000.0,40000.0,PortScan
1087,86,1,1,0,6,0.0,6.0,69767.44186,23255.81395,PortScan
1169,97,1,1,0,6,0.0,6.0,61855.6701,20618.5567,PortScan
4224,43,1,1,2,6,2.0,6.0,186046.5116,46511.62791,PortScan
1080,47,1,1,0,6,0.0,6.0,127659.5745,42553.19149,PortScan
49152,49,1,1,2,6,2.0,6.0,163265.3061,40816.32653,PortScan
6389,65,1,1,2,6,2.0,6.0,123076.9231,30769.23077,PortScan
7106,44,1,1,2,6,2.0,6.0,181818.1818,45454.54545,PortScan
3322,81,1,1,2,6,2.0,6.0,98765.4321,24691.35802,PortScan
2260,48,1,1,2,6,2.0,6.0,166666.6667,41666.66667,PortScan
5718,43,1,1,0,6,0.0,6.0,139534.8837,46511.62791,PortScan
1063,49,1,1,2,6,2.0,6.0,163265.3061,40816.32653,PortScan
49156,49,1,1,2,6,2.0,6.0,163265.3061,40816.32653,PortScan
1461,44,1,1,2,6,2.0,6.0,181818.1818,45454.54545,PortScan
7025,64,1,1,2,6,2.0,6.0,125000.0,31250.0,PortScan
9290,44,1,1,0,6,0.0,6.0,136363.6364,45454.54545,PortScan
8021,14,1,1,0,6,0.0,6.0,428571.4286,142857.1429,PortScan
1073,55,1,1,2,6,2.0,6.0,145454.5455,36363.63636,PortScan
1500,64,1,1,2,6,2.0,6.0,125000.0,31250.0,PortScan
425,45,1,1,2,6,2.0,6.0,177777.7778,44444.44444,PortScan
9898,57,1,1,0,6,0.0,6.0,105263.1579,35087.7193,PortScan
48080,57,1,1,0,6,0.0,6.0,105263.1579,35087.7193,PortScan
2013,44,1,1,0,6,0.0,6.0,136363.6364,45454.54545,PortScan
3920,44,1,1,2,6,2.0,6.0,181818.1818,45454.54545,PortScan
8193,44,1,1,2,6,2.0,6.0,181818.1818,45454.54545,PortScan
3814,67,1,1,2,6,2.0,6.0,119402.9851,29850.74627,PortScan
42510,132,1,1,2,6,2.0,6.0,60606.06061,15151.51515,PortScan
1875,13,1,1,2,6,2.0,6.0,615384.6154,153846.1538,PortScan
1054,26,1,1,2,6,2.0,6.0,307692.3077,76923.07692,PortScan
2033,69,1,1,2,6,2.0,6.0,115942.029,28985.50725,PortScan
407,66,1,1,2,6,2.0,6.0,121212.1212,30303.0303,PortScan
5054,43,1,1,0,6,0.0,6.0,139534.8837,46511.62791,PortScan
7938,43,1,1,0,6,0.0,6.0,139534.8837,46511.62791,PortScan
548,42,1,1,2,6,2.0,6.0,190476.1905,47619.04762,PortScan
22,442,2,1,8,2,4.0,2.0,22624.43439,6787.330317,PortScan
1030,98,1,1,0,6,0.0,6.0,61224.4898,20408.16327,PortScan
873,38,1,1,0,6,0.0,6.0,157894.7368,52631.57895,PortScan
5963,52,1,1,0,6,0.0,6.0,115384.6154,38461.53846,PortScan
3003,55,1,1,0,6,0.0,6.0,109090.9091,36363.63636,PortScan
1001,43,1,1,2,6,2.0,6.0,186046.5116,46511.62791,PortScan
427,49,1,1,0,6,0.0,6.0,122448.9796,40816.32653,PortScan
20221,24,1,1,0,6,0.0,6.0,250000.0,83333.33333,PortScan
515,45,1,1,0,6,0.0,6.0,133333.3333,44444.44444,PortScan
50636,44,1,1,0,6,0.0,6.0,136363.6364,45454.54545,PortScan
7778,44,1,1,2,6,2.0,6.0,181818.1818,45454.54545,PortScan
32776,44,1,1,0,6,0.0,6.0,136363.6364,45454.54545,PortScan
2161,78,1,1,0,6,0.0,6.0,76923.07692,25641.02564,PortScan
2126,100,1,1,2,6,2.0,6.0,80000.0,20000.0,PortScan
4003,44,1,1,2,6,2.0,6.0,181818.1818,45454.54545,PortScan
1947,63,1,1,0,6,0.0,6.0,95238.09524,31746.03175,PortScan
33,56,1,1,2,6,2.0,6.0,142857.1429,35714.28571,PortScan
2638,43,1,1,2,6,2.0,6.0,186046.5116,46511.62791,PortScan
2251,67,1,1,2,6,2.0,6.0,119402.9851,29850.74627,PortScan
3527,53,1,1,2,6,2.0,6.0,150943.3962,37735.84906,PortScan
8085,43,1,1,0,6,0.0,6.0,139534.8837,46511.62791,PortScan
2998,53,1,1,0,6,0.0,6.0,113207.5472,37735.84906,PortScan
17877,45,1,1,2,6,2.0,6.0,177777.7778,44444.44444,PortScan
7676,62,1,1,2,6,2.0,6.0,129032.2581,32258.06452,PortScan
3128,70,1,1,0,6,0.0,6.0,85714.28571,28571.42857,PortScan
4126,54,1,1,2,6,2.0,6.0,148148.1481,37037.03704,PortScan
6101,78,1,1,0,6,0.0,6.0,76923.07692,25641.02564,PortScan
10001,42,1,1,0,6,0.0,6.0,142857.1429,47619.04762,PortScan
1163,57,1,1,0,6,0.0,6.0,105263.1579,35087.7193,PortScan
10215,53,1,1,2,6,2.0,6.0,150943.3962,37735.84906,PortScan
6692,72,1,1,2,6,2.0,6.0,111111.1111,27777.77778,PortScan
5087,48,1,1,2,6,2.0,6.0,166666.6667,41666.66667,PortScan
8888,125,1,1,0,6,0.0,6.0,48000.0,16000.0,PortScan
9900,54,1,1,2,6,2.0,6.0,148148.1481,37037.03704,PortScan
3071,49,1,1,0,6,0.0,6.0,122448.9796,40816.32653,PortScan
4000,44,1,1,2,6,2.0,6.0,181818.1818,45454.54545,PortScan
8888,47,1,1,2,6,2.0,6.0,170212.766,42553.19149,PortScan
2869,74,1,1,2,6,2.0,6.0,108108.1081,27027.02703,PortScan
8088,17,1,1,2,6,2.0,6.0,470588.2353,117647.0588,PortScan
25735,48,1,1,0,6,0.0,6.0,125000.0,41666.66667,PortScan
714,94,1,1,0,6,0.0,6.0,63829.78723,21276.59574,PortScan
109,75,1,1,0,6,0.0,6.0,80000.0,26666.66667,PortScan
25735,22,1,1,0,6,0.0,6.0,272727.2727,90909.09091,PortScan
3580,72,1,1,0,6,0.0,6.0,83333.33333,27777.77778,PortScan
3071,16,1,1,2,6,2.0,6.0,500000.0,125000.0,PortScan
554,20,1,1,0,6,0.0,6.0,300000.0,100000.0,PortScan
9917,18,1,1,2,6,2.0,6.0,444444.4444,111111.1111,PortScan
13,44,1,1,0,6,0.0,6.0,136363.6364,45454.54545,PortScan
787,46,1,1,0,6,0.0,6.0,130434.7826,43478.26087,PortScan
4343,103,1,1,2,6,2.0,6.0,77669.90291,19417.47573,PortScan
6668,26,1,1,2,6,2.0,6.0,307692.3077,76923.07692,PortScan
25,59,1,1,2,6,2.0,6.0,135593.2203,33898.30508,PortScan
8300,43,1,1,2,6,2.0,6.0,186046.5116,46511.62791,PortScan
1002,44,1,1,0,6,0.0,6.0,136363.6364,45454.54545,PortScan
1169,57,1,1,0,6,0.0,6.0,105263.1579,35087.7193,PortScan
50300,44,1,1,2,6,2.0,6.0,181818.1818,45454.54545,PortScan
18040,43,1,1,2,6,2.0,6.0,186046.5116,46511.62791,PortScan
1098,56,1,1,0,6,0.0,6.0,107142.8571,35714.28571,PortScan
1075,43,1,1,2,6,2.0,6.0,186046.5116,46511.62791,PortScan
23,45,1,1,2,6,2.0,6.0,177777.7778,44444.44444,PortScan
62078,73,1,1,0,6,0.0,6.0,82191.78082,27397.26027,PortScan
7201,45,1,1,0,6,0.0,6.0,133333.3333,44444.44444,PortScan
3703,44,1,1,2,6,2.0,6.0,181818.1818,45454.54545,PortScan
99,42,1,1,0,6,0.0,6.0,142857.1429,47619.04762,PortScan
2601,73,1,1,0,6,0.0,6.0,82191.78082,27397.26027,PortScan
22,665,3,1,0,0,0.0,0.0,0.0,6015.037594,PortScan
1002,54,1,1,0,6,0.0,6.0,111111.1111,37037.03704,PortScan
4126,49,1,1,2,6,2.0,6.0,163265.3061,40816.32653,PortScan
1074,20,1,1,2,6,2.0,6.0,400000.0,100000.0,PortScan
2160,39,1,1,2,6,2.0,6.0,205128.2051,51282.05128,PortScan
1583,55,1,1,2,6,2.0,6.0,145454.5455,36363.63636,PortScan
8200,20,1,1,0,6,0.0,6.0,300000.0,100000.0,PortScan
9101,49,1,1,0,6,0.0,6.0,122448.9796,40816.32653,PortScan
9111,48,1,1,0,6,0.0,6.0,125000.0,41666.66667,PortScan
1236,58,1,1,2,6,2.0,6.0,137931.0345,34482.75862,PortScan
1201,32,1,1,0,6,0.0,6.0,187500.0,62500.0,PortScan
2008,43,1,1,2,6,2.0,6.0,186046.5116,46511.62791,PortScan
27356,54,1,1,0,6,0.0,6.0,111111.1111,37037.03704,PortScan
2022,49,1,1,0,6,0.0,6.0,122448.9796,40816.32653,PortScan
1309,76,1,1,2,6,2.0,6.0,105263.1579,26315.78947,PortScan
1056,42,1,1,0,6,0.0,6.0,142857.1429,47619.04762,PortScan
3814,2,1,1,2,6,2.0,6.0,4000000.0,1000000.0,PortScan
5802,48,1,1,0,6,0.0,6.0,125000.0,41666.66667,PortScan
4111,49,1,1,2,6,2.0,6.0,163265.3061,40816.32653,PortScan
5100,68,1,1,0,6,0.0,6.0,88235.29412,29411.76471,PortScan
5000,73,1,1,2,6,2.0,6.0,109589.0411,27397.26027,PortScan
1000,47,1,1,0,6,0.0,6.0,127659.5745,42553.19149,PortScan
5822,58,1,1,2,6,2.0,6.0,137931.0345,34482.75862,PortScan
5120,19,1,1,0,6,0.0,6.0,315789.4737,105263.1579,PortScan
8180,46,1,1,0,6,0.0,6.0,130434.7826,43478.26087,PortScan
28201,43,1,1,2,6,2.0,6.0,186046.5116,46511.62791,PortScan
30000,55,1,1,0,6,0.0,6.0,109090.9091,36363.63636,PortScan
2068,97,1,1,2,6,2.0,6.0,82474.2268,20618.5567,PortScan
8099,49,1,1,2,6,2.0,6.0,163265.3061,40816.32653,PortScan
6510,65,1,1,0,6,0.0,6.0,92307.69231,30769.23077,PortScan
8994,26,1,1,0,6,0.0,6.0,230769.2308,76923.07692,PortScan
3971,49,1,1,2,6,2.0,6.0,163265.3061,40816.32653,PortScan
8254,32,1,1,2,6,2.0,6.0,250000.0,62500.0,PortScan
49175,15,1,1,0,6,0.0,6.0,400000.0,133333.3333,PortScan
4567,47,1,1,0,6,0.0,6.0,127659.5745,42553.19149,PortScan
110,89,1,1,2,6,2.0,6.0,89887.64045,22471.91011,PortScan
1034,44,1,1,0,6,0.0,6.0,136363.6364,45454.54545,PortScan
9418,38,1,1,0,6,0.0,6.0,157894.7368,52631.57895,PortScan
1217,56,1,1,2,6,2.0,6.0,142857.1429,35714.28571,PortScan
12174,75,1,1,2,6,2.0,6.0,106666.6667,26666.66667,PortScan
25734,96,1,1,0,6,0.0,6.0,62500.0,20833.33333,PortScan
2105,65,1,1,0,6,0.0,6.0,92307.69231,30769.23077,PortScan
777,42,1,1,2,6,2.0,6.0,190476.1905,47619.04762,PortScan
6001,50,1,1,2,6,2.0,6.0,160000.0,40000.0,PortScan
2718,48,1,1,0,6,0.0,6.0,125000.0,41666.66667,PortScan
1062,41,1,1,0,6,0.0,6.0,146341.4634,48780.4878,PortScan
2382,70,1,1,0,6,0.0,6.0,85714.28571,28571.42857,PortScan
1087,80,1,1,0,6,0.0,6.0,75000.0,25000.0,PortScan
4343,68,1,1,0,6,0.0,6.0,88235.29412,29411.76471,PortScan
366,63,1,1,2,6,2.0,6.0,126984.127,31746.03175,PortScan
2525,44,1,1,2,6,2.0,6.0,181818.1818,45454.54545,PortScan
5959,35,1,1,0,6,0.0,6.0,171428.5714,57142.85714,PortScan
3007,43,1,1,2,6,2.0,6.0,186046.5116,46511.62791,PortScan
100,43,1,1,0,6,0.0,6.0,139534.8837,46511.62791,PortScan
425,51,1,1,0,6,0.0,6.0,117647.0588,39215.68627,PortScan
55600,35,1,1,2,6,2.0,6.0,228571.4286,57142.85714,PortScan
7937,38,1,1,2,6,2.0,6.0,210526.3158,52631.57895,PortScan
444,83,1,1,2,6,2.0,6.0,96385.54217,24096.38554,PortScan
49400,86,1,1,2,6,2.0,6.0,93023.25581,23255.81395,PortScan
55600,43,1,1,2,6,2.0,6.0,186046.5116,46511.62791,PortScan
1022,75,1,1,2,6,2.0,6.0,106666.6667,26666.66667,PortScan
49175,43,1,1,2,6,2.0,6.0,186046.5116,46511.62791,PortScan
1801,64,1,1,0,6,0.0,6.0,93750.0,31250.0,PortScan
4005,49,1,1,2,6,2.0,6.0,163265.3061,40816.32653,PortScan
2522,44,1,1,2,6,2.0,6.0,181818.1818,45454.54545,PortScan
22,10539770,21,32,2008,2745,95.61904762,85.78125,450.9586073,5.02857273,SSH-Patator
22,12278430,21,32,2008,2745,95.61904762,85.78125,387.1016083,4.316512779,SSH-Patator
22,10634656,21,32,2008,2745,95.61904762,85.78125,446.9350019,4.983706102,SSH-Patator
22,12174879,21,32,2008,2745,95.61904762,85.78125,390.3940236,4.353226016,SSH-Patator
22,110,1,1,0,0,0.0,0.0,0.0,18181.81818,SSH-Patator
22,68,1,1,0,0,0.0,0.0,0.0,29411.76471,SSH-Patator
22,12798179,21,32,2008,2745,95.61904762,85.78125,371.3809597,4.141214152,SSH-Patator
22,14011971,23,31,2008,2745,87.30434783,88.5483871,339.2099513,3.853847542,SSH-Patator
22,50,1,1,0,0,0.0,0.0,0.0,40000.0,SSH-Patator
22,111,1,1,0,0,0.0,0.0,0.0,18018.01802,SSH-Patator
22,11914368,19,31,2008,2745,105.6842105,88.5483871,398.9300985,4.196613702,SSH-Patator
22,11769176,21,32,2008,2745,95.61904762,85.78125,403.8515526,4.50328893,SSH-Patator
22,44,1,1,0,0,0.0,0.0,0.0,45454.54545,SSH-Patator
22,11744389,21,32,2008,2745,95.61904762,85.78125,404.7038973,4.512793301,SSH-Patator
22,11827928,21,33,2008,2745,95.61904762,83.18181818,401.8455303,4.565465735,SSH-Patator
22,676,2,2,0,0,0.0,0.0,0.0,5917.159763,SSH-Patator
22,14164183,24,32,2120,2809,88.33333333,87.78125,347.9904206,3.953634318,SSH-Patator
22,11782716,19,31,2024,2745,106.5263158,88.5483871,404.7453915,4.24350379,SSH-Patator
22,11342833,19,31,2008,2745,105.6842105,88.5483871,419.0311186,4.408069836,SSH-Patator
22,12745751,22,32,2008,2745,91.27272727,85.78125,372.9085873,4.236706021,SSH-Patator
22,72,1,1,0,0,0.0,0.0,0.0,27777.77778,SSH-Patator
22,1953,2,2,0,0,0.0,0.0,0.0,2048.13108,SSH-Patator
22,227,1,1,0,0,0.0,0.0,0.0,8810.572687,SSH-Patator
22,11528333,22,32,2008,2745,91.27272727,85.78125,412.2885763,4.684111745,SSH-Patator
22,72,1,1,0,0,0.0,0.0,0.0,27777.77778,SSH-Patator
22,13485077,28,37,2040,5289,72.85714286,142.9459459,543.4896664,4.820143037,SSH-Patator
22,26,1,1,0,0,0.0,0.0,0.0,76923.07692,SSH-Patator
22,10851469,21,31,2008,2745,95.61904762,88.5483871,438.0052139,4.791977934,SSH-Patator
22,12870678,21,32,2008,2745,95.61904762,85.78125,369.2890149,4.117887185,SSH-Patator
22,11522794,21,32,2008,2745,95.61904762,85.78125,412.4867632,4.599578887,SSH-Patator
22,64,1,1,0,0,0.0,0.0,0.0,31250.0,SSH-Patator
22,73,1,1,0,0,0.0,0.0,0.0,27397.26027,SSH-Patator
22,13098094,23,31,2008,2745,87.30434783,88.5483871,362.8772247,4.122737247,SSH-Patator
22,11811789,19,31,2008,2745,105.6842105,88.5483871,402.3945907,4.233059023,SSH-Patator
22,11868884,21,32,2008,2745,95.61904762,85.78125,400.4588805,4.465457746,SSH-Patator
22,12707122,21,32,2008,2745,95.61904762,85.78125,374.0422103,4.170889364,SSH-Patator
22,13349414,21,33,2008,2745,95.61904762,83.18181818,356.0455912,4.045121381,SSH-Patator
22,32,1,1,0,0,0.0,0.0,0.0,62500.0,SSH-Patator
22,13428357,22,33,2008,2745,91.27272727,83.18181818,353.9524605,4.095810083,SSH-Patator
22,11055115,19,31,2008,2745,105.6842105,88.5483871,429.9367306,4.522793295,SSH-Patator
22,12039748,21,32,2008,2745,95.61904762,85.78125,394.7757046,4.402085492,SSH-Patator
22,12662108,22,33,2024,2745,92.0,83.18181818,376.6355492,4.343668527,SSH-Patator
22,84,1,1,0,0,0.0,0.0,0.0,23809.52381,SSH-Patator
22,100,1,1,0,0,0.0,0.0,0.0,20000.0,SSH-Patator
22,78,1,1,0,0,0.0,0.0,0.0,25641.02564,SSH-Patator
22,84,1,1,0,0,0.0,0.0,0.0,23809.52381,SSH-Patator
22,12760141,20,33,2008,2745,100.4,83.18181818,372.488047,4.153559118,SSH-Patator
22,89,1,1,0,0,0.0,0.0,0.0,22471.91011,SSH-Patator
22,63,1,1,0,0,0.0,0.0,0.0,31746.03175,SSH-Patator
22,22,1,1,0,0,0.0,0.0,0.0,90909.09091,SSH-Patator
22,12044785,21,32,2008,2745,95.61904762,85.78125,394.6106136,4.400244587,SSH-Patator
22,11900797,19,31,2008,2745,105.6842105,88.5483871,399.385016,4.201399284,SSH-Patator
22,75,1,1,0,0,0.0,0.0,0.0,26666.66667,SSH-Patator
22,13015300,22,32,2008,2745,91.27272727,85.78125,365.1855893,4.148963143,SSH-Patator
22,117,1,1,0,0,0.0,0.0,0.0,17094.01709,SSH-Patator
22,12015337,21,32,2008,2745,95.61904762,85.78125,395.577752,4.411029004,SSH-Patator
22,44,1,1,0,0,0.0,0.0,0.0,45454.54545,SSH-Patator
22,12924430,21,32,2008,2745,95.61904762,85.78125,367.753162,4.100761117,SSH-Patator
22,46,1,1,0,0,0.0,0.0,0.0,43478.26087,SSH-Patator
22,12574630,21,32,2008,2745,95.61904762,85.78125,377.9832886,4.214835745,SSH-Patator
22,12991356,21,32,2008,2745,95.61904762,85.78125,365.8586525,4.079635721,SSH-Patator
22,12588833,23,32,2008,2745,87.30434783,85.78125,377.5568395,4.368951435,SSH-Patator
22,55,1,1,0,0,0.0,0.0,0.0,36363.63636,SSH-Patator
22,13213812,22,33,2008,2745,91.27272727,83.18181818,359.6993812,4.162311375,SSH-Patator
22,10001244,21,31,2008,2745,95.61904762,88.5483871,475.24088,5.1993532,SSH-Patator
22,109,1,1,0,0,0.0,0.0,0.0,18348.62385,SSH-Patator
22,97,1,1,0,0,0.0,0.0,0.0,20618.5567,SSH-Patator
22,11810985,19,31,2008,2745,105.6842105,88.5483871,402.4219826,4.233347176,SSH-Patator
22,75,1,1,0,0,0.0,0.0,0.0,26666.66667,SSH-Patator
22,13228447,19,31,2008,2745,105.6842105,88.5483871,359.3014358,3.779733177,SSH-Patator
22,13768516,19,31,2008,2745,105.6842105,88.5483871,345.2078641,3.631473428,SSH-Patator
22,67,1,1,0,0,0.0,0.0,0.0,29850.74627,SSH-Patator
22,13089753,21,31,2008,2745,95.61904762,88.5483871,363.1084559,3.97257305,SSH-Patator
22,48,1,1,0,0,0.0,0.0,0.0,41666.66667,SSH-Patator
22,105,1,1,0,0,0.0,0.0,0.0,19047.61905,SSH-Patator
22,12018616,21,32,2008,2745,95.61904762,85.78125,395.4698278,4.409825557,SSH-Patator
22,13239137,21,32,2008,2745,95.61904762,85.78125,359.0113162,4.003282087,SSH-Patator
22,13936954,21,32,2008,2745,95.61904762,85.78125,341.0357816,3.802839559,SSH-Patator
22,69,1,1,0,0,0.0,0.0,0.0,28985.50725,SSH-Patator
22,13801070,22,32,2008,2745,91.27272727,85.78125,344.3935869,3.912740099,SSH-Patator
22,81,1,1,0,0,0.0,0.0,0.0,24691.35802,SSH-Patator
22,13924841,21,32,2008,2745,95.61904762,85.78125,341.3324432,3.806147589,SSH-Patator
22,77,1,1,0,0,0.0,0.0,0.0,25974.02597,SSH-Patator
22,77,1,1,0,0,0.0,0.0,0.0,25974.02597,SSH-Patator
22,12410571,21,32,2008,2745,95.61904762,85.78125,382.9799612,4.270552902,SSH-Patator
22,10951160,20,33,2008,2745,100.4,83.18181818,434.0179488,4.839669953,SSH-Patator
22,70,1,1,0,0,0.0,0.0,0.0,28571.42857,SSH-Patator
22,127,1,1,0,0,0.0,0.0,0.0,15748.0315,SSH-Patator
22,75,1,1,0,0,0.0,0.0,0.0,26666.66667,SSH-Patator
22,98,1,1,0,0,0.0,0.0,0.0,20408.16327,SSH-Patator
22,11331156,21,32,2008,2745,95.61904762,85.78125,419.4629392,4.677369193,SSH-Patator
22,10510835,21,27,1832,2585,87.23809524,95.74074074,420.2330262,4.566716155,SSH-Patator
22,43,1,1,0,0,0.0,0.0,0.0,46511.62791,SSH-Patator
22,11023721,19,31,2008,2745,105.6842105,88.5483871,431.1611297,4.535673572,SSH-Patator
22,13518120,21,32,2008,2745,95.61904762,85.78125,351.6021459,3.920663524,SSH-Patator
22,96,1,1,0,0,0.0,0.0,0.0,20833.33333,SSH-Patator
22,81,1,1,0,0,0.0,0.0,0.0,24691.35802,SSH-Patator
22,11702523,19,31,2008,2745,105.6842105,88.5483871,406.1517333,4.272582929,SSH-Patator
22,13459323,23,32,2008,2745,87.30434783,85.78125,353.1381185,4.086386812,SSH-Patator
22,104,1,1,0,0,0.0,0.0,0.0,19230.76923,SSH-Patator
22,11047765,21,32,2008,2745,95.61904762,85.78125,430.2227645,4.797350414,SSH-Patator
22,11670632,20,33,2008,2745,100.4,83.18181818,407.2615776,4.541313615,SSH-Patator
22,12700305,20,33,2008,2745,100.4,83.18181818,374.2429808,4.173128126,SSH-Patator
22,11762392,21,33,2008,2745,95.61904762,83.18181818,404.0844753,4.590902939,SSH-Patator
22,12083833,20,33,2008,2745,100.4,83.18181818,393.335459,4.386025527,SSH-Patator
22,12638927,21,31,2008,2745,95.61904762,88.5483871,376.0604045,4.114273308,SSH-Patator
22,43,1,1,0,0,0.0,0.0,0.0,46511.62791,SSH-Patator
22,41,1,1,0,0,0.0,0.0,0.0,48780.4878,SSH-Patator
22,52,1,1,0,0,0.0,0.0,0.0,38461.53846,SSH-Patator
22,11749463,21,32,2008,2745,95.61904762,85.78125,404.5291261,4.510844453,SSH-Patator
22,46,1,1,0,0,0.0,0.0,0.0,43478.26087,SSH-Patator
22,80,1,1,0,0,0.0,0.0,0.0,25000.0,SSH-Patator
22,12946131,21,32,2008,2745,95.61904762,85.78125,367.1367144,4.093887201,SSH-Patator
22,13371382,21,31,2008,2745,95.61904762,88.5483871,355.4606397,3.888902434,SSH-Patator
22,75,1,1,0,0,0.0,0.0,0.0,26666.66667,SSH-Patator
22,58,1,1,0,0,0.0,0.0,0.0,34482.75862,SSH-Patator
22,41,1,1,0,0,0.0,0.0,0.0,48780.4878,SSH-Patator
22,836,2,2,0,0,0.0,0.0,0.0,4784.688995,SSH-Patator
22,43,1,1,0,0,0.0,0.0,0.0,46511.62791,SSH-Patator
22,76,1,1,0,0,0.0,0.0,0.0,26315.78947,SSH-Patator
22,14053469,28,39,2824,5673,100.8571429,145.4615385,604.6194004,4.767506158,SSH-Patator
22,112,1,1,0,0,0.0,0.0,0.0,17857.14286,SSH-Patator
22,13437339,22,33,2008,2745,91.27272727,83.18181818,353.7158659,4.093072297,SSH-Patator
22,11533726,22,32,2008,2745,91.27272727,85.78125,412.0957963,4.681921523,SSH-Patator
22,63,1,1,0,0,0.0,0.0,0.0,31746.03175,SSH-Patator
22,106,1,1,0,0,0.0,0.0,0.0,18867.92453,SSH-Patator
22,93,1,1,0,0,0.0,0.0,0.0,21505.37634,SSH-Patator
22,45,1,1,0,0,0.0,0.0,0.0,44444.44444,SSH-Patator
22,11502932,19,31,2008,2745,105.6842105,88.5483871,413.199,4.346717863,SSH-Patator
22,77,1,1,0,0,0.0,0.0,0.0,25974.02597,SSH-Patator
22,12605892,21,32,2008,2745,95.61904762,85.78125,377.0459084,4.204383157,SSH-Patator
22,12005679,22,33,2008,2745,91.27272727,83.18181818,395.8959756,4.581165297,SSH-Patator
22,11774171,21,32,2008,2745,95.61904762,85.78125,403.6802251,4.501378483,SSH-Patator
22,12311204,21,31,2008,2745,95.61904762,88.5483871,386.0710943,4.223794846,SSH-Patator
22,97,1,1,0,0,0.0,0.0,0.0,20618.5567,SSH-Patator
22,92,1,1,0,0,0.0,0.0,0.0,21739.13043,SSH-Patator
22,81,1,1,0,0,0.0,0.0,0.0,24691.35802,SSH-Patator
22,11870045,21,32,2008,2745,95.61904762,85.78125,400.419712,4.465020983,SSH-Patator
22,78,1,1,0,0,0.0,0.0,0.0,25641.02564,SSH-Patator
22,12604984,20,33,2008,2745,100.4,83.18181818,377.0730689,4.204686019,SSH-Patator
22,61,1,1,0,0,0.0,0.0,0.0,32786.88525,SSH-Patator
22,94,1,1,0,0,0.0,0.0,0.0,21276.59574,SSH-Patator
22,74,1,1,0,0,0.0,0.0,0.0,27027.02703,SSH-Patator
22,11663550,20,33,2008,2745,100.4,83.18181818,407.5088631,4.544071059,SSH-Patator
22,13892929,21,32,2024,2745,96.38095238,85.78125,343.2681474,3.814890294,SSH-Patator
22,51,1,1,0,0,0.0,0.0,0.0,39215.68627,SSH-Patator
22,79,1,1,0,0,0.0,0.0,0.0,25316.4557,SSH-Patator
22,46,1,1,0,0,0.0,0.0,0.0,43478.26087,SSH-Patator
22,38,1,1,0,0,0.0,0.0,0.0,52631.57895,SSH-Patator
22,11677668,21,32,2008,2745,95.61904762,85.78125,407.0161954,4.538577394,SSH-Patator
22,13963043,21,32,2008,2745,95.61904762,85.78125,340.3985793,3.795734211,SSH-Patator
22,13729374,23,31,2008,2745,87.30434783,88.5483871,346.1920405,3.933172772,SSH-Patator
22,11094282,23,32,2008,2745,87.30434783,85.78125,428.4188918,4.957508742,SSH-Patator
22,11575647,21,32,2008,2745,95.61904762,85.78125,410.6033987,4.578577768,SSH-Patator
22,70,1,1,0,0,0.0,0.0,0.0,28571.42857,SSH-Patator
22,12873205,21,32,2008,2745,95.61904762,85.78125,369.2165238,4.117078847,SSH-Patator
22,70,1,1,0,0,0.0,0.0,0.0,28571.42857,SSH-Patator
22,12344208,19,31,2008,2745,105.6842105,88.5483871,385.0388782,4.050482623,SSH-Patator
22,13797644,21,32,2008,2745,95.61904762,85.78125,344.4791009,3.841235504,SSH-Patator
22,68,1,1,0,0,0.0,0.0,0.0,29411.76471,SSH-Patator
22,12554272,20,33,2008,2745,100.4,83.18181818,378.596226,4.22167052,SSH-Patator
22,65,1,1,0,0,0.0,0.0,0.0,30769.23077,SSH-Patator
22,11882117,23,32,2008,2745,87.30434783,85.78125,400.0128933,4.628804783,SSH-Patator
22,12116949,21,32,2008,2745,95.61904762,85.78125,392.2604609,4.374038382,SSH-Patator
22,44,1,1,0,0,0.0,0.0,0.0,45454.54545,SSH-Patator
22,11153154,21,32,2008,2745,95.61904762,85.78125,426.1574798,4.752019025,SSH-Patator
22,12417303,21,32,2024,2745,96.38095238,85.78125,384.0608544,4.268237636,SSH-Patator
22,11628521,21,32,2008,2745,95.61904762,85.78125,408.7364163,4.557759323,SSH-Patator
22,81,1,1,0,0,0.0,0.0,0.0,24691.35802,SSH-Patator
22,86,1,1,0,0,0.0,0.0,0.0,23255.81395,SSH-Patator
22,101,1,1,0,0,0.0,0.0,0.0,19801.9802,SSH-Patator
22,106,1,1,0,0,0.0,0.0,0.0,18867.92453,SSH-Patator
22,73,1,1,0,0,0.0,0.0,0.0,27397.26027,SSH-Patator
22,11682904,24,32,2008,2745,83.66666667,85.78125,406.8337804,4.793328782,SSH-Patator
22,72,1,1,0,0,0.0,0.0,0.0,27777.77778,SSH-Patator
22,75,1,1,0,0,0.0,0.0,0.0,26666.66667,SSH-Patator
22,11459180,21,32,2008,2745,95.61904762,85.78125,414.7766245,4.625112792,SSH-Patator
22,11544918,21,32,2008,2745,95.61904762,85.78125,411.6962979,4.590764525,SSH-Patator
22,11777823,22,32,2008,2745,91.27272727,85.78125,403.5550543,4.584888056,SSH-Patator
22,11636023,21,32,2008,2745,95.61904762,85.78125,408.4728949,4.554820835,SSH-Patator
22,76,1,1,0,0,0.0,0.0,0.0,26315.78947,SSH-Patator
22,83,1,1,0,0,0.0,0.0,0.0,24096.38554,SSH-Patator
22,100,1,1,0,0,0.0,0.0,0.0,20000.0,SSH-Patator
22,68,1,1,0,0,0.0,0.0,0.0,29411.76471,SSH-Patator
22,89,1,1,0,0,0.0,0.0,0.0,22471.91011,SSH-Patator
22,84,1,1,0,0,0.0,0.0,0.0,23809.52381,SSH-Patator
22,11148879,19,32,2008,2745,105.6842105,85.78125,426.3208884,4.574450938,SSH-Patator
22,12579618,21,32,2008,2745,95.61904762,85.78125,377.8334127,4.213164501,SSH-Patator
22,65,1,1,0,0,0.0,0.0,0.0,30769.23077,SSH-Patator
22,14061837,21,32,2008,2745,95.61904762,85.78125,338.007047,3.769066588,SSH-Patator
22,79,1,1,0,0,0.0,0.0,0.0,25316.4557,SSH-Patator
22,94,1,1,0,0,0.0,0.0,0.0,21276.59574,SSH-Patator
22,12505815,21,32,2008,2745,95.61904762,85.78125,380.0631946,4.238028469,SSH-Patator
22,10730809,22,32,2008,2745,91.27272727,85.78125,442.9302581,5.032239415,SSH-Patator
22,12733493,21,32,2008,2745,95.61904762,85.78125,373.2675708,4.162251473,SSH-Patator
22,80,1,1,0,0,0.0,0.0,0.0,25000.0,SSH-Patator
22,78,1,1,0,0,0.0,0.0,0.0,25641.02564,SSH-Patator
22,98,1,1,0,0,0.0,0.0,0.0,20408.16327,SSH-Patator
22,40,1,1,0,0,0.0,0.0,0.0,50000.0,SSH-Patator
22,43,1,1,0,0,0.0,0.0,0.0,46511.62791,SSH-Patator
22,12090436,23,32,2008,2745,87.30434783,85.78125,393.1206451,4.549050175,SSH-Patator
22,12484210,22,32,2008,2745,91.27272727,85.78125,380.7209267,4.325463926,SSH-Patator
22,12131528,21,32,2008,2745,95.61904762,85.78125,391.789064,4.368781904,SSH-Patator
22,54,1,1,0,0,0.0,0.0,0.0,37037.03704,SSH-Patator
22,97,1,1,0,0,0.0,0.0,0.0,20618.5567,SSH-Patator
22,72,1,1,0,0,0.0,0.0,0.0,27777.77778,SSH-Patator
22,77,1,1,0,0,0.0,0.0,0.0,25974.02597,SSH-Patator
22,12097571,20,33,2008,2745,100.4,83.18181818,392.8887873,4.381044757,SSH-Patator
22,95,1,1,0,0,0.0,0.0,0.0,21052.63158,SSH-Patator
22,96,1,1,0,0,0.0,0.0,0.0,20833.33333,SSH-Patator
22,80,1,1,0,0,0.0,0.0,0.0,25000.0,SSH-Patator
22,66,1,1,0,0,0.0,0.0,0.0,30303.0303,SSH-Patator
22,10836937,21,32,2008,2745,95.61904762,85.78125,438.5925654,4.890680826,SSH-Patator
22,12530637,22,33,2008,2745,91.27272727,83.18181818,379.3103256,4.389242143,SSH-Patator
22,58,1,1,0,0,0.0,0.0,0.0,34482.75862,SSH-Patator
22,43,1,1,0,0,0.0,0.0,0.0,46511.62791,SSH-Patator
22,11734984,21,32,2008,2745,95.61904762,85.78125,405.0282472,4.516410078,SSH-Patator
22,80,1,1,0,0,0.0,0.0,0.0,25000.0,SSH-Patator
22,13415925,21,32,2008,2745,95.61904762,85.78125,354.280454,3.950528942,SSH-Patator
22,73,1,1,0,0,0.0,0.0,0.0,27397.26027,SSH-Patator
22,11222279,19,31,1992,2745,104.8421053,88.5483871,422.1067753,4.455423003,SSH-Patator
22,10865255,22,32,2008,2745,91.27272727,85.78125,437.4494662,4.969970792,SSH-Patator
22,11227608,23,32,2008,2745,87.30434783,85.78125,423.3314879,4.89863914,SSH-Patator
22,106,1,1,0,0,0.0,0.0,0.0,18867.92453,SSH-Patator
22,68,1,1,0,0,0.0,0.0,0.0,29411.76471,SSH-Patator
22,12933888,22,33,2008,2745,91.27272727,83.18181818,367.4842399,4.252394949,SSH-Patator
22,72,1,1,0,0,0.0,0.0,0.0,27777.77778,SSH-Patator
22,12353160,19,31,2008,2745,105.6842105,88.5483871,384.7598509,4.047547348,SSH-Patator
22,11919379,21,32,2008,2745,95.61904762,85.78125,398.7623852,4.446540378,SSH-Patator
22,10993384,20,33,2008,2745,100.4,83.18181818,432.3509485,4.82108148,SSH-Patator
22,11964296,19,31,2008,2745,105.6842105,88.5483871,397.2653301,4.179100885,SSH-Patator
22,45,1,1,0,0,0.0,0.0,0.0,44444.44444,SSH-Patator
22,41,1,1,0,0,0.0,0.0,0.0,48780.4878,SSH-Patator
22,74,1,1,0,0,0.0,0.0,0.0,27027.02703,SSH-Patator
22,91,1,1,0,0,0.0,0.0,0.0,21978.02198,SSH-Patator
22,11225980,21,32,2008,2745,95.61904762,85.78125,423.3928797,4.721191379,SSH-Patator
22,84,1,1,0,0,0.0,0.0,0.0,23809.52381,SSH-Patator
22,14174614,21,32,2008,2745,95.61904762,85.78125,335.317773,3.739078891,SSH-Patator
22,63,1,1,0,0,0.0,0.0,0.0,31746.03175,SSH-Patator
22,12183790,21,32,2008,2745,95.61904762,85.78125,390.1084966,4.350042146,SSH-Patator
22,109,1,1,0,0,0.0,0.0,0.0,18348.62385,SSH-Patator
22,103,1,1,0,0,0.0,0.0,0.0,19417.47573,SSH-Patator
22,12752031,27,37,2136,2985,79.11111111,80.67567568,401.583089,5.018808376,SSH-Patator
22,79,1,1,0,0,0.0,0.0,0.0,25316.4557,SSH-Patator
22,61,1,1,0,0,0.0,0.0,0.0,32786.88525,SSH-Patator
22,52,1,1,0,0,0.0,0.0,0.0,38461.53846,SSH-Patator
22,28,1,1,0,0,0.0,0.0,0.0,71428.57143,SSH-Patator
22,11588893,21,32,2008,2745,95.61904762,85.78125,410.1340827,4.573344495,SSH-Patator
22,12096562,21,32,2008,2745,95.61904762,85.78125,392.921559,4.381410189,SSH-Patator
22,10688015,22,32,2008,2745,91.27272727,85.78125,444.7037172,5.052388119,SSH-Patator
22,74,1,1,0,0,0.0,0.0,0.0,27027.02703,SSH-Patator
22,11848567,21,32,2008,2745,95.61904762,85.78125,401.1455563,4.473114766,SSH-Patator
22,11729320,23,31,2008,2745,87.30434783,88.5483871,405.2238322,4.603847452,SSH-Patator
22,99,1,1,0,0,0.0,0.0,0.0,20202.0202,SSH-Patator
22,76,1,1,0,0,0.0,0.0,0.0,26315.78947,SSH-Patator
22,77,1,1,0,0,0.0,0.0,0.0,25974.02597,SSH-Patator
22,12802053,21,32,2008,2745,95.61904762,85.78125,371.268577,4.139960989,SSH-Patator
22,11159227,21,32,2008,2745,95.61904762,85.78125,425.9255592,4.749432913,SSH-Patator
22,59,1,1,0,0,0.0,0.0,0.0,33898.30508,SSH-Patator
22,12049904,20,33,2008,2745,100.4,83.18181818,394.4429765,4.39837529,SSH-Patator
22,59,1,1,0,0,0.0,0.0,0.0,33898.30508,SSH-Patator
22,43,1,1,0,0,0.0,0.0,0.0,46511.62791,SSH-Patator
22,11699741,21,32,2008,2745,95.61904762,85.78125,406.2483093,4.53001481,SSH-Patator
22,73,1,1,0,0,0.0,0.0,0.0,27397.26027,SSH-Patator
22,12441989,21,32,2008,2745,95.61904762,85.78125,382.0128759,4.259769077,SSH-Patator
22,12052153,21,32,2008,2745,95.61904762,85.78125,394.3693712,4.397554528,SSH-Patator
22,100,1,1,0,0,0.0,0.0,0.0,20000.0,SSH-Patator
22,72,1,1,0,0,0.0,0.0,0.0,27777.77778,SSH-Patator
22,12466550,19,31,2008,2745,105.6842105,88.5483871,381.2602524,4.010732721,SSH-Patator
22,21,1,1,0,0,0.0,0.0,0.0,95238.09524,SSH-Patator
22,13112699,21,32,2024,2745,96.38095238,85.78125,363.6932412,4.041883368,SSH-Patator
22,10639709,21,32,2008,2745,95.61904762,85.78125,446.722744,4.981339245,SSH-Patator
22,87,1,1,0,0,0.0,0.0,0.0,22988.50575,SSH-Patator
22,105,1,1,0,0,0.0,0.0,0.0,19047.61905,SSH-Patator
22,76,1,1,0,0,0.0,0.0,0.0,26315.78947,SSH-Patator
22,95,1,1,0,0,0.0,0.0,0.0,21052.63158,SSH-Patator
22,13244433,21,32,2008,2745,95.61904762,85.78125,358.8677598,4.00168131,SSH-Patator
22,11434694,19,31,2008,2745,105.6842105,88.5483871,415.664818,4.372657458,SSH-Patator
22,14180164,22,33,2008,2745,91.27272727,83.18181818,335.1865324,3.878657539,SSH-Patator
22,70,1,1,0,0,0.0,0.0,0.0,28571.42857,SSH-Patator
22,12191383,23,32,2024,2745,88.0,85.78125,391.1779328,4.511383163,SSH-Patator
22,11693529,21,32,2008,2745,95.61904762,85.78125,406.4641222,4.532421308,SSH-Patator
22,11433031,22,32,2024,2745,92.0,85.78125,417.1247327,4.723156965,SSH-Patator
22,10391588,21,32,2008,2745,95.61904762,85.78125,457.3891883,5.100279187,SSH-Patator
22,12992655,21,32,2008,2745,95.61904762,85.78125,365.8220741,4.079227841,SSH-Patator
22,10742695,23,32,2008,2745,87.30434783,85.78125,442.4401884,5.119758124,SSH-Patator
22,12887307,21,32,2008,2745,95.61904762,85.78125,368.8125068,4.112573713,SSH-Patator
22,11739094,21,32,2008,2745,95.61904762,85.78125,404.8864418,4.514828828,SSH-Patator
22,79,1,1,0,0,0.0,0.0,0.0,25316.4557,SSH-Patator
22,12088024,21,32,2008,2745,95.61904762,85.78125,393.199087,4.384504862,SSH-Patator
22,11519483,21,32,2008,2745,95.61904762,85.78125,412.6053227,4.600900926,SSH-Patator
22,12117967,20,33,2008,2745,100.4,83.18181818,392.2275081,4.37367093,SSH-Patator
22,11611928,21,32,2008,2745,95.61904762,85.78125,409.3204849,4.564272186,SSH-Patator
22,80,1,1,0,0,0.0,0.0,0.0,25000.0,SSH-Patator
22,84,1,1,0,0,0.0,0.0,0.0,23809.52381,SSH-Patator
22,12394116,22,33,2008,2745,91.27272727,83.18181818,383.4884231,4.437589579,SSH-Patator
22,11920962,21,32,2008,2745,95.61904762,85.78125,398.709433,4.445949916,SSH-Patator
22,11462038,22,33,2008,2745,91.27272727,83.18181818,414.6732021,4.798448583,SSH-Patator
22,11395313,22,33,2008,2745,91.27272727,83.18181818,417.1013117,4.826545791,SSH-Patator
22,62,1,1,0,0,0.0,0.0,0.0,32258.06452,SSH-Patator
22,80,1,1,0,0,0.0,0.0,0.0,25000.0,SSH-Patator
22,99,1,1,0,0,0.0,0.0,0.0,20202.0202,SSH-Patator
22,107,1,1,0,0,0.0,0.0,0.0,18691.58879,SSH-Patator
22,13500555,21,32,2008,2745,95.61904762,85.78125,352.0596005,3.925764533,SSH-Patator
22,1112,2,2,0,0,0.0,0.0,0.0,3597.122302,SSH-Patator
22,72,1,1,0,0,0.0,0.0,0.0,27777.77778,SSH-Patator
22,71,1,1,0,0,0.0,0.0,0.0,28169.01408,SSH-Patator
22,74,1,1,0,0,0.0,0.0,0.0,27027.02703,SSH-Patator
22,92,1,1,0,0,0.0,0.0,0.0,21739.13043,SSH-Patator
22,13614252,19,31,2008,2745,105.6842105,88.5483871,349.1194375,3.672621897,SSH-Patator
22,13195754,21,32,2008,2745,95.61904762,85.78125,360.1916192,4.016443471,SSH-Patator
22,12402655,20,33,2008,2745,100.4,83.18181818,383.2243983,4.273278584,SSH-Patator
22,43,1,1,0,0,0.0,0.0,0.0,46511.62791,SSH-Patator
22,69,1,1,0,0,0.0,0.0,0.0,28985.50725,SSH-Patator
22,43,1,1,0,0,0.0,0.0,0.0,46511.62791,SSH-Patator
22,72,1,1,0,0,0.0,0.0,0.0,27777.77778,SSH-Patator
22,79,1,1,0,0,0.0,0.0,0.0,25316.4557,SSH-Patator
22,10051528,21,32,2008,2745,95.61904762,85.78125,472.8634293,5.272830161,SSH-Patator
22,78,1,1,0,0,0.0,0.0,0.0,25641.02564,SSH-Patator
22,10993195,22,33,2008,2745,91.27272727,83.18181818,432.3583817,5.003095097,SSH-Patator
22,11422432,21,32,2008,2745,95.61904762,85.78125,416.1110348,4.639992604,SSH-Patator
22,14264548,22,33,2008,2745,91.27272727,83.18181818,333.2036879,3.855712778,SSH-Patator
22,76,1,1,0,0,0.0,0.0,0.0,26315.78947,SSH-Patator
22,12005679,21,32,2008,2745,95.61904762,85.78125,395.8959756,4.414577468,SSH-Patator
22,84,1,1,0,0,0.0,0.0,0.0,23809.52381,SSH-Patator
22,43,1,1,0,0,0.0,0.0,0.0,46511.62791,SSH-Patator
22,42,1,1,0,0,0.0,0.0,0.0,47619.04762,SSH-Patator
22,103,1,1,0,0,0.0,0.0,0.0,19417.47573,SSH-Patator
22,87,1,1,0,0,0.0,0.0,0.0,22988.50575,SSH-Patator
22,12316732,21,33,2008,2745,95.61904762,83.18181818,385.8978177,4.384279856,SSH-Patator
22,11880315,22,32,2008,2745,91.27272727,85.78125,400.0735671,4.545334025,SSH-Patator
22,11846968,19,31,2008,2745,105.6842105,88.5483871,401.1996994,4.220489158,SSH-Patator
22,13041726,21,32,2008,2745,95.61904762,85.78125,364.4456263,4.063879275,SSH-Patator
22,11783386,19,31,2008,2745,105.6842105,88.5483871,403.3645338,4.243262505,SSH-Patator
22,76,1,1,0,0,0.0,0.0,0.0,26315.78947,SSH-Patator
22,94,1,1,0,0,0.0,0.0,0.0,21276.59574,SSH-Patator
22,61,1,1,0,0,0.0,0.0,0.0,32786.88525,SSH-Patator
22,14106312,21,32,2008,2745,95.61904762,85.78125,336.9413636,3.757183309,SSH-Patator
22,28,1,1,0,0,0.0,0.0,0.0,71428.57143,SSH-Patator
22,11785312,21,32,2008,2745,95.61904762,85.78125,403.2986144,4.497123199,SSH-Patator
22,53,1,1,0,0,0.0,0.0,0.0,37735.84906,SSH-Patator
22,42,1,1,0,0,0.0,0.0,0.0,47619.04762,SSH-Patator
22,11101084,23,32,2008,2745,87.30434783,85.78125,428.1563854,4.954471113,SSH-Patator
22,93,1,1,0,0,0.0,0.0,0.0,21505.37634,SSH-Patator
22,11634161,22,32,2008,2745,91.27272727,85.78125,408.5382693,4.641503586,SSH-Patator
22,73,1,1,0,0,0.0,0.0,0.0,27397.26027,SSH-Patator
22,12859695,20,33,2008,2745,100.4,83.18181818,369.6044113,4.121404124,SSH-Patator
22,42,1,1,0,0,0.0,0.0,0.0,47619.04762,SSH-Patator
22,12187097,21,32,2024,2745,96.38095238,85.78125,391.3155036,4.348861751,SSH-Patator
22,40,1,1,0,0,0.0,0.0,0.0,50000.0,SSH-Patator
22,11918136,23,32,2008,2745,87.30434783,85.78125,398.803974,4.614815605,SSH-Patator
22,71,1,1,0,0,0.0,0.0,0.0,28169.01408,SSH-Patator
22,80,1,1,0,0,0.0,0.0,0.0,25000.0,SSH-Patator
22,11644289,21,32,2008,2745,95.61904762,85.78125,408.1829298,4.551587478,SSH-Patator
22,79,1,1,0,0,0.0,0.0,0.0,25316.4557,SSH-Patator
22,73,1,1,0,0,0.0,0.0,0.0,27397.26027,SSH-Patator
22,12828209,22,32,2008,2745,91.27272727,85.78125,370.5115812,4.209473045,SSH-Patator
22,81,1,1,0,0,0.0,0.0,0.0,24691.35802,SSH-Patator
22,52,1,1,0,0,0.0,0.0,0.0,38461.53846,SSH-Patator
22,11728834,19,31,2008,2745,105.6842105,88.5483871,405.2406232,4.262998351,SSH-Patator
22,11372774,21,32,2024,2745,96.38095238,85.78125,419.3348078,4.660252635,SSH-Patator
22,73,1,1,0,0,0.0,0.0,0.0,27397.26027,SSH-Patator
22,76,1,1,0,0,0.0,0.0,0.0,26315.78947,SSH-Patator
22,12790474,22,33,2008,2745,91.27272727,83.18181818,371.6046802,4.300075197,SSH-Patator
22,46,1,1,0,0,0.0,0.0,0.0,43478.26087,SSH-Patator
22,12921718,21,31,2008,2745,95.61904762,88.5483871,367.8303458,4.024232691,SSH-Patator
22,40626,2,0,0,0,0.0,0.0,0.0,49.22955743,SSH-Patator
22,87,1,1,0,0,0.0,0.0,0.0,22988.50575,SSH-Patator
22,11490081,21,32,2008,2745,95.61904762,85.78125,413.6611396,4.612674184,SSH-Patator
22,12473400,22,33,2008,2745,91.27272727,83.18181818,381.0508763,4.409383167,SSH-Patator
22,12421737,19,31,2008,2745,105.6842105,88.5483871,382.6356974,4.02520195,SSH-Patator
22,12278882,21,32,2008,2745,95.61904762,85.78125,387.0873586,4.316353883,SSH-Patator
22,12331498,23,32,2008,2745,87.30434783,85.78125,385.4357354,4.460123174,SSH-Patator
22,75,1,1,0,0,0.0,0.0,0.0,26666.66667,SSH-Patator
22,12084147,21,32,2008,2745,95.61904762,85.78125,393.3252384,4.385911558,SSH-Patator
22,11663140,22,33,2008,2745,91.27272727,83.18181818,407.5231884,4.715711206,SSH-Patator
22,13193605,23,31,2008,2745,87.30434783,88.5483871,360.2502879,4.092891973,SSH-Patator
22,75,1,1,0,0,0.0,0.0,0.0,26666.66667,SSH-Patator
22,80,1,1,0,0,0.0,0.0,0.0,25000.0,SSH-Patator
22,100,1,1,0,0,0.0,0.0,0.0,20000.0,SSH-Patator
22,75,1,1,0,0,0.0,0.0,0.0,26666.66667,SSH-Patator
22,50,1,1,0,0,0.0,0.0,0.0,40000.0,SSH-Patator
22,12171133,19,31,2008,2745,105.6842105,88.5483871,390.5141781,4.108080981,SSH-Patator
22,11383730,21,32,2008,2745,95.61904762,85.78125,417.5257143,4.655767486,SSH-Patator
22,12580224,21,32,2008,2745,95.61904762,85.78125,377.8152122,4.21296155,SSH-Patator
22,84,1,1,0,0,0.0,0.0,0.0,23809.52381,SSH-Patator
22,12831737,21,32,2008,2745,95.61904762,85.78125,370.4097115,4.130383907,SSH-Patator
22,52,1,1,0,0,0.0,0.0,0.0,38461.53846,SSH-Patator
22,1937542,13,11,1128,2009,86.76923077,182.6363636,1619.061677,12.38682826,SSH-Patator
22,13793489,23,32,2008,2745,87.30434783,85.78125,344.582868,3.987388543,SSH-Patator
22,108,1,1,0,0,0.0,0.0,0.0,18518.51852,SSH-Patator
22,12224374,23,33,2008,2745,87.30434783,83.18181818,388.8133658,4.581011674,SSH-Patator
22,103,1,1,0,0,0.0,0.0,0.0,19417.47573,SSH-Patator
22,71,1,1,0,0,0.0,0.0,0.0,28169.01408,SSH-Patator
22,11360574,21,31,2008,2745,95.61904762,88.5483871,418.3767475,4.57723351,SSH-Patator
22,30,1,1,0,0,0.0,0.0,0.0,66666.66667,SSH-Patator
22,101,1,1,0,0,0.0,0.0,0.0,19801.9802,SSH-Patator
22,67,1,1,0,0,0.0,0.0,0.0,29850.74627,SSH-Patator
22,96,1,1,0,0,0.0,0.0,0.0,20833.33333,SSH-Patator
22,77,1,1,0,0,0.0,0.0,0.0,25974.02597,SSH-Patator
21,232,2,1,14,0,7.0,0.0,60344.82759,12931.03448,FTP-Patator
21,9143747,9,15,100,188,11.11111111,12.53333333,31.49693446,2.624744539,FTP-Patator
21,8529452,9,15,107,188,11.88888889,12.53333333,34.58604375,2.81377983,FTP-Patator
21,8979798,9,15,112,188,12.44444444,12.53333333,33.40832388,2.672665911,FTP-Patator
21,268,2,1,14,0,7.0,0.0,52238.80597,11194.02985,FTP-Patator
21,224,2,1,14,0,7.0,0.0,62500.0,13392.85714,FTP-Patator
21,3,2,0,14,0,7.0,0.0,4666666.667,666666.6667,FTP-Patator
21,8587446,9,15,109,188,12.11111111,12.53333333,34.58537032,2.794777399,FTP-Patator
21,9129216,9,15,114,188,12.66666667,12.53333333,33.08060626,2.628922352,FTP-Patator
21,204,2,1,14,0,7.0,0.0,68627.45098,14705.88235,FTP-Patator
21,9157093,9,15,104,188,11.55555556,12.53333333,31.88784912,2.620919106,FTP-Patator
21,10059150,9,15,107,188,11.88888889,12.53333333,29.32653355,2.385887476,FTP-Patator
21,8844085,9,15,108,188,12.0,12.53333333,33.46869687,2.713678125,FTP-Patator
21,205,2,1,14,0,7.0,0.0,68292.68293,14634.14634,FTP-Patator
21,254,2,1,14,0,7.0,0.0,55118.11024,11811.02362,FTP-Patator
21,8582114,9,15,101,188,11.22222222,12.53333333,33.67468668,2.796513773,FTP-Patator
21,228,2,1,14,0,7.0,0.0,61403.50877,13157.89474,FTP-Patator
21,309,2,1,14,0,7.0,0.0,45307.44337,9708.737864,FTP-Patator
21,239,2,1,14,0,7.0,0.0,58577.40586,12552.30126,FTP-Patator
21,232,2,1,14,0,7.0,0.0,60344.82759,12931.03448,FTP-Patator
21,223,2,1,14,0,7.0,0.0,62780.26906,13452.9148,FTP-Patator
21,10041996,9,15,108,188,12.0,12.53333333,29.4762117,2.389963111,FTP-Patator
21,250,2,1,14,0,7.0,0.0,56000.0,12000.0,FTP-Patator
21,9159125,9,15,105,188,11.66666667,12.53333333,31.98995537,2.620337641,FTP-Patator
21,8995651,9,15,107,188,11.88888889,12.53333333,32.79362439,2.667955882,FTP-Patator
21,9091763,9,15,111,188,12.33333333,12.53333333,32.88691093,2.639752048,FTP-Patator
21,223,2,1,14,0,7.0,0.0,62780.26906,13452.9148,FTP-Patator
21,284,2,1,14,0,7.0,0.0,49295.77465,10563.38028,FTP-Patator
21,230,2,1,14,0,7.0,0.0,60869.56522,13043.47826,FTP-Patator
21,8418934,9,15,109,188,12.11111111,12.53333333,35.27762541,2.850717205,FTP-Patator
21,48,2,0,14,0,7.0,0.0,291666.6667,41666.66667,FTP-Patator
21,3,2,0,14,0,7.0,0.0,4666666.667,666666.6667,FTP-Patator
21,236,2,1,14,0,7.0,0.0,59322.0339,12711.86441,FTP-Patator
21,9291287,9,15,105,188,11.66666667,12.53333333,31.53492083,2.583065188,FTP-Patator
21,195,2,1,14,0,7.0,0.0,71794.87179,15384.61538,FTP-Patator
21,9481913,9,15,110,188,12.22222222,12.53333333,31.42825715,2.531134804,FTP-Patator
21,205,2,1,14,0,7.0,0.0,68292.68293,14634.14634,FTP-Patator
21,9289605,9,15,114,188,12.66666667,12.53333333,32.50945546,2.583532884,FTP-Patator
21,251,2,1,14,0,7.0,0.0,55776.89243,11952.19124,FTP-Patator
21,192,2,2,14,0,7.0,0.0,72916.66667,20833.33333,FTP-Patator
21,8807677,9,15,105,188,11.66666667,12.53333333,33.26643336,2.724895566,FTP-Patator
21,310,2,1,14,0,7.0,0.0,45161.29032,9677.419355,FTP-Patator
21,220,2,1,14,0,7.0,0.0,63636.36364,13636.36364,FTP-Patator
21,9432831,9,15,108,188,12.0,12.53333333,31.37976287,2.544305098,FTP-Patator
21,247,2,1,14,0,7.0,0.0,56680.16194,12145.74899,FTP-Patator
21,46,2,0,14,0,7.0,0.0,304347.8261,43478.26087,FTP-Patator
21,9431700,9,15,111,188,12.33333333,12.53333333,31.70160204,2.544610198,FTP-Patator
21,42,2,0,14,0,7.0,0.0,333333.3333,47619.04762,FTP-Patator
21,3,2,0,14,0,7.0,0.0,4666666.667,666666.6667,FTP-Patator
21,9506892,9,15,101,188,11.22222222,12.53333333,30.39899896,2.524484343,FTP-Patator
21,8342606,9,15,105,188,11.66666667,12.53333333,35.12092025,2.876798928,FTP-Patator
21,208,2,1,14,0,7.0,0.0,67307.69231,14423.07692,FTP-Patator
21,9230819,9,15,105,188,11.66666667,12.53333333,31.74149553,2.599985982,FTP-Patator
21,8398432,9,15,102,188,11.33333333,12.53333333,34.53025517,2.85767629,FTP-Patator
21,3,2,0,14,0,7.0,0.0,4666666.667,666666.6667,FTP-Patator
21,224,2,1,14,0,7.0,0.0,62500.0,13392.85714,FTP-Patator
21,235,2,1,14,0,7.0,0.0,59574.46809,12765.95745,FTP-Patator
21,9734642,9,15,105,188,11.66666667,12.53333333,30.09869289,2.465421944,FTP-Patator
21,8982426,9,15,106,188,11.77777778,12.53333333,32.73057858,2.671883965,FTP-Patator
21,8848474,9,15,107,188,11.88888889,12.53333333,33.33908197,2.712332093,FTP-Patator
21,226,2,1,14,0,7.0,0.0,61946.90265,13274.33628,FTP-Patator
21,9060408,9,15,112,188,12.44444444,12.53333333,33.11109169,2.648887335,FTP-Patator
21,203,2,1,14,0,7.0,0.0,68965.51724,14778.32512,FTP-Patator
21,9718171,9,15,109,188,12.11111111,12.53333333,30.56130624,2.469600504,FTP-Patator
21,9575585,9,15,117,188,13.0,12.53333333,31.85183986,2.506374284,FTP-Patator
21,9910609,9,15,101,188,11.22222222,12.53333333,29.16067015,2.421647348,FTP-Patator
21,1,2,0,14,0,7.0,0.0,14000000.0,2000000.0,FTP-Patator
21,4,2,0,14,0,7.0,0.0,3500000.0,500000.0,FTP-Patator
21,217,2,1,14,0,7.0,0.0,64516.12903,13824.88479,FTP-Patator
21,309,2,1,14,0,7.0,0.0,45307.44337,9708.737864,FTP-Patator
21,9159121,9,15,111,188,12.33333333,12.53333333,32.64505404,2.620338786,FTP-Patator
21,3,2,0,14,0,7.0,0.0,4666666.667,666666.6667,FTP-Patator
21,4,2,0,14,0,7.0,0.0,3500000.0,500000.0,FTP-Patator
21,9170083,9,15,118,188,13.11111111,12.53333333,33.36938172,2.617206409,FTP-Patator
21,8487539,9,15,107,188,11.88888889,12.53333333,34.75683587,2.827674783,FTP-Patator
21,3,2,0,14,0,7.0,0.0,4666666.667,666666.6667,FTP-Patator
21,247,2,1,14,0,7.0,0.0,56680.16194,12145.74899,FTP-Patator
21,8395959,9,15,111,188,12.33333333,12.53333333,35.61237019,2.858518008,FTP-Patator
21,251,2,1,14,0,7.0,0.0,55776.89243,11952.19124,FTP-Patator
21,279,2,1,14,0,7.0,0.0,50179.21147,10752.68817,FTP-Patator
21,9264267,9,15,105,188,11.66666667,12.53333333,31.62689504,2.590598911,FTP-Patator
21,229,2,1,14,0,7.0,0.0,61135.37118,13100.43668,FTP-Patator
21,243,2,1,14,0,7.0,0.0,57613.16872,12345.67901,FTP-Patator
21,10274887,9,15,97,188,10.77777778,12.53333333,27.73753132,2.335792111,FTP-Patator
21,8816400,9,15,100,188,11.11111111,12.53333333,32.66639445,2.722199537,FTP-Patator
21,8899185,9,15,112,188,12.44444444,12.53333333,33.71095218,2.696876175,FTP-Patator
21,234,2,1,14,0,7.0,0.0,59829.05983,12820.51282,FTP-Patator
21,9820310,9,15,105,188,11.66666667,12.53333333,29.83612534,2.443914703,FTP-Patator
21,8879171,9,15,106,188,11.77777778,12.53333333,33.11119923,2.702955039,FTP-Patator
21,234,2,1,14,0,7.0,0.0,59829.05983,12820.51282,FTP-Patator
21,236,2,1,14,0,7.0,0.0,59322.0339,12711.86441,FTP-Patator
21,8954568,9,15,100,188,11.11111111,12.53333333,32.16235557,2.680196298,FTP-Patator
21,8531878,9,15,103,188,11.44444444,12.53333333,34.10737941,2.812979745,FTP-Patator
21,209,2,1,14,0,7.0,0.0,66985.64593,14354.06699,FTP-Patator
21,8700630,9,15,108,188,12.0,12.53333333,34.02052495,2.758420942,FTP-Patator
21,8778623,9,15,96,188,10.66666667,12.53333333,32.35131523,2.733913963,FTP-Patator
21,8905969,9,15,105,188,11.66666667,12.53333333,32.89928362,2.694821866,FTP-Patator
21,8990597,9,15,107,188,11.88888889,12.53333333,32.81205909,2.669455655,FTP-Patator
21,235,2,1,14,0,7.0,0.0,59574.46809,12765.95745,FTP-Patator
21,3,2,0,14,0,7.0,0.0,4666666.667,666666.6667,FTP-Patator
21,8659024,9,15,112,188,12.44444444,12.53333333,34.645937,2.77167496,FTP-Patator
21,8973333,9,15,104,188,11.55555556,12.53333333,32.54086302,2.674591481,FTP-Patator
21,3,2,0,14,0,7.0,0.0,4666666.667,666666.6667,FTP-Patator
21,235,2,1,14,0,7.0,0.0,59574.46809,12765.95745,FTP-Patator
21,224,2,1,14,0,7.0,0.0,62500.0,13392.85714,FTP-Patator
21,10110915,9,15,98,188,10.88888889,12.53333333,28.28626291,2.373672412,FTP-Patator
21,9262010,9,15,113,188,12.55555556,12.53333333,32.49834539,2.591230197,FTP-Patator
21,270,2,1,14,0,7.0,0.0,51851.85185,11111.11111,FTP-Patator
21,227,2,1,14,0,7.0,0.0,61674.00881,13215.85903,FTP-Patator
21,10388034,9,15,112,188,12.44444444,12.53333333,28.8793818,2.310350544,FTP-Patator
21,8797525,9,15,98,188,10.88888889,12.53333333,32.5091432,2.728039989,FTP-Patator
21,4,2,0,14,0,7.0,0.0,3500000.0,500000.0,FTP-Patator
21,3,2,0,14,0,7.0,0.0,4666666.667,666666.6667,FTP-Patator
21,48,2,0,14,0,7.0,0.0,291666.6667,41666.66667,FTP-Patator
21,3,2,0,14,0,7.0,0.0,4666666.667,666666.6667,FTP-Patator
21,9389297,9,15,99,188,11.0,12.53333333,30.56671868,2.556101911,FTP-Patator
21,9465681,9,15,108,188,12.0,12.53333333,31.27086155,2.535475261,FTP-Patator
21,9504756,9,15,100,188,11.11111111,12.53333333,30.30062003,2.525051669,FTP-Patator
21,8017567,9,15,107,188,11.88888889,12.53333333,36.79420453,2.993426809,FTP-Patator
21,220,2,1,14,0,7.0,0.0,63636.36364,13636.36364,FTP-Patator
21,8767606,9,15,109,188,12.11111111,12.53333333,33.87469738,2.737349283,FTP-Patator
21,8185083,9,15,113,188,12.55555556,12.53333333,36.77421475,2.932163302,FTP-Patator
21,1,2,0,14,0,7.0,0.0,14000000.0,2000000.0,FTP-Patator
21,245,2,1,14,0,7.0,0.0,57142.85714,12244.89796,FTP-Patator
21,8564681,9,15,113,188,12.55555556,12.53333333,35.14433287,2.802205943,FTP-Patator
21,9093443,9,15,107,188,11.88888889,12.53333333,32.44095773,2.639264358,FTP-Patator
21,8934609,9,15,101,188,11.22222222,12.53333333,32.34612729,2.686183581,FTP-Patator
21,8719689,9,15,113,188,12.55555556,12.53333333,34.51957977,2.752391742,FTP-Patator
21,8785118,9,15,104,188,11.55555556,12.53333333,33.23802822,2.73189273,FTP-Patator
21,48,2,0,14,0,7.0,0.0,291666.6667,41666.66667,FTP-Patator
21,1,2,0,14,0,7.0,0.0,14000000.0,2000000.0,FTP-Patator
21,9750821,9,15,103,188,11.44444444,12.53333333,29.84364086,2.461331205,FTP-Patator
21,244,2,1,14,0,7.0,0.0,57377.04918,12295.08197,FTP-Patator
21,230,2,1,14,0,7.0,0.0,60869.56522,13043.47826,FTP-Patator
21,221,2,1,14,0,7.0,0.0,63348.41629,13574.66063,FTP-Patator
21,9875798,9,15,102,188,11.33333333,12.53333333,29.36471564,2.430183363,FTP-Patator
21,244,2,1,14,0,7.0,0.0,57377.04918,12295.08197,FTP-Patator
21,8505876,9,15,109,188,12.11111111,12.53333333,34.91703853,2.821578871,FTP-Patator
21,9318659,9,15,113,188,12.55555556,12.53333333,32.30078491,2.575477867,FTP-Patator
21,8530106,9,15,101,188,11.22222222,12.53333333,33.88000102,2.813564099,FTP-Patator
21,273,2,1,14,0,7.0,0.0,51282.05128,10989.01099,FTP-Patator
21,246,2,1,14,0,7.0,0.0,56910.56911,12195.12195,FTP-Patator
21,9422920,9,15,105,188,11.66666667,12.53333333,31.09439537,2.546981191,FTP-Patator
21,4,2,0,14,0,7.0,0.0,3500000.0,500000.0,FTP-Patator
21,9475409,9,15,108,188,12.0,12.53333333,31.23875708,2.532872196,FTP-Patator
21,8432688,9,15,112,188,12.44444444,12.53333333,35.57584486,2.846067588,FTP-Patator
21,10280241,9,15,97,188,10.77777778,12.53333333,27.72308548,2.334575619,FTP-Patator
21,3,2,0,14,0,7.0,0.0,4666666.667,666666.6667,FTP-Patator
21,225,2,0,14,0,7.0,0.0,62222.22222,8888.888889,FTP-Patator
21,9385382,9,15,97,188,10.77777778,12.53333333,30.36637187,2.557168158,FTP-Patator
21,8766753,9,15,100,188,11.11111111,12.53333333,32.85138751,2.737615626,FTP-Patator
21,4,2,0,14,0,7.0,0.0,3500000.0,500000.0,FTP-Patator
21,9794876,9,15,96,188,10.66666667,12.53333333,28.99475195,2.450260728,FTP-Patator
21,7502752,9,15,107,188,11.88888889,12.53333333,39.31890592,3.198826244,FTP-Patator
21,281,2,1,14,0,7.0,0.0,49822.06406,10676.15658,FTP-Patator
21,247,2,1,14,0,7.0,0.0,56680.16194,12145.74899,FTP-Patator
21,8991068,9,15,108,188,12.0,12.53333333,32.92156171,2.669315814,FTP-Patator
21,259,2,1,14,0,7.0,0.0,54054.05405,11583.01158,FTP-Patator
21,217,2,1,14,0,7.0,0.0,64516.12903,13824.88479,FTP-Patator
21,9143201,9,15,110,188,12.22222222,12.53333333,32.59252422,2.624901279,FTP-Patator
21,8870622,9,15,109,188,12.11111111,12.53333333,33.48130492,2.705559993,FTP-Patator
21,8386675,9,15,108,188,12.0,12.53333333,35.29408258,2.861682371,FTP-Patator
21,216,2,1,14,0,7.0,0.0,64814.81481,13888.88889,FTP-Patator
21,4048471,6,6,34,76,5.666666667,12.66666667,27.17075162,2.964081995,FTP-Patator
21,253,2,1,14,0,7.0,0.0,55335.96838,11857.70751,FTP-Patator
21,9462414,9,15,105,188,11.66666667,12.53333333,30.96461432,2.536350661,FTP-Patator
21,8638615,9,15,102,188,11.33333333,12.53333333,33.57019615,2.77822313,FTP-Patator
21,8742714,9,15,101,188,11.22222222,12.53333333,33.05609677,2.745142984,FTP-Patator
21,8467014,9,15,107,188,11.88888889,12.53333333,34.84109038,2.834529387,FTP-Patator
21,221,2,1,14,0,7.0,0.0,63348.41629,13574.66063,FTP-Patator
21,225,2,1,14,0,7.0,0.0,62222.22222,13333.33333,FTP-Patator
21,9286233,9,15,97,188,10.77777778,12.53333333,30.69059327,2.584471012,FTP-Patator
21,9904401,9,15,103,188,11.44444444,12.53333333,29.38087826,2.423165217,FTP-Patator
21,217,2,1,14,0,7.0,0.0,64516.12903,13824.88479,FTP-Patator
21,3,2,0,14,0,7.0,0.0,4666666.667,666666.6667,FTP-Patator
21,9255260,9,15,103,188,11.44444444,12.53333333,31.44158025,2.59312002,FTP-Patator
21,9030083,9,15,96,188,10.66666667,12.53333333,31.45043074,2.65778288,FTP-Patator
21,8588122,9,15,103,188,11.44444444,12.53333333,33.88400863,2.794557413,FTP-Patator
21,16,2,0,14,0,7.0,0.0,875000.0,125000.0,FTP-Patator
21,8766562,9,15,111,188,12.33333333,12.53333333,34.10687109,2.737675271,FTP-Patator
21,9296939,9,15,123,188,13.66666667,12.53333333,33.45187056,2.581494834,FTP-Patator
21,9721839,9,15,114,188,12.66666667,12.53333333,31.0640816,2.468668736,FTP-Patator
21,318,2,1,14,0,7.0,0.0,44025.15723,9433.962264,FTP-Patator
21,49,2,0,14,0,7.0,0.0,285714.2857,40816.32653,FTP-Patator
21,8505028,9,15,102,188,11.33333333,12.53333333,34.0974774,2.821860198,FTP-Patator
21,9078831,9,15,108,188,12.0,12.53333333,32.60331644,2.643512144,FTP-Patator
21,248,2,1,14,0,7.0,0.0,56451.6129,12096.77419,FTP-Patator
21,8498618,9,15,95,188,10.55555556,12.53333333,33.29953176,2.823988559,FTP-Patator
21,8858795,9,15,106,188,11.77777778,12.53333333,33.18735787,2.709172071,FTP-Patator
21,8935621,9,15,111,188,12.33333333,12.53333333,33.46158034,2.685879359,FTP-Patator
21,8959676,9,15,102,188,11.33333333,12.53333333,32.36724185,2.678668291,FTP-Patator
21,9374177,9,15,107,188,11.88888889,12.53333333,31.46942926,2.560224754,FTP-Patator
21,3,2,0,14,0,7.0,0.0,4666666.667,666666.6667,FTP-Patator
21,3,2,0,14,0,7.0,0.0,4666666.667,666666.6667,FTP-Patator
21,9053365,9,15,104,188,11.55555556,12.53333333,32.25320088,2.650948018,FTP-Patator
21,273,2,1,14,0,7.0,0.0,51282.05128,10989.01099,FTP-Patator
21,9409707,9,15,104,188,11.55555556,12.53333333,31.03178452,2.550557632,FTP-Patator
21,8582703,9,15,106,188,11.77777778,12.53333333,34.25494276,2.796321858,FTP-Patator
21,7989983,9,15,99,188,11.0,12.53333333,35.9199763,3.003761084,FTP-Patator
21,4,2,0,14,0,7.0,0.0,3500000.0,500000.0,FTP-Patator
21,252,2,1,14,0,7.0,0.0,55555.55556,11904.7619,FTP-Patator
21,43,2,0,14,0,7.0,0.0,325581.3953,46511.62791,FTP-Patator
21,7963858,9,15,112,188,12.44444444,12.53333333,37.67018448,3.013614758,FTP-Patator
21,48,2,0,14,0,7.0,0.0,291666.6667,41666.66667,FTP-Patator
21,239,2,1,14,0,7.0,0.0,58577.40586,12552.30126,FTP-Patator
21,8906756,9,15,107,188,11.88888889,12.53333333,33.12092528,2.694583752,FTP-Patator
21,3,2,0,14,0,7.0,0.0,4666666.667,666666.6667,FTP-Patator
21,236,2,1,14,0,7.0,0.0,59322.0339,12711.86441,FTP-Patator
21,9277312,9,15,102,188,11.33333333,12.53333333,31.25905435,2.586956222,FTP-Patator
21,281,2,1,14,0,7.0,0.0,49822.06406,10676.15658,FTP-Patator
21,8731562,9,15,95,188,10.55555556,12.53333333,32.41115393,2.748649096,FTP-Patator
21,9427128,9,15,114,188,12.66666667,12.53333333,32.03520733,2.545844291,FTP-Patator
21,325,2,1,14,0,7.0,0.0,43076.92308,9230.769231,FTP-Patator
21,9638712,9,15,118,188,13.11111111,12.53333333,31.7469803,2.489959239,FTP-Patator
21,283,2,1,14,0,7.0,0.0,49469.96466,10600.70671,FTP-Patator
21,8419567,9,15,107,188,11.88888889,12.53333333,35.03743126,2.850502882,FTP-Patator
21,8455024,9,15,106,188,11.77777778,12.53333333,34.77222537,2.838549009,FTP-Patator
21,8725502,9,15,98,188,10.88888889,12.53333333,32.77748375,2.750558077,FTP-Patator
21,9267506,9,15,99,188,11.0,12.53333333,30.96841804,2.589693495,FTP-Patator
21,8612630,9,15,104,188,11.55555556,12.53333333,33.90369724,2.786605253,FTP-Patator
21,8898212,9,15,112,188,12.44444444,12.53333333,33.7146384,2.697171072,FTP-Patator
21,8830544,9,15,103,188,11.44444444,12.53333333,32.95380217,2.717839354,FTP-Patator
21,7929763,9,15,105,188,11.66666667,12.53333333,36.94940189,3.026572169,FTP-Patator
21,215,2,1,14,0,7.0,0.0,65116.27907,13953.48837,FTP-Patator
21,42,2,0,14,0,7.0,0.0,333333.3333,47619.04762,FTP-Patator
21,8337029,9,15,131,188,14.55555556,12.53333333,38.26303111,2.878723344,FTP-Patator
21,4,2,0,14,0,7.0,0.0,3500000.0,500000.0,FTP-Patator
21,49,2,0,14,0,7.0,0.0,285714.2857,40816.32653,FTP-Patator
21,213,2,1,14,0,7.0,0.0,65727.69953,14084.50704,FTP-Patator
21,9887055,9,15,109,188,12.11111111,12.53333333,30.03927863,2.427416455,FTP-Patator
21,227,2,1,14,0,7.0,0.0,61674.00881,13215.85903,FTP-Patator
21,8786309,9,15,99,188,11.0,12.53333333,32.66445558,2.731522417,FTP-Patator
21,272,2,1,14,0,7.0,0.0,51470.58824,11029.41176,FTP-Patator
21,8732258,9,15,101,188,11.22222222,12.53333333,33.09567812,2.748430017,FTP-Patator
21,9429120,9,15,104,188,11.55555556,12.53333333,30.9678952,2.545306455,FTP-Patator
21,248,2,1,14,0,7.0,0.0,56451.6129,12096.77419,FTP-Patator
21,260,2,1,14,0,7.0,0.0,53846.15385,11538.46154,FTP-Patator
21,2,2,0,14,0,7.0,0.0,7000000.0,1000000.0,FTP-Patator
21,9159085,9,15,107,188,11.88888889,12.53333333,32.2084575,2.620349085,FTP-Patator
21,9627701,9,15,116,188,12.88888889,12.53333333,31.57555475,2.492806954,FTP-Patator
21,8897407,9,15,125,188,13.88888889,12.53333333,35.17878861,2.697415101,FTP-Patator
21,10078034,9,15,109,188,12.11111111,12.53333333,29.47003354,2.381416852,FTP-Patator
21,17,2,0,14,0,7.0,0.0,823529.4118,117647.0588,FTP-Patator
21,8524779,9,15,103,188,11.44444444,12.53333333,34.13578229,2.815322251,FTP-Patator
21,3,2,0,14,0,7.0,0.0,4666666.667,666666.6667,FTP-Patator
21,8731830,9,15,109,188,12.11111111,12.53333333,34.01348858,2.748564734,FTP-Patator
21,9943274,9,15,118,188,13.11111111,12.53333333,30.77457184,2.413691909,FTP-Patator
21,8247304,9,15,107,188,11.88888889,12.53333333,35.76926472,2.910041876,FTP-Patator
21,216,2,1,14,0,7.0,0.0,64814.81481,13888.88889,FTP-Patator
21,4,2,0,14,0,7.0,0.0,3500000.0,500000.0,FTP-Patator
21,4,2,0,14,0,7.0,0.0,3500000.0,500000.0,FTP-Patator
21,253,2,1,14,0,7.0,0.0,55335.96838,11857.70751,FTP-Patator
21,259,2,1,14,0,7.0,0.0,54054.05405,11583.01158,FTP-Patator
21,1,2,0,14,0,7.0,0.0,14000000.0,2000000.0,FTP-Patator
21,9326490,9,15,123,188,13.66666667,12.53333333,33.34587825,2.573315363,FTP-Patator
21,8893348,9,15,111,188,12.33333333,12.53333333,33.62063421,2.698646224,FTP-Patator
21,8670649,9,15,107,188,11.88888889,12.53333333,34.02282805,2.767958892,FTP-Patator
21,10013289,9,15,104,188,11.55555556,12.53333333,29.16124762,2.396814873,FTP-Patator
21,270,2,1,14,0,7.0,0.0,51851.85185,11111.11111,FTP-Patator
21,258,2,1,14,0,7.0,0.0,54263.56589,11627.90698,FTP-Patator
21,230,2,1,14,0,7.0,0.0,60869.56522,13043.47826,FTP-Patator
21,3,2,0,14,0,7.0,0.0,4666666.667,666666.6667,FTP-Patator
21,7750520,9,15,107,188,11.88888889,12.53333333,38.06196229,3.096566424,FTP-Patator
21,220,2,1,14,0,7.0,0.0,63636.36364,13636.36364,FTP-Patator
21,9013229,9,15,100,188,11.11111111,12.53333333,31.95303259,2.662752716,FTP-Patator
21,3,2,0,14,0,7.0,0.0,4666666.667,666666.6667,FTP-Patator
21,223,2,1,14,0,7.0,0.0,62780.26906,13452.9148,FTP-Patator
21,247,2,1,14,0,7.0,0.0,56680.16194,12145.74899,FTP-Patator
21,3,2,0,14,0,7.0,0.0,4666666.667,666666.6667,FTP-Patator
21,249,2,1,14,0,7.0,0.0,56224.8996,12048.19277,FTP-Patator
21,3,2,0,14,0,7.0,0.0,4666666.667,666666.6667,FTP-Patator
21,3,2,0,14,0,7.0,0.0,4666666.667,666666.6667,FTP-Patator
21,48,2,0,14,0,7.0,0.0,291666.6667,41666.66667,FTP-Patator
21,265,2,1,14,0,7.0,0.0,52830.18868,11320.75472,FTP-Patator
21,8827737,9,15,99,188,11.0,12.53333333,32.51116339,2.718703559,FTP-Patator
21,4,2,0,14,0,7.0,0.0,3500000.0,500000.0,FTP-Patator
21,9183779,9,15,102,188,11.33333333,12.53333333,31.57741492,2.613303304,FTP-Patator
21,246,2,1,14,0,7.0,0.0,56910.56911,12195.12195,FTP-Patator
21,10503314,9,15,102,188,11.33333333,12.53333333,27.61033327,2.284993098,FTP-Patator
21,9348824,9,15,101,188,11.22222222,12.53333333,30.912979,2.567167806,FTP-Patator
21,9060383,9,15,100,188,11.11111111,12.53333333,31.78673573,2.648894644,FTP-Patator
21,9406060,9,15,104,188,11.55555556,12.53333333,31.04381643,2.551546556,FTP-Patator
21,41,2,0,14,0,7.0,0.0,341463.4146,48780.4878,FTP-Patator
21,267,2,1,14,0,7.0,0.0,52434.45693,11235.95506,FTP-Patator
21,9195943,9,15,111,188,12.33333333,12.53333333,32.51433812,2.609846538,FTP-Patator
21,8710953,9,15,106,188,11.77777778,12.53333333,33.75061259,2.755152048,FTP-Patator
21,9054800,9,15,108,188,12.0,12.53333333,32.68984406,2.650527897,FTP-Patator
21,8950918,9,15,100,188,11.11111111,12.53333333,32.17547072,2.681289226,FTP-Patator
21,266,2,1,14,0,7.0,0.0,52631.57895,11278.19549,FTP-Patator
21,219,2,1,14,0,7.0,0.0,63926.94064,13698.63014,FTP-Patator
21,48,1,1,14,0,14.0,0.0,291666.6667,41666.66667,FTP-Patator
21,9428343,9,15,105,188,11.66666667,12.53333333,31.07651047,2.545516216,FTP-Patator
21,8429336,9,15,102,188,11.33333333,12.53333333,34.40365884,2.847199352,FTP-Patator
21,8967827,9,15,108,188,12.0,12.53333333,33.00688115,2.676233607,FTP-Patator
21,10036247,9,15,116,188,12.88888889,12.53333333,30.29020709,2.391332138,FTP-Patator
21,9317492,9,15,111,188,12.33333333,12.53333333,32.09018049,2.575800441,FTP-Patator
21,17,2,0,14,0,7.0,0.0,823529.4118,117647.0588,FTP-Patator
21,249,2,1,14,0,7.0,0.0,56224.8996,12048.19277,FTP-Patator
21,7882645,9,15,104,188,11.55555556,12.53333333,37.04340358,3.044663308,FTP-Patator
21,9169965,9,15,99,188,11.0,12.53333333,31.29782938,2.617240088,FTP-Patator
21,9900044,9,15,106,188,11.77777778,12.53333333,29.69683771,2.42423165,FTP-Patator
21,8685890,9,15,104,188,11.55555556,12.53333333,33.61774096,2.763101996,FTP-Patator
21,229,2,1,14,0,7.0,0.0,61135.37118,13100.43668,FTP-Patator
21,3,2,0,14,0,7.0,0.0,4666666.667,666666.6667,FTP-Patator
21,10103653,9,15,104,188,11.55555556,12.53333333,28.90043829,2.375378489,FTP-Patator
21,8826137,9,15,108,188,12.0,12.53333333,33.53675566,2.719196405,FTP-Patator
21,212,2,1,14,0,7.0,0.0,66037.73585,14150.9434,FTP-Patator
21,220,2,1,14,0,7.0,0.0,63636.36364,13636.36364,FTP-Patator
21,48,2,0,14,0,7.0,0.0,291666.6667,41666.66667,FTP-Patator
21,276,2,1,14,0,7.0,0.0,50724.63768,10869.56522,FTP-Patator
21,9599499,9,15,112,188,12.44444444,12.53333333,31.25163094,2.500130476,FTP-Patator
21,8900946,9,15,110,188,12.22222222,12.53333333,33.47958745,2.696342613,FTP-Patator
21,8783927,9,15,105,188,11.66666667,12.53333333,33.35637921,2.732263144,FTP-Patator
21,224,2,1,14,0,7.0,0.0,62500.0,13392.85714,FTP-Patator
21,8844685,9,15,105,188,11.66666667,12.53333333,33.12723969,2.713494036,FTP-Patator
21,9598260,9,15,103,188,11.44444444,12.53333333,30.31799514,2.500453207,FTP-Patator
21,9513283,9,15,113,188,12.55555556,12.53333333,31.63997119,2.5227884,FTP-Patator
21,247,2,1,14,0,7.0,0.0,56680.16194,12145.74899,FTP-Patator
21,9197959,9,15,101,188,11.22222222,12.53333333,31.42001394,2.609274514,FTP-Patator
21,1,2,0,14,0,7.0,0.0,14000000.0,2000000.0,FTP-Patator
21,234,2,1,14,0,7.0,0.0,59829.05983,12820.51282,FTP-Patator
21,8693370,9,15,95,188,10.55555556,12.53333333,32.55354368,2.760724552,FTP-Patator
21,9610873,9,15,110,188,12.22222222,12.53333333,31.00654852,2.497171693,FTP-Patator
21,8367147,9,15,111,188,12.33333333,12.53333333,35.73500023,2.868361223,FTP-Patator
21,8713152,9,15,106,188,11.77777778,12.53333333,33.74209471,2.754456711,FTP-Patator
21,4,2,0,14,0,7.0,0.0,3500000.0,500000.0,FTP-Patator
21,8492698,9,15,104,188,11.55555556,12.53333333,34.38247775,2.825957075,FTP-Patator
21,7861213,9,15,94,188,10.44444444,12.53333333,35.87232657,3.052963964,FTP-Patator
21,8730111,9,15,109,188,12.11111111,12.53333333,34.020186,2.749105939,FTP-Patator
21,233,2,1,14,0,7.0,0.0,60085.83691,12875.53648,FTP-Patator
21,3,2,0,14,0,7.0,0.0,4666666.667,666666.6667,FTP-Patator
21,4,2,0,14,0,7.0,0.0,3500000.0,500000.0,FTP-Patator
21,9222069,9,15,114,188,12.66666667,12.53333333,32.74753203,2.602452877,FTP-Patator
21,231,2,1,14,0,7.0,0.0,60606.06061,12987.01299,FTP-Patator
21,9494989,9,15,102,188,11.33333333,12.53333333,30.54242612,2.527649058,FTP-Patator
21,3,2,0,14,0,7.0,0.0,4666666.667,666666.6667,FTP-Patator
21,4475174,9,8,31,96,3.444444444,12.0,28.37878482,3.798734977,FTP-Patator
21,9789505,9,15,102,188,11.33333333,12.53333333,29.62356115,2.451605061,FTP-Patator
21,9138501,9,15,104,188,11.55555556,12.53333333,31.95272398,2.626251286,FTP-Patator
21,272,2,1,14,0,7.0,0.0,51470.58824,11029.41176,FTP-Patator
21,198,2,1,14,0,7.0,0.0,70707.07071,15151.51515,FTP-Patator
21,8939340,9,15,114,188,12.66666667,12.53333333,33.78325469,2.684761962,FTP-Patator
21,4,2,0,14,0,7.0,0.0,3500000.0,500000.0,FTP-Patator
21,8998441,9,15,135,188,15.0,12.53333333,35.89510672,2.667128673,FTP-Patator
21,3,2,0,14,0,7.0,0.0,4666666.667,666666.6667,FTP-Patator
21,9444013,9,15,104,188,11.55555556,12.53333333,30.91905951,2.541292563,FTP-Patator
21,8594296,9,15,109,188,12.11111111,12.53333333,34.55780439,2.792549849,FTP-Patator
21,9324183,9,15,102,188,11.33333333,12.53333333,31.10192067,2.573952056,FTP-Patator
21,3,2,0,14,0,7.0,0.0,4666666.667,666666.6667,FTP-Patator
21,214,2,1,14,0,7.0,0.0,65420.56075,14018.69159,FTP-Patator
21,3,2,0,14,0,7.0,0.0,4666666.667,666666.6667,FTP-Patator
21,230,2,1,14,0,7.0,0.0,60869.56522,13043.47826,FTP-Patator
21,45,2,0,14,0,7.0,0.0,311111.1111,44444.44444,FTP-Patator
21,200,2,1,14,0,7.0,0.0,70000.0,15000.0,FTP-Patator
21,3,2,0,14,0,7.0,0.0,4666666.667,666666.6667,FTP-Patator
21,1,2,0,14,0,7.0,0.0,14000000.0,2000000.0,FTP-Patator
21,9808196,9,15,114,188,12.66666667,12.53333333,30.79057556,2.446933157,FTP-Patator
21,259,2,1,14,0,7.0,0.0,54054.05405,11583.01158,FTP-Patator
21,276,2,1,14,0,7.0,0.0,50724.63768,10869.56522,FTP-Patator
21,68,2,0,14,0,7.0,0.0,205882.3529,29411.76471,FTP-Patator
21,8042536,9,15,115,188,12.77777778,12.53333333,37.67468371,2.984133363,FTP-Patator
21,8856871,9,15,121,188,13.44444444,12.53333333,34.88816762,2.709760592,FTP-Patator
21,9367127,9,15,99,188,11.0,12.53333333,30.63906361,2.562151661,FTP-Patator
21,17,2,0,14,0,7.0,0.0,823529.4118,117647.0588,FTP-Patator
21,8631039,9,15,95,188,10.55555556,12.53333333,32.78863646,2.780661749,FTP-Patator
21,238,2,1,14,0,7.0,0.0,58823.52941,12605.04202,FTP-Patator
21,261,2,1,14,0,7.0,0.0,53639.84674,11494.25287,FTP-Patator
21,8707951,9,15,102,188,11.33333333,12.53333333,33.30289755,2.756101866,FTP-Patator
21,243,2,1,14,0,7.0,0.0,57613.16872,12345.67901,FTP-Patator
21,219,2,1,14,0,7.0,0.0,63926.94064,13698.63014,FTP-Patator
21,8726665,9,15,107,188,11.88888889,12.53333333,33.80443732,2.750191511,FTP-Patator
21,9903643,9,15,103,188,11.44444444,12.53333333,29.383127,2.42335068,FTP-Patator
21,8527607,9,15,117,188,13.0,12.53333333,35.76618857,2.814388609,FTP-Patator
21,250,2,1,14,0,7.0,0.0,56000.0,12000.0,FTP-Patator
21,9068990,9,15,119,188,13.22222222,12.53333333,33.85161964,2.646380688,FTP-Patator
21,205,2,1,14,0,7.0,0.0,68292.68293,14634.14634,FTP-Patator
21,249,2,1,14,0,7.0,0.0,56224.8996,12048.19277,FTP-Patator
21,8143947,9,15,93,188,10.33333333,12.53333333,34.50415382,2.946973992,FTP-Patator
21,255,2,1,14,0,7.0,0.0,54901.96078,11764.70588,FTP-Patator
21,8255803,9,15,108,188,12.0,12.53333333,35.8535687,2.90704611,FTP-Patator
21,8922271,9,15,106,188,11.77777778,12.53333333,32.95125199,2.689898121,FTP-Patator
21,9207463,9,15,107,188,11.88888889,12.53333333,32.03922731,2.606581205,FTP-Patator
21,225,2,1,14,0,7.0,0.0,62222.22222,13333.33333,FTP-Patator
21,9506909,9,15,108,188,12.0,12.53333333,31.13525122,2.524479828,FTP-Patator
21,9735125,9,15,99,188,11.0,12.53333333,29.48087467,2.465299624,FTP-Patator
21,3,2,0,14,0,7.0,0.0,4666666.667,666666.6667,FTP-Patator
21,4,2,0,14,0,7.0,0.0,3500000.0,500000.0,FTP-Patator
21,8654871,9,15,105,188,11.66666667,12.53333333,33.85376859,2.773004936,FTP-Patator
21,9636922,9,15,107,188,11.88888889,12.53333333,30.61143382,2.490421734,FTP-Patator
21,9190515,9,15,104,188,11.55555556,12.53333333,31.77188656,2.611387936,FTP-Patator
21,220,2,1,14,0,7.0,0.0,63636.36364,13636.36364,FTP-Patator
21,242,2,1,14,0,7.0,0.0,57851.23967,12396.69421,FTP-Patator
21,9433615,9,15,112,188,12.44444444,12.53333333,31.8011706,2.544093648,FTP-Patator
21,8816192,9,15,107,188,11.88888889,12.53333333,33.46115874,2.722263762,FTP-Patator
21,3,2,0,14,0,7.0,0.0,4666666.667,666666.6667,FTP-Patator
21,221,2,1,14,0,7.0,0.0,63348.41629,13574.66063,FTP-Patator
21,223,2,1,14,0,7.0,0.0,62780.26906,13452.9148,FTP-Patator
21,8759096,9,15,108,188,12.0,12.53333333,33.7934417,2.740008786,FTP-Patator
21,217,2,1,14,0,7.0,0.0,64516.12903,13824.88479,FTP-Patator
21,9570314,9,15,103,188,11.44444444,12.53333333,30.40652585,2.507754709,FTP-Patator
